/*
 Navicat Premium Data Transfer

 Source Server         : localhost
 Source Server Type    : MySQL
 Source Server Version : 50721
 Source Host           : localhost:3306
 Source Schema         : ry

 Target Server Type    : MySQL
 Target Server Version : 50721
 File Encoding         : 65001

 Date: 29/10/2020 11:34:17
*/

SET NAMES utf8mb4;
SET FOREIGN_KEY_CHECKS = 0;

-- ----------------------------
-- Table structure for act_evt_log
-- ----------------------------
DROP TABLE IF EXISTS `act_evt_log`;
CREATE TABLE `act_evt_log`  (
  `LOG_NR_` bigint(20) NOT NULL AUTO_INCREMENT,
  `TYPE_` varchar(64) CHARACTER SET utf8 COLLATE utf8_bin NULL DEFAULT NULL,
  `PROC_DEF_ID_` varchar(64) CHARACTER SET utf8 COLLATE utf8_bin NULL DEFAULT NULL,
  `PROC_INST_ID_` varchar(64) CHARACTER SET utf8 COLLATE utf8_bin NULL DEFAULT NULL,
  `EXECUTION_ID_` varchar(64) CHARACTER SET utf8 COLLATE utf8_bin NULL DEFAULT NULL,
  `TASK_ID_` varchar(64) CHARACTER SET utf8 COLLATE utf8_bin NULL DEFAULT NULL,
  `TIME_STAMP_` timestamp(3) NOT NULL DEFAULT CURRENT_TIMESTAMP(3) ON UPDATE CURRENT_TIMESTAMP(3),
  `USER_ID_` varchar(255) CHARACTER SET utf8 COLLATE utf8_bin NULL DEFAULT NULL,
  `DATA_` longblob NULL,
  `LOCK_OWNER_` varchar(255) CHARACTER SET utf8 COLLATE utf8_bin NULL DEFAULT NULL,
  `LOCK_TIME_` timestamp(3) NULL DEFAULT NULL,
  `IS_PROCESSED_` tinyint(4) NULL DEFAULT 0,
  PRIMARY KEY (`LOG_NR_`) USING BTREE
) ENGINE = InnoDB AUTO_INCREMENT = 1 CHARACTER SET = utf8 COLLATE = utf8_bin ROW_FORMAT = Dynamic;

-- ----------------------------
-- Records of act_evt_log
-- ----------------------------

-- ----------------------------
-- Table structure for act_ge_bytearray
-- ----------------------------
DROP TABLE IF EXISTS `act_ge_bytearray`;
CREATE TABLE `act_ge_bytearray`  (
  `ID_` varchar(64) CHARACTER SET utf8 COLLATE utf8_bin NOT NULL,
  `REV_` int(11) NULL DEFAULT NULL,
  `NAME_` varchar(255) CHARACTER SET utf8 COLLATE utf8_bin NULL DEFAULT NULL,
  `DEPLOYMENT_ID_` varchar(64) CHARACTER SET utf8 COLLATE utf8_bin NULL DEFAULT NULL,
  `BYTES_` longblob NULL,
  `GENERATED_` tinyint(4) NULL DEFAULT NULL,
  PRIMARY KEY (`ID_`) USING BTREE,
  INDEX `ACT_FK_BYTEARR_DEPL`(`DEPLOYMENT_ID_`) USING BTREE,
  CONSTRAINT `ACT_FK_BYTEARR_DEPL` FOREIGN KEY (`DEPLOYMENT_ID_`) REFERENCES `act_re_deployment` (`ID_`) ON DELETE RESTRICT ON UPDATE RESTRICT
) ENGINE = InnoDB CHARACTER SET = utf8 COLLATE = utf8_bin ROW_FORMAT = Dynamic;

-- ----------------------------
-- Records of act_ge_bytearray
-- ----------------------------
INSERT INTO `act_ge_bytearray` VALUES ('2', 1, 'D:/ruoyi/uploadPath/processDefiniton/2020/10/27/de324d4c-f0fd-4c3a-ade3-f3208f61d5bc.bpmn', '1', 0x3C3F786D6C2076657273696F6E3D22312E302220656E636F64696E673D225554462D38223F3E0D0A3C646566696E6974696F6E7320786D6C6E733D22687474703A2F2F7777772E6F6D672E6F72672F737065632F42504D4E2F32303130303532342F4D4F44454C2220786D6C6E733A7873693D22687474703A2F2F7777772E77332E6F72672F323030312F584D4C536368656D612D696E7374616E63652220786D6C6E733A7873643D22687474703A2F2F7777772E77332E6F72672F323030312F584D4C536368656D612220786D6C6E733A61637469766974693D22687474703A2F2F61637469766974692E6F72672F62706D6E2220786D6C6E733A62706D6E64693D22687474703A2F2F7777772E6F6D672E6F72672F737065632F42504D4E2F32303130303532342F44492220786D6C6E733A6F6D6764633D22687474703A2F2F7777772E6F6D672E6F72672F737065632F44442F32303130303532342F44432220786D6C6E733A6F6D6764693D22687474703A2F2F7777772E6F6D672E6F72672F737065632F44442F32303130303532342F44492220747970654C616E67756167653D22687474703A2F2F7777772E77332E6F72672F323030312F584D4C536368656D61222065787072657373696F6E4C616E67756167653D22687474703A2F2F7777772E77332E6F72672F313939392F585061746822207461726765744E616D6573706163653D22687474703A2F2F7777772E6B6166656974752E6D652F61637469766974692F6C65617665223E0D0A20203C70726F636573732069643D226C6561766522206E616D653D22E8AFB7E58187E6B581E7A88B2DE699AEE9809AE8A1A8E58D952220697345786563757461626C653D2274727565223E0D0A202020203C646F63756D656E746174696F6E3EE8AFB7E58187E6B581E7A88BE6BC94E7A4BA3C2F646F63756D656E746174696F6E3E0D0A202020203C73746172744576656E742069643D2273746172746576656E743122206E616D653D225374617274222061637469766974693A696E69746961746F723D226170706C79557365724964223E3C2F73746172744576656E743E0D0A202020203C757365725461736B2069643D22646570744C656164657256657269667922206E616D653D22E983A8E997A8E9A286E5AFBCE5AEA1E689B9222061637469766974693A63616E64696461746547726F7570733D22646570744C6561646572223E3C2F757365725461736B3E0D0A202020203C6578636C7573697665476174657761792069643D226578636C7573697665676174657761793522206E616D653D224578636C75736976652047617465776179223E3C2F6578636C7573697665476174657761793E0D0A202020203C757365725461736B2069643D226D6F646966794170706C7922206E616D653D22E8B083E695B4E794B3E8AFB7222061637469766974693A61737369676E65653D22247B6170706C795573657249647D223E3C2F757365725461736B3E0D0A202020203C757365725461736B2069643D22687256657269667922206E616D653D22E4BABAE4BA8BE5AEA1E689B9222061637469766974693A63616E64696461746547726F7570733D226872223E3C2F757365725461736B3E0D0A202020203C6578636C7573697665476174657761792069643D226578636C7573697665676174657761793622206E616D653D224578636C75736976652047617465776179223E3C2F6578636C7573697665476174657761793E0D0A202020203C757365725461736B2069643D227265706F72744261636B22206E616D653D22E99480E58187222061637469766974693A61737369676E65653D22247B6170706C795573657249647D223E0D0A2020202020203C657874656E73696F6E456C656D656E74733E0D0A20202020202020203C61637469766974693A7461736B4C697374656E6572206576656E743D22636F6D706C657465222064656C656761746545787072657373696F6E3D22247B7265706F72744261636B456E6450726F636573736F727D223E3C2F61637469766974693A7461736B4C697374656E65723E0D0A2020202020203C2F657874656E73696F6E456C656D656E74733E0D0A202020203C2F757365725461736B3E0D0A202020203C656E644576656E742069643D22656E646576656E743122206E616D653D22456E64223E3C2F656E644576656E743E0D0A202020203C6578636C7573697665476174657761792069643D226578636C7573697665676174657761793722206E616D653D224578636C75736976652047617465776179223E3C2F6578636C7573697665476174657761793E0D0A202020203C73657175656E6365466C6F772069643D22666C6F77322220736F757263655265663D2273746172746576656E743122207461726765745265663D22646570744C6561646572566572696679223E3C2F73657175656E6365466C6F773E0D0A202020203C73657175656E6365466C6F772069643D22666C6F77332220736F757263655265663D22646570744C656164657256657269667922207461726765745265663D226578636C75736976656761746577617935223E3C2F73657175656E6365466C6F773E0D0A202020203C73657175656E6365466C6F772069643D22666C6F773422206E616D653D22E4B88DE5908CE6848F2220736F757263655265663D226578636C7573697665676174657761793522207461726765745265663D226D6F646966794170706C79223E0D0A2020202020203C636F6E646974696F6E45787072657373696F6E207873693A747970653D2274466F726D616C45787072657373696F6E223E3C215B43444154415B247B21646570744C6561646572417070726F7665647D5D5D3E3C2F636F6E646974696F6E45787072657373696F6E3E0D0A202020203C2F73657175656E6365466C6F773E0D0A202020203C73657175656E6365466C6F772069643D22666C6F773522206E616D653D22E5908CE6848F2220736F757263655265663D226578636C7573697665676174657761793522207461726765745265663D226872566572696679223E0D0A2020202020203C636F6E646974696F6E45787072657373696F6E207873693A747970653D2274466F726D616C45787072657373696F6E223E3C215B43444154415B247B646570744C6561646572417070726F7665647D5D5D3E3C2F636F6E646974696F6E45787072657373696F6E3E0D0A202020203C2F73657175656E6365466C6F773E0D0A202020203C73657175656E6365466C6F772069643D22666C6F77362220736F757263655265663D22687256657269667922207461726765745265663D226578636C75736976656761746577617936223E3C2F73657175656E6365466C6F773E0D0A202020203C73657175656E6365466C6F772069643D22666C6F773722206E616D653D22E5908CE6848F2220736F757263655265663D226578636C7573697665676174657761793622207461726765745265663D227265706F72744261636B223E0D0A2020202020203C636F6E646974696F6E45787072657373696F6E207873693A747970653D2274466F726D616C45787072657373696F6E223E3C215B43444154415B247B6872417070726F7665647D5D5D3E3C2F636F6E646974696F6E45787072657373696F6E3E0D0A202020203C2F73657175656E6365466C6F773E0D0A202020203C73657175656E6365466C6F772069643D22666C6F77382220736F757263655265663D227265706F72744261636B22207461726765745265663D22656E646576656E7431223E3C2F73657175656E6365466C6F773E0D0A202020203C73657175656E6365466C6F772069643D22666C6F773922206E616D653D22E4B88DE5908CE6848F2220736F757263655265663D226578636C7573697665676174657761793622207461726765745265663D226D6F646966794170706C79223E0D0A2020202020203C636F6E646974696F6E45787072657373696F6E207873693A747970653D2274466F726D616C45787072657373696F6E223E3C215B43444154415B247B216872417070726F7665647D5D5D3E3C2F636F6E646974696F6E45787072657373696F6E3E0D0A202020203C2F73657175656E6365466C6F773E0D0A202020203C73657175656E6365466C6F772069643D22666C6F77313022206E616D653D22E9878DE696B0E794B3E8AFB72220736F757263655265663D226578636C7573697665676174657761793722207461726765745265663D22646570744C6561646572566572696679223E0D0A2020202020203C636F6E646974696F6E45787072657373696F6E207873693A747970653D2274466F726D616C45787072657373696F6E223E3C215B43444154415B247B72654170706C797D5D5D3E3C2F636F6E646974696F6E45787072657373696F6E3E0D0A202020203C2F73657175656E6365466C6F773E0D0A202020203C73657175656E6365466C6F772069643D22666C6F7731312220736F757263655265663D226D6F646966794170706C7922207461726765745265663D226578636C75736976656761746577617937223E3C2F73657175656E6365466C6F773E0D0A202020203C73657175656E6365466C6F772069643D22666C6F77313222206E616D653D22E7BB93E69D9FE6B581E7A88B2220736F757263655265663D226578636C7573697665676174657761793722207461726765745265663D22656E646576656E7431223E0D0A2020202020203C636F6E646974696F6E45787072657373696F6E207873693A747970653D2274466F726D616C45787072657373696F6E223E3C215B43444154415B247B2172654170706C797D5D5D3E3C2F636F6E646974696F6E45787072657373696F6E3E0D0A202020203C2F73657175656E6365466C6F773E0D0A20203C2F70726F636573733E0D0A20203C62706D6E64693A42504D4E4469616772616D2069643D2242504D4E4469616772616D5F6C65617665223E0D0A202020203C62706D6E64693A42504D4E506C616E652062706D6E456C656D656E743D226C65617665222069643D2242504D4E506C616E655F6C65617665223E0D0A2020202020203C62706D6E64693A42504D4E53686170652062706D6E456C656D656E743D2273746172746576656E7431222069643D2242504D4E53686170655F73746172746576656E7431223E0D0A20202020202020203C6F6D6764633A426F756E6473206865696768743D2233352E30222077696474683D2233352E302220783D22302E302220793D2234362E30223E3C2F6F6D6764633A426F756E64733E0D0A2020202020203C2F62706D6E64693A42504D4E53686170653E0D0A2020202020203C62706D6E64693A42504D4E53686170652062706D6E456C656D656E743D22646570744C6561646572566572696679222069643D2242504D4E53686170655F646570744C6561646572566572696679223E0D0A20202020202020203C6F6D6764633A426F756E6473206865696768743D2235352E30222077696474683D223130352E302220783D2238302E302220793D2233362E30223E3C2F6F6D6764633A426F756E64733E0D0A2020202020203C2F62706D6E64693A42504D4E53686170653E0D0A2020202020203C62706D6E64693A42504D4E53686170652062706D6E456C656D656E743D226578636C75736976656761746577617935222069643D2242504D4E53686170655F6578636C75736976656761746577617935223E0D0A20202020202020203C6F6D6764633A426F756E6473206865696768743D2234302E30222077696474683D2234302E302220783D223234302E302220793D2234332E30223E3C2F6F6D6764633A426F756E64733E0D0A2020202020203C2F62706D6E64693A42504D4E53686170653E0D0A2020202020203C62706D6E64693A42504D4E53686170652062706D6E456C656D656E743D226D6F646966794170706C79222069643D2242504D4E53686170655F6D6F646966794170706C79223E0D0A20202020202020203C6F6D6764633A426F756E6473206865696768743D2235352E30222077696474683D223130352E302220783D223230382E302220793D223131342E30223E3C2F6F6D6764633A426F756E64733E0D0A2020202020203C2F62706D6E64693A42504D4E53686170653E0D0A2020202020203C62706D6E64693A42504D4E53686170652062706D6E456C656D656E743D226872566572696679222069643D2242504D4E53686170655F6872566572696679223E0D0A20202020202020203C6F6D6764633A426F756E6473206865696768743D2235352E30222077696474683D223130352E302220783D223334382E302220793D2233362E30223E3C2F6F6D6764633A426F756E64733E0D0A2020202020203C2F62706D6E64693A42504D4E53686170653E0D0A2020202020203C62706D6E64693A42504D4E53686170652062706D6E456C656D656E743D226578636C75736976656761746577617936222069643D2242504D4E53686170655F6578636C75736976656761746577617936223E0D0A20202020202020203C6F6D6764633A426F756E6473206865696768743D2234302E30222077696474683D2234302E302220783D223438352E302220793D2234332E30223E3C2F6F6D6764633A426F756E64733E0D0A2020202020203C2F62706D6E64693A42504D4E53686170653E0D0A2020202020203C62706D6E64693A42504D4E53686170652062706D6E456C656D656E743D227265706F72744261636B222069643D2242504D4E53686170655F7265706F72744261636B223E0D0A20202020202020203C6F6D6764633A426F756E6473206865696768743D2235352E30222077696474683D223130352E302220783D223538302E302220793D2233362E30223E3C2F6F6D6764633A426F756E64733E0D0A2020202020203C2F62706D6E64693A42504D4E53686170653E0D0A2020202020203C62706D6E64693A42504D4E53686170652062706D6E456C656D656E743D22656E646576656E7431222069643D2242504D4E53686170655F656E646576656E7431223E0D0A20202020202020203C6F6D6764633A426F756E6473206865696768743D2233352E30222077696474683D2233352E302220783D223631352E302220793D223139352E30223E3C2F6F6D6764633A426F756E64733E0D0A2020202020203C2F62706D6E64693A42504D4E53686170653E0D0A2020202020203C62706D6E64693A42504D4E53686170652062706D6E456C656D656E743D226578636C75736976656761746577617937222069643D2242504D4E53686170655F6578636C75736976656761746577617937223E0D0A20202020202020203C6F6D6764633A426F756E6473206865696768743D2234302E30222077696474683D2234302E302220783D223234302E302220793D223139322E30223E3C2F6F6D6764633A426F756E64733E0D0A2020202020203C2F62706D6E64693A42504D4E53686170653E0D0A2020202020203C62706D6E64693A42504D4E456467652062706D6E456C656D656E743D22666C6F7732222069643D2242504D4E456467655F666C6F7732223E0D0A20202020202020203C6F6D6764693A776179706F696E7420783D2233352E302220793D2236332E30223E3C2F6F6D6764693A776179706F696E743E0D0A20202020202020203C6F6D6764693A776179706F696E7420783D2238302E302220793D2236332E30223E3C2F6F6D6764693A776179706F696E743E0D0A2020202020203C2F62706D6E64693A42504D4E456467653E0D0A2020202020203C62706D6E64693A42504D4E456467652062706D6E456C656D656E743D22666C6F7733222069643D2242504D4E456467655F666C6F7733223E0D0A20202020202020203C6F6D6764693A776179706F696E7420783D223138352E302220793D2236332E30223E3C2F6F6D6764693A776179706F696E743E0D0A20202020202020203C6F6D6764693A776179706F696E7420783D223234302E302220793D2236332E30223E3C2F6F6D6764693A776179706F696E743E0D0A2020202020203C2F62706D6E64693A42504D4E456467653E0D0A2020202020203C62706D6E64693A42504D4E456467652062706D6E456C656D656E743D22666C6F7734222069643D2242504D4E456467655F666C6F7734223E0D0A20202020202020203C6F6D6764693A776179706F696E7420783D223236302E302220793D2238332E30223E3C2F6F6D6764693A776179706F696E743E0D0A20202020202020203C6F6D6764693A776179706F696E7420783D223236302E302220793D223131342E30223E3C2F6F6D6764693A776179706F696E743E0D0A20202020202020203C62706D6E64693A42504D4E4C6162656C3E0D0A202020202020202020203C6F6D6764633A426F756E6473206865696768743D2231312E30222077696474683D2233332E302220783D223237302E302220793D2238332E30223E3C2F6F6D6764633A426F756E64733E0D0A20202020202020203C2F62706D6E64693A42504D4E4C6162656C3E0D0A2020202020203C2F62706D6E64693A42504D4E456467653E0D0A2020202020203C62706D6E64693A42504D4E456467652062706D6E456C656D656E743D22666C6F7735222069643D2242504D4E456467655F666C6F7735223E0D0A20202020202020203C6F6D6764693A776179706F696E7420783D223238302E302220793D2236332E30223E3C2F6F6D6764693A776179706F696E743E0D0A20202020202020203C6F6D6764693A776179706F696E7420783D223334382E302220793D2236332E30223E3C2F6F6D6764693A776179706F696E743E0D0A20202020202020203C62706D6E64693A42504D4E4C6162656C3E0D0A202020202020202020203C6F6D6764633A426F756E6473206865696768743D2231312E30222077696474683D2232322E302220783D223330302E302220793D2234362E30223E3C2F6F6D6764633A426F756E64733E0D0A20202020202020203C2F62706D6E64693A42504D4E4C6162656C3E0D0A2020202020203C2F62706D6E64693A42504D4E456467653E0D0A2020202020203C62706D6E64693A42504D4E456467652062706D6E456C656D656E743D22666C6F7736222069643D2242504D4E456467655F666C6F7736223E0D0A20202020202020203C6F6D6764693A776179706F696E7420783D223435332E302220793D2236332E30223E3C2F6F6D6764693A776179706F696E743E0D0A20202020202020203C6F6D6764693A776179706F696E7420783D223438352E302220793D2236332E30223E3C2F6F6D6764693A776179706F696E743E0D0A2020202020203C2F62706D6E64693A42504D4E456467653E0D0A2020202020203C62706D6E64693A42504D4E456467652062706D6E456C656D656E743D22666C6F7737222069643D2242504D4E456467655F666C6F7737223E0D0A20202020202020203C6F6D6764693A776179706F696E7420783D223532352E302220793D2236332E30223E3C2F6F6D6764693A776179706F696E743E0D0A20202020202020203C6F6D6764693A776179706F696E7420783D223538302E302220793D2236332E30223E3C2F6F6D6764693A776179706F696E743E0D0A20202020202020203C62706D6E64693A42504D4E4C6162656C3E0D0A202020202020202020203C6F6D6764633A426F756E6473206865696768743D2231312E30222077696474683D2232322E302220783D223533392E302220793D2234362E30223E3C2F6F6D6764633A426F756E64733E0D0A20202020202020203C2F62706D6E64693A42504D4E4C6162656C3E0D0A2020202020203C2F62706D6E64693A42504D4E456467653E0D0A2020202020203C62706D6E64693A42504D4E456467652062706D6E456C656D656E743D22666C6F7738222069643D2242504D4E456467655F666C6F7738223E0D0A20202020202020203C6F6D6764693A776179706F696E7420783D223633322E302220793D2239312E30223E3C2F6F6D6764693A776179706F696E743E0D0A20202020202020203C6F6D6764693A776179706F696E7420783D223633322E302220793D223139352E30223E3C2F6F6D6764693A776179706F696E743E0D0A2020202020203C2F62706D6E64693A42504D4E456467653E0D0A2020202020203C62706D6E64693A42504D4E456467652062706D6E456C656D656E743D22666C6F7739222069643D2242504D4E456467655F666C6F7739223E0D0A20202020202020203C6F6D6764693A776179706F696E7420783D223530352E302220793D2238332E30223E3C2F6F6D6764693A776179706F696E743E0D0A20202020202020203C6F6D6764693A776179706F696E7420783D223530342E302220793D223134312E30223E3C2F6F6D6764693A776179706F696E743E0D0A20202020202020203C6F6D6764693A776179706F696E7420783D223331332E302220793D223134312E30223E3C2F6F6D6764693A776179706F696E743E0D0A20202020202020203C62706D6E64693A42504D4E4C6162656C3E0D0A202020202020202020203C6F6D6764633A426F756E6473206865696768743D2231312E30222077696474683D2233332E302220783D223531352E302220793D2238332E30223E3C2F6F6D6764633A426F756E64733E0D0A20202020202020203C2F62706D6E64693A42504D4E4C6162656C3E0D0A2020202020203C2F62706D6E64693A42504D4E456467653E0D0A2020202020203C62706D6E64693A42504D4E456467652062706D6E456C656D656E743D22666C6F773130222069643D2242504D4E456467655F666C6F773130223E0D0A20202020202020203C6F6D6764693A776179706F696E7420783D223234302E302220793D223231322E30223E3C2F6F6D6764693A776179706F696E743E0D0A20202020202020203C6F6D6764693A776179706F696E7420783D223133322E302220793D223231322E30223E3C2F6F6D6764693A776179706F696E743E0D0A20202020202020203C6F6D6764693A776179706F696E7420783D223133322E302220793D2239312E30223E3C2F6F6D6764693A776179706F696E743E0D0A20202020202020203C62706D6E64693A42504D4E4C6162656C3E0D0A202020202020202020203C6F6D6764633A426F756E6473206865696768743D2231312E30222077696474683D2234342E302220783D223134322E302220793D223139322E30223E3C2F6F6D6764633A426F756E64733E0D0A20202020202020203C2F62706D6E64693A42504D4E4C6162656C3E0D0A2020202020203C2F62706D6E64693A42504D4E456467653E0D0A2020202020203C62706D6E64693A42504D4E456467652062706D6E456C656D656E743D22666C6F773131222069643D2242504D4E456467655F666C6F773131223E0D0A20202020202020203C6F6D6764693A776179706F696E7420783D223236302E302220793D223136392E30223E3C2F6F6D6764693A776179706F696E743E0D0A20202020202020203C6F6D6764693A776179706F696E7420783D223236302E302220793D223139322E30223E3C2F6F6D6764693A776179706F696E743E0D0A2020202020203C2F62706D6E64693A42504D4E456467653E0D0A2020202020203C62706D6E64693A42504D4E456467652062706D6E456C656D656E743D22666C6F773132222069643D2242504D4E456467655F666C6F773132223E0D0A20202020202020203C6F6D6764693A776179706F696E7420783D223238302E302220793D223231322E30223E3C2F6F6D6764693A776179706F696E743E0D0A20202020202020203C6F6D6764693A776179706F696E7420783D223631352E302220793D223231322E30223E3C2F6F6D6764693A776179706F696E743E0D0A20202020202020203C62706D6E64693A42504D4E4C6162656C3E0D0A202020202020202020203C6F6D6764633A426F756E6473206865696768743D2231312E30222077696474683D2234342E302220783D223432392E302220793D223231392E30223E3C2F6F6D6764633A426F756E64733E0D0A20202020202020203C2F62706D6E64693A42504D4E4C6162656C3E0D0A2020202020203C2F62706D6E64693A42504D4E456467653E0D0A202020203C2F62706D6E64693A42504D4E506C616E653E0D0A20203C2F62706D6E64693A42504D4E4469616772616D3E0D0A3C2F646566696E6974696F6E733E, 0);
INSERT INTO `act_ge_bytearray` VALUES ('3', 1, 'D:/ruoyi/uploadPath/processDefiniton/2020/10/27/de324d4c-f0fd-4c3a-ade3-f3208f61d5bc.leave.png', '1', 0x89504E470D0A1A0A0000000D49484452000002B7000000D308060000009B673B1200002A824944415478DAED9D0D9014D5D9EF3B8624A844430997F01A2FD1585C2AA128CA4821E54B020470239422B03BCC2E1F9B0F88D99084F286A0AF6E61444AA2DC120BF12B8ADF120B059408445811B6C8F20A26BC08B84A9420AEC06E1085200A98BEE719CE19CEF6F6ECCCEC7C75CFFC7E554F4D4F77CF7E9CEEFF79FE73FAE9D38E03000000000000000000000000000000000000000000000000000000C9715DB7D3BBEFBEBB74F3E6CD9FD7D5D5B96BD7AE250210EBD6AD73376EDCF84F1513394B81FE82A0BF00F4893E21454408F5F5F56E7373B3FBD9679F11018A96961677C3860D1F2B618CE74C05FA0B82FE02D027FA8414906F780821D082F84C7DF37B933315E82F08FA0B409FE81352402E5D70D2053B94184E72A602FD05417F01E8137D420A483D08275CE0C5E072A602FD05417F01E8137D4216C5F0AF8FF6BBEF6E79D4DDB9EEB658C8B2ACE364450C407F417F417F01E893409FA112C3D1C34DEE8E3FD7BAFFF3D2CC5621EB641B272C6208105FA309E82FE82FD034FA449FE81331B41BFB76BED8460826DEDFB99213163104853215AE7E05FA0BFA0B348D3ED127FA440CFEF1E6FADF2714836CE384450C0160B88AC32AEED6AFA36912FA0BFA0B348D3ED127FA440CBEB163EDAD09C520DB386111434092E0686BB4A78564487F417F81A6D127FA2C7A7DDE7AEBAD5F5BB468D1ED73E6CCD95A5B5BDB52535373A2AAAACA9D3061422CA64D9B76EAB7BFFDEDE1DB6EBB6DDB7DF7DDF7E02DB7DCF22DC480184856A14A82C9D603FD05FD059A469FE833FCFA9C3B77EE55B367CFFEDBC48913FFAD4CADBB62C50A77FBF6EDB1A7789C3A75CA351C3A74C86D6C6C74D7AC59E3CE9F3FDF95FD95D9DDA73E336DC890219D4A550C7237652231C8364E58925581284B92ECCC76EAF5E82FE82FD034FA449FC5A1CF1933667CF3A69B6EDAF6D39FFEF4DF4B972E8D99D7743871E284BB69D326F7965B6EF9774D4DCD81A953A75E538A62D8BDE9DE8462906D9CB024AB0226C164498ED11EFA0BFA0B348D3ED16771E8B3B6B676FA4F7EF293938F3FFEB87BECD8313753B66CD9E22A737BE2FAEBAF5F515E5EDEA594C470A869BBBBE3E5D96D2F61A875B28D13966455A0CB966539DA1FE82FE82FD034FA2482A5CF1B6FBCF1C15FFCE217A75E7FFD75379B1C3972C45DB468D189EAEAEA0F94C1FD7AA9884162CFD627DA8841D671B292AC0A94044777E073474986F417F417681A7DA2CFD0E9538CEDF4E9D33F977ADA5CF1CC33CF7C3E71E2C48F95C1BDB424C4F0E9A7EEEEBFDCDFF612865A27DB38614956014F825CCEA4BFA0BF40D3E8137D86539F528A2023B6B934B686175E78E15365709BC23E829B4C0CF2C492B7372D4C58A323DB78AA09C92A0F9465298995910CE92FE82FD034FA449FA1D0A7DC3C2635B6DBB66D73F3C5D34F3FFD416565E58B619E4921A118D437B8FDBB5F71DF58F35F09856042F6917DF9D687B9CD7112CCD6E547467BE82FE82FD034FA449FC1D7E78D37DEF886DC3C966F7EFDEB5F7F108944A6179318927DBBE35B1FC9AA00972D4D12FC828A29FA351DBC9FE38614FA0BFA0B348D3ED16770F529F3D8CA745FD99815215D9A9A9A4E5556567E188D46BB158B1852F976D7DEB73E4E60CC6D8E466324893DE29C7ED6FC236924C3449FC3E0D25FD05FA069F4893E83A94F7940C3B265CBDC42316FDEBC9DCADCDE512C62E8A8104C7002636E737499718A4E666E1AC9D04E822626FB5C1EA54481FE82FE024DA34FF4190C7DCA2375E54962E93EA021CBA3B7CDCADCFE338CB5B7A94E1D4290ACF248A2E4E497D4DA4B867EFB3FECB33FF57AF417F417681A7D12C1D1E7FDF7DF7F873C52B7D0FCFCE73F7F4B19DCFF440C04E6D6719416D676500FC96E34493519A69A041D2E67A67EBCE82F4AB7BF40D3E893C8A33EE7CC99B375E5CA950537B70B162CD814A4D204C440B22A2413264C7025E43C8C442257A479D93259324A960CD34D82F6EF6F29C511DC548F17FD45E9F617681A7D1279D4676D6D6DCBF6EDDB0B6E6E376FDEBC4D9D7CEB110381B93D73FE59B13AC997AD742F23264A866775300926BB7C5A12E636D9F1A2BFC0DCA269F449E4419F35353527F2F1D086641C387060BF3AE1F623060273EB7BFEC5BF6CF99C871DAD8FF34B866F65900433FD7B8AC9DCFA1E2FFA0BCC2D9A469F441EF4595555E59E3A75CA0D0272B2210602739BF8FCB3BF6CE92B0A998EAAF825C34C9260D1D5EB65F378D15F606ED134FA24F2A04F39B041210CE61631842F523896A18CB163C79A84757786A7FB593EA33B6FE9F5997077B1B67D4783FE82FE024DA34FA204476E1103C1C86DBB5FAEB6A82F55A3AD69F3327D0C677BA33C8F84649467A8FE5B1FF489E1FA7FB1A9D7EB47EB6DF2BA46C5D3B93E5EF4178CDCA2E9FC6B177D52735B305A5A5A3E0878CD6D5EC42082BDF3CE3B5B1DC8CACA4AF785175E70BFFAD5AFBA3B76EC886FFBE0830F62FBCBBADDBB77BBA3468D8A85EC7BD14517B90F3DF450AB9FDDD8D818DB5F3ED7D0D0E0565454C462F2E4C9B1CFC836FB33AFBDF69A7BDD75D7C5F749B45FA2FF63FEFCF949F7F9CD6F7E135B7EF6D967DDE3C78FC7D73FF5D45398DBF613A037E91CCD517D5E479261BEEBF38EE824E99718BBFA2448A1A75E7F9E7EADCDC7F10A4AF294FF59FA9554F717DDF7EEDD3BAD9F1F14FD07D8DCA2E93C69376CFA4C5563DE3C2C3A323A953C6F6FDBB469937BE9A597BAEA7F8EE9B95FBF7E711F20EFCF3DF7DCE232B737DF7CF33F77EEDC1994D912EAC3662EB225860D1B36C44EB03973E6C44E5A3949E524943027A9DDE98B515DBF7EBD3B70E04077DCB871AE3C3AD92407093951AFBAEAAA56BFE34B5FFA927BFEF9E7CBCD7BF17D5F7AE9A5D8CF95CF7BFFA6EEDDBBBBC3860DF3159537F998BFDF18E09E3D7BBA83070F8E2D4B3CFFFCF3EEC5175FDCE6E73CFCF0C3F1E5279E7822BE2CFF3FE636160DD168744C0A0F3849775425D1D4407E7756A7930C0B7167F5272A1E5791A88DCCF13F478FF2ACD1EDD56025D2E1FA6F97E55EB93A5E4132B77EDA9690BE41FA15095BCF1246CF8B172F8EFD8CF7DF7F3FF0FA0FA0B945D379D66ED8F4998EB995D7112346C4CEDB679E79C65DBA74696CC04BD6D7D5D5B5DA7FEBD6ADB1D777DE7927F62AFB1E3D7A34BE7DF9F2E5C535CFEDAA55AB0231CFAD3AF1EE0A9BB9C89618E404936F56E6FDEAD5ABE3279C8CCACA36B3CE1EB57DF9E5977D7F9ED7DCCACF97FD77EDDA157B9564238945CC6E4D4D4D7C44D636B9926CBA76EDEADE70C30D6D466EE5E798C4E69790E4BD1875DB58DF74D34DB1E53D7BF6C47FCEF7BEF7BDD8EF916531ECE6B3323D9DBCDE73CF3DA56A6EDB1BD5C9747425D99C975FE86032BCDC29CC9C9826415EA2E239154B745BBCED49908E4EA283F4767BA44892E6A45C1FAF20995BF9F29A68BBF403D2EF481FE235B79210FBF4E9D3E6E70555FF0132B768BA40DA0D9B3E93858CB8D6D7D7B7D2ABB495E852F479F6D967BB1F7FFC711B8D9AFCBF68D1A2B8CE7EF8C31FB6CAEB45636ED53F397FEEDCB90537B7D3A74FDFA14EC021613317D914839C5C6220A5F397E5BD7BF7C6CDADBCEEDBB72FBEAF8CBECABA44BFDF6B6E65DF5FFDEA57B19F253FF7673FFB596C9D08404E6CBF6F6EBD7AF58A251FEFCF16A37DF8F0E1562337629EE55BA219A9916D3FFEF18F63CB52DA20FF97DFFF6B8FDCF4E8D12366D665594679643488C7EFA64DB251965427734F37199ACBA8630AF03F4B821CAC62994E944217CFA54BEF68D02A4F82FC48C5825CFFA141489E32322B6DF095AF7CA5DDFD24494A2994D7DC76EBD62DA669EF97F3A0EABF08FA8B62D674A0B41B16732BED20A3B432482586565E651457BE408A4EE5CAAAAD6F796F7B0A31B5E205A42F305771EDC1B5A230B73367CEFCFA942953FE2DCEBF8073DC3647A3D17F555757770E9B93C886186414569240DFBE7DDD850B17C68CA99CAC622EE5C495ED9238E4C4349F3974E850CA23B7322222F5B346147249D13B42B26DDBB636E6567EA7AC1B346850ECB2C7030F3CE05E76D965B157F96628CB5EC1494234CBC634CB88B38C10FB0954CCB3B95422DF46CD7A6987522E4BC89044A33DE93EA528D564687EDF9802FDBF2641CAEFFFD03973C3C9419FD19FF612E4BDA5606E4567D2067255C62E65F286D4ED4B78CDADD4EA79CD6D90F55F24FD45B16A3A50DA0D83B9957C6E06C0EC2BBC524664BE5CCA55145927FBC9174FC9D9F2DEF80619B9952BD3529668AEC8CA17D9A2BBE173D6AC597F7FF5D5570B666EEFBDF7DEAD9148E40F617411D912839C746264CD6540B98CE72D3DB04FE674CCAD847C4B939FDBBF7FFF98513566D6FE2667CCAD7CD111432B61C4629724C8A542493EDED164797FE59557B619B991A478EDB5D7C6F793DF253792385641BC3731967ACD6D96467BBC9713A738E9CF79E9970C27A731AA94CFB284812AFAE9759DF5DFDAC927414A42ECE19CB931A5AB7E3FA014CCADA3EB6DA5665F96DB2B4D30CB626825CCCD65F239AF310EAAFE8BA8BF28464D074ABB6130B76630CC5CF9983D7B769B9202E30FE4FF91FA5AA32B538B6B6BADA5A525DE17B4F7653794E6F6C61B6F8CAACEE6F3424C09A63AD0939595951F5655557DA394CDAD9407788DAC319CE6E62D7B395D736BDF70E65885E5E664B76B71EDC4660BC1BC4F5407976A7293920A53D06E9744D88233FFBB5DD78BB9EDF0E5CC329FA496CE64EE893E179449DD3FB12E69FAE17A967BEBD70B547C5BAFEF6725CCEF17ABB9352509F6D59B79F3E6B5DA47467BA40E4FC2EF86B2DADA5A77C68C19F1FE23E8FA2FB2FEA2D8341D28ED86A52CC1D4D89A2F81ED8DDCDAFA34F95E466E459732B865AED0CA8057514ED557535373400A94F3CD9C3973B64F9830616158DD43366F28F3260773E9418CE8AC59B35A7D3B4BD7DCCAB7B3952B57C6467ECD092F971C6534C62415BF9F6546784D3D4E7BE6D6BEE1CD4E5C7219C5AF50DDF1D4DC494233A65BFE46F9BBB2F14DB284CDADDFE5CC2FE8519A74A702F27EAECC09CED38AE4F8FECE677D7FBD6D8D7E7F96D37A8AA15DCEE91B5126E9F75DF42850D18EDC3ABAAEDFAB6F33538131C012F625CB6435B741D67F11F617C5A4E94069376CB325887ECDC094E8D56FE4D6CFDC7A07ACBC37881695B99D366DDAC8A953A79E901B85F2C55FFFFAD7DDD168F4EFE5E5E55D4ADDDC9A1BB4CCD41D8E7523998CD6CAC9EABD34E178A6FA90906F62FAE0C76641B0B749DDADA30BD1E5BD11859416989A1CFB9B9E09A9AF957A3873B38719DD4D263C93DCFC8CBC31F38F3DF6587C7F7359445ECDA516738735E636ABC93017974721E0C953F4E4674ACDCD2632EDA05D8A60DF6C22234126214A824C76577590F45FA4FD059A2EC22F9FE9EAD9B1EA684D5E37575FEC4129EF1511A36531C4A6C45006BF8AF6212BD75F7FFD730B162C38998FF20465CE8E4939424545C570C4D0FE096C7F23F33E90C1D4D3D861463FCCA547EF5CB732A22B77227B8DB19CDC03060C487839D3CCA9A7BE9464646E25C4203B9E9B48CC324F280B7432CCF7031A489E19867C79959908DA9BC352465D1D9FD957A45CCA4CD5653F5C264CFA2FE2FE024D97B0B995FC6DCF516B0CAB29F9918733249A0A4C3C825CB5355F2ECD6059B2873385569F32EDD58F7EF4A33DAA333B914B63DBDCDC7CAABABAFA8368343A03311024ABBC91E965C7209522D05F10F417681A7DA2CFD45086B3DBA449930E2D5BB6ECB35C8DD86A637B0762204856054B86E98ED20C2709D25FD05FA069F44984569F3273C1C489139B162F5E7C20DB35B6528A500C23B68881645542250A5CB6A4BFA0BF40D3E89308BF3E65045719D117651685BD7BF77E9AE9745F322B82DC3C16F61A5BC440B22A31832B8FDF2CD493C7489E04FD059A469F44F6F5198944A62B937BF0F6DB6F7FE39D77DE3990EE93C7162D5AB445466B274C98707F986745400C88A10829D349AEAC9DED2D2441FA0BFA0B348D3E89A2D3A79852654E6F55B16FDAB4696FDD79E79D0DEBD7AFFFEB7BEFBDB7D736B3870E1D3AB879F3E66D0B162CD8347DFAF41DF2485D79F258581FD080181043098FE072D992FE82FE024DA34FA234F4A9CCEA15DAE8AE56B147C5497946B18EFD2A1A54DCA5624875757567C44090AC42970C4982F417F417681A7D12E813311088A12892E1DD2441FA0BFA0B348D3E09F4891808C4500C94C9151887A981E82FE82FD034FA24D0276220104331A01321D05FD05F1401F26026291D4479E8137D0262400C985BA0BFA0BF083DE5E5E5672B4D7F82F2D027FA04C4801830B7407F417F117AAEB9E69AAF46A3D123280F7DA24F400C8801730BF417F417A1A7B2B2B2ABD2F487280F7DA24F488BBABA3A4EB860C77125066ACE30B7F41744C9F51793264DFA5F4AD307511EFA449F90161B376EDCDFDCDCCC4917D0686A6AFAA312C39B9CA9985BFA0BA2D4FA0BA5E7FF50D184F2D027FA84B478E59557AE7DF5D5573F3A78F0E0279C7CC1FA86274258B76EDD5E15E3395331B7F41744A9F517959595BD94A6FF81F2D027FA84B4518D3D5A7D9BD822C3E5520F12D658B26449EC497361FE1FAC9063F12642C0DCD25F10A5DA5F4422916F294DFF1DD595AE3E8B24A793CF212363B35284207323D21A985B000837D168B48F8A465A823E1DA02451DFF0AF90C9BE4508AA33E4693674840010FE7EBDAFD2F41BB4047D3A40A97682CB45043AB6D022748400106E2A2B2BFBABBEFD6FB4047D3A40299EFC979B515B13AA431C4DCBD01102407851FDF800A5E9D76809FA7480523CF957DAC6D68CDE527B4B470800E1251A8D0E529AFE0B2D419F0E506A277E9B515B13AA631C430BD111024038A9A8A8F89EEAC737D012F4E900A576E2AFF633B63A1A68213A42000827CAD80E539AAEA325E8D3014AE9A44F386A4BED6D69327EFC78E90857E97850C7701D6659F619AB3F3254C523D6BE0F7A3EE7ED58EBF5FAD17A9BBCAE51F134AD0F905D54FF3D52F5E37FA62530B700A574D2AF6CCFD8327342C97684DE5A6B59372BC1478E6883EB676ABBFA985BA1A75E7F9E7EADA5E50172A2E7512AFE444B606E01100270FCCF708D36A07D137CE413158FFB1862DB180BE738A74768D768F3DB609960792DD3CBBD380A00D92112895CAB34BD8296A04F074008C0F13F4D77154F6AD3D9C3393D429BC8DC5EA2E239154BB4597DDB636E1D6D800739674A1CCC28AF18DE49B43E40D6F53C5EC5525A823E1D002100C7DF71BA6863DA47BF5EAA0DAE2C4FF798DBC12A9669936B7FF63CA76D5982A9E9B5CDED472A16D0FA00D92512894C8846A34B6809FA74008400A572AC7D6BAEAFBBEE3A3907DC112346989A6BFB06B2EEFAFD148FB99569E33E74CEDC2C76D032B3A998DB7B392200D94519DB894AC34FD212E474008400A572ACDBCC96316EDCB898B18D4422F66C19B6B915ECFA5B53963050453FBDAEB3FE4C271F732B66564680CD4D655DF5FB011C1180ECA2F4FB23657017D312E474008400A574BCDB9DE7583FA5CE6B6E1D1F739B08D7B3DC5BBF5EA0E2DB7A7D3FCBEC7E9FA30290357D4F55F1102D414E074008504AC7FBF244E6D67A429D9C1357B7635E7FE7B3BEBFDEB646BF3FCB693D3DD82EE7F44D6493F47BA9D3EDC11101C81E4AC335914864112D414E074008506AC7DCAFF6768B1EB50580F06AFB572AEEA125C8E90008014AED98B7A9BDE5C97400E1271A8DFE5FA5E5F9B404391D002140C9A112E072466D018AAE3F9FA5621E2D414E074008508AE6F60AABD6B68C1601280A5DDFACF47C3B2D414E07400850AAC73E567BCBA82D40D168FA5615B36909723A004280523DF69773FC018A0719B595D15B5A829C0E801020655CD7EDF4EEBBEF2EDDBC79F3E7757575EEDAB56B8900C4BA75EBDC8D1B37FE53C544CE52285594B1FDBD32B8BFA525C8E900080152468C6D7D7DBDDBDCDCEC7EF6D9674480A2A5A5C5DDB061C3C7CAE88EE74C85524419DBFFA70CEE0DB404391D002140CAC8882DC636D006F7B3B56BD7BEC9990A25DA9FDF2373DDD212E4740084002923A50898C8608732B7273953A144FBF3FB2291C8CF6909723A0042809491FA4E0C64E0CD2DE734946A7FFE908AA9B404391D002140D6CDEDBF3EDAEFBEBBE55177E7BADB6221CBB20EF389B905C8617FFEA88A6A5A829C0E801020ABE6F6E8E12677C79F6BDDFF796966AB9075B20D038AB905C8517FFE64341A65C610723A0042A015B26B6EF7ED7CB18DB135F1FECE951850CC2D40AEFAF33F46229109B404391D00214056CDED9BEB7F9FD0DCCA360C28E61620172863FB5C341A1D474B90D301100264D5DCEE587B6B42732BDB30A0985B801CF5E72B94C1BD969620A7032004C0DC626E01428F32B62F5556565E4D4B90D301100264D5DCCAEC0889CCAD6CC380626E0172D49FFF5919DC91B404391D00214056CDEDEE4DF72634B7B20D038AB905C805D168F4958A8A8AA1B404391D00214056CDEDA1A6EDEE8E9767B72D4950EB641B0614730B90A3FE7CA38AC1B404391D00214056CDADC49EAD4FB431B7B20EF389B905C8617FFE9768343A889620A7032004C8AEB9FDF45377F75FEE6F5B92A0D6C9360C28E6162047FDF9161597D312E4740084005933B7F204B2B7372D4C58732BDB784A19E6162017442291BF555656F6A725C8E90008013237B79F7EEAEEDFFD8AFBC69AFF4A686C4DC83EB22FA3B8985B802CF7E73BA2D1E8776809723A0042808CCC6DB2D15A467131B700F94019DBC6F2F2F2FF434B90D301100264646E5319AD6D6F1417438AB905C8527FFEF74824F22D5A829C0E8010202373DB51636B02438AB905C8527FBEB7BCBCFC7FD312E47400840019995B02730B1090FEBC49C57FD012E47400840098DB1232B7325552241259CED90C45D89F3797979777A725C8E900080130B725606EC5D4AA58A9E224E73D14697FFE61656565575A829C0E801000735BC4E6D66B6A4D70364311F6E747CBCBCBBBD012E47400840098DB2234B79148E40A293FF09A5ACC2D14717F7EBCBABABA332D414E07400880B92DA258B26489EB37528BB98512E8CF4F0E1932A4132D414E07400880B92DA268CFD01244B107BD34399D560084801030B7455A96505151315C9DDF0D98809240EA4C57E97850C7701D66598EF958BDFF50158F58FB3EE8F99CF7FCA8D7EB47EB6DF2BA46C5D3343D90D3011002E6B603D1D2D222C7C95DBA74A97BECD831B757AF5EEEB061C3DCC99327C7E285175E886DF77E4ED6CD9B372FE1FB44B17CF972F7A28B2E4AB87DD7AE5D6E6363A3EFEF7BECB1C702754359341A2D53E7793DE6B6E8F15E8E97633C2BC1BE47B4C1F533B55D7DCCADD053AF3F4FBFD6D2E4404E07400898DB0CE2B5D75E737BF6ECE91E3F7E3C6622C560CAEBC2850BE3C6D2EC3B60C080B8E15DBC78B1DBAD5B3777EBD6ADB1F7A3468D8A6F939F613E73EEB9E7BA575D75556C5B6D6DADDBB56B57F7E69B6F8EEFDBD0D0D0C6C8CADF545757E7565656B6FA7DCF3FFF7C6CF9FDF7DF0FCC54607A24B71E735B125CA30D68DF04DB3F51F1B88F21B68DB1708E737A84768D36BF0D960996D732BDDC8B2607723A0042C0DC661092509F78E289D8EB902143DCFAFAFA56E676F7EEDDB1D1576336070D1AE4AE5CB9D27DEAA9A7E29F7FF6D967DBFCCC679E7926B62C46554687ED6DDEFD376DDA141F5596BFC136B7F22AA637880F71D023B90D9CCD458B3CC4E0496D3A7B38A747681399DB4B543CA7628936AB6F7BCCADA30DF020E74C898319E515C33B89E606723A0042C0DCA61932FA29C6F1ECB3CF8E995863361F78E081B89994D15BDBDC9AD1576382BFF8C52FBA73E6CC89193F31A5B25E0CB0D7DC5E76D96509476ED7AF5F1F2F4930EBF6EDDB175B1E376E5C7C9DBD6C3EC3E377214F74D1C6B48F7EBD541B5C599EEE31B783552CD326D7FEEC794EDBB20479EFADE7FD48C5029A1CC8E900080173DB8130A50872B9DF18511999F59A53B3BC67CF9ED828ADACEBDBB76FCC6CCAFA43870EC5D6555454F88E069BD1D9F6466EA5E6D7ACDBBE7D7BECFD85175EE88E183122F63963C4C5F80671E4168A96EEDA840EB40CE958CFB6291E733B46C587CE999BC50E5A9F4DC5DCDE4BB303391D0021606E3328453086D6D125046224A50EF7C08103ADCCEDC08103DD975E7A295EF7DABB77EF585982DCEC656E4E9390CFA56B6EED7572839B5996DF69DFDC66469931B79007CC686B278F211D6BBDB7EB6F4D598218E17E7A5D67EB6778CF2131B332026C6E2AEBAADF0FA0E9819C0E801030B71998DB1D3B76B81F7FFC71BC24C18CC4CA7A636E65C4544653C564CAF195D78B2FBED8ADA9A9892D9B9BBDBC35B14E8A6509F6FE32722BA3C4B2BC61C3065FE38BB98502E135B78E8FB96DEFB3F6726FFD7A818A6FEBF5FD2CB3FB7D9A1BC8E900080173DB01732BA6B64F9F3EF11BC86434555E8DC1F49632C80C07F26A0CAABC4AFDADB9B1CCFBF38DE1F58EDC3EFCF0C3BEFB9F7FFEF9F15163B9A98C915B0898B9BDBA9D6DBFF359DF5F6F5BA3DF9FE5B49E1E6C9773FA26B249FABDD4E9F6A0A9819C0E801030B71D34B7525620AF32322BAF7BF7EE755F7EF9E53635B7F667B66DDBD6C6AC268B54F6979F2DE78F5936F5C08CDC020090D3011002E636691C3D7A34F6E0042941B0D79BF96B656E5BBF796EC510CF9E3D3B36D7AD2933302659EA6FFD7E9794270C1E3C38E983256C332B7F9BD4F79A29CAEC7A5ECC2D0000391D0021606E339A5DA1D41FBF0B00404E0740085024E6B69403730B00E474008400985BCC2D0000391D0021606E09CC2D0000391D0021606E09CC2D0000391D0021606E09CC2D0000391D0021606E31B70000E474008400985BCC2D0000391D0021606E09CC2D0000391D0021606E09CC2D0000391D0021606E09CC2D0090D3011002AD80B9C5DC020090D3011002E696C0DC020090D301104278A9ABABC340063B8E2B737B92331500C8E90008015260E3C68DFB9B9B9B3191018DA6A6A63F2A73FB26672A0090D3011002A4C02BAFBC72EDABAFBEFAD1C183073FC14C066BC4568CEDBA75EBF6AA18CF990A00E47400840029A2CCD3E8B56BD76E91CBDF52DF19E690E31FF6FF41871C8B3731B600404E0740080881E30F0000F4E900080138FE0000409F0E801080E30F0000F4E900080138FE0000409F0E801080E30F00409F0E801080E30F0000F4E900080138FE0000409F0E801080E30F0000F4E900080138FE0000F4E9F4E9000881E34F2B0000D0A7032004E0F80300007D3A0042008E3F0000D0A7032004C8FC58AF94E39D24B6D0520000E4740084006138D697AB38D99EB98D4422A369290000723A004280B01CEFD5ED98DB8621438674A2950000C8E9000801C272BC2F4F646EA3D1E8185A08002034FD39A56600985B68A743DCC2A82D0040A8FA724ACD0030B790A843A403040008657F4EA91900E61604656697336A0B0010FA1C4EA91900E616B4B9BDC2EA00CB68110080D0E6714ACD0030B760778874800000A1EECB293503C0DC82E910C78E1DCBF107000839949A01606EE134528EE0EA57000008AFB9A5D40C00735BF20C577158C5DDFA954B580000E1CEE7949A01606E4BDED81A432BDFF25B30B80000C1271A8D768B44222A7D4FB84BC57A15FB3C3793ED9769C0D43E7F50FBFE542D7F935603CC2D9492B14DB61E000002404545C5705D5B7B3C852793D921379B35A8A866541730B7506C942531B0663BF55A0000C1C9D3321BC296340D6DA2785346736955C0DC423119DB64C695115C008080A08CE81DDE69BEAAAAAADC3BEEB8C35DBA74A9BB73E74E77FFFEFDEEF1E3C75DE1C489136E7373B3FBF6DB6FBBCB962D8BED3769D2243F93BB5AFD9C6FD0C280B985B032DC496F4436DDFD0100208B94979777D1F5B471435A5D5DED3EF5D45331F39A0EC78E1D7357AC58E1CE9831C3F5CC857B58BD0EA1B501730B6135B6A33BF0B9A3185C00808218DB7ADB88D6D6D6C6466833E1D4A953EEAA55AB6223BFD6CF3EAA623CAD0E985B2876639BADCF030040FA79B9D588AD941F8831CD164D4D4DEECC99336D837B9C279A01E616C240B29BC7F2FD7300002009BAC6366E3C376FDEECE602A9D1957A5C7B0457FDEE3E1C01C0DC42D08D6DB64A0A18C10500C87D3EBEDCBE794C466C7389DC7C3677EEDC56F3E3CA1CBA1C09C0DC42D0F0DE0CF6051553F46B3A783FC74D66000039241289FCCDAEB1CD662942228E1C39E24E9D3AD5BEC9EC6E8E04606E2188C676B465501F51E1EAD7540D6EA2CF6170010072803CA0C19E1521D39BC7D2E1F5D75FF7DE60F64D8E08606E2188C65698A20DAA9B86C1B58DAD89C9D6766A700100B29F8B571A8329D37DE59BF9F3E7DB06F72E8E0814826FABF8BE361A635594ABD8A3629ECFBE976883E27DE4DE79B25E7D5B4C646E5DFD3BFCF8AE8A0B7CF69FCDA12908890CA79F516DCFE0FAEDFFB0CFFED4E002006409A973358FD49569BAD29DC7361BBCF3CE3BADE6BFADAEAEFE1A4706F28918CE07750CB70CCB706D724FE9FDCE52B1C1DAE7691563547CAACDE98B2A1E5527B131B7E7A8F86FBDDE7C66BE5EDEEB31325DF57631D9ABACFDEFB5962FE450E5D5D896A56158FD0C6EAAC6D66B7029510000486C5CD7AAF8CFF6F6517978823196328341A1B01FF2A0FEE6311C3DC827625A076973618CA498DA912AB679F6BD406F3F47BF9A51DCABCD0E565942176B1F472F0FB496A7787EF660FDDAC7FA3BAE51D1E8B32FE486540D6632839BAEB1B57F7F8BC3082E00802F96595CAB4CEC1509F6B92B5F3324B4C7B3CF3ECB8D655050C47CACF2985B311807AD7D7A5ADB57A898A4E226FDFE26B36DF8F0E15E73BBC4693B72EB5A66F652BDAE512FAF70FC476EAFE430E5C5D8A66A2C1319DCB33A686C0DD4E002002431B756ACF68EE4DA0F6D686C6C2C98B99539756D33CED183209A5B61A4B58F6CBFDE693D923B3A8D91DB885EEE64ADEBADF77FCE32C56F5B9F836018DBF60CEE5B1918DB4CFF1E00805233B771F3684CAE7ABFCFACCFE72C095EDE7BEFBD5673DE72F420DF0CF018DDDEDA74F6F2ECD7DD395D176B4A06ECFD1399DB4423B737F8186CF93952E2F0918A39D6BEBD39443923D391523F839B89B1F51A5C6A70010092985B7B24D77E2F4F0E2B14F25007FB6FE1E8413EE9E19C2E05B0CB011E49602CCDE86B93737A7437E2F88CDC4A8C1F3FDE1D366C987D52BB23468C882D8F1C39D21D33668CF7A4777FF0831FB883060D723B77EEEC7EE73BDF71870E1D1A5B3F6AD428370541131D0CD5C699D64249298277C4F62DBD3E13EEE6F8100441743C0A0DE6160AC185DAC4FE41C57D1E736BCF9E20A3B45D3D46F642FDFAB8657CDB1BFDB3EB6C136D9732874775A4FA39C8CEC86D474748DB1BB94DE7410F8CDC42BE9073F327D6FB4E4EFB5315DA9FAB4AB0ED22E7F4D52A432F27F12C2F726F81DCB3F08973FA5E02EF8C354D1C22E8C0C8ED964824327AC890219D18B98552279D91B5AEFA550CEC2EDD79F7F774FCC393248644DB8D6196B207A9B17D52AF1FA9D77F97439553E4B81C75725373DB11834BCD2DE4DADC5EA28DE7734EEB7B0D5C6D54A5BFFB930EFB8BFEE39EF7E646D72FEBF752E265DFBFF0076BF93C6DA4ED7DCDDF33D0F3F75DCD618214CD6DDCD45AFB50730B00E0A43F529A68BA2FBFD912D231B8CC9600B944CE2B29C5AA734EDF0F70563B8652B6C94DB5CB2C83FAA8C7ACDA0CD2A6B89336AEAED3F6BE854B9CD657C4E4A139728FC1EF3CA699FB0C2099B96D90B9636D536BEDC36C0900001E839BCC58269BC736DD2799192E7798E71672474F7D2E4ED7AF9D9DD60FA6893A6D678891F563122C977B7EAEFC3C2931F8AE3E873BE9757639833D3B4CAD36C8B2FCA4D37AAE71AE56412273DB66A4D6679F854198E7567EB765C61772F400A050241B394DF5010DE91A5C531AC1536C209798FADA7E1EB39908D977BDE33F72EB2D2598EB9CA9B56D704E8F04CB08AC9429D88F12370FC391CBB4D7780C2F5FEC2063A2D1E8C4203CA16CE6CC99B6B91DCF9101804292680437DD278FA56A70CDEFC3D842AE917350AE0E5CA94DE650A7F5CD5CFFEDB3FF45D6F96B343126C1CF3637DA9AE911BFEBB42D33909BD9E466B22FEBF5439DB675BF6771A8A0A35455557D4399C9E3622AD5B27BE4C89142D7DB1E5786BB1B4706000A4D99D3B644608A93FE3CB67E0677B2E7F750630BF9A2A78F213523B01738FE331C987DCC0D64AEDED7D0C33933C26BF63723B87D2D832C74D76656CCADA9D9B5EB7ED1016405BBEE76D9B2657937B7F7DF7FBF6D6E1FE5880040900CAE7D93996D54D3794043A2CF31DD17E4934EDA589AA90ECD8366E4863129219079BBF75AFB1BB36BD7D9F6B10CEB3E6D6CCD369979C18CD87ED9636E4DF941776B7F31D1839CD6F38A97EB2F95110E1764825D9A50535393D729C19A9A9A6223C6E6F7575656F6E788004090F0962888319DECA43FBD97F77399CEAF0B902EC67076B7D6D9F5B7C6CC1A13EABDA94BB68DD4CB9DADCF996D7FF29CCFB2EE52E7CC158BA19E6DA22DCA0F2027E8F96EDF300673C58A157933B7B7DD765BDCD8462291E51C0D000883C1CD14BF92070000C822F6E8AD8CA4FEE31FFFC8B9B15DB56A955D8E705299DBBE1C0900287683CB031A0000F28432982B8DD9BCE1861BDC63C78EE5CCD86EDAB4A95539828AEB3902001074322D25A0140100208F9497977F5D99CC166338E7CE9D1B7B2C6E2E8C6D75753537910140A80D6EBA23AFDC3C060050002291C8152A0E1BE32935B1870E1DCA6A298267C476B532D55D6879000813E99616508A00005040E451BD66EE5B09196595C7E3663A2BC2ECD9B36D538BB105809230B8F2485D9E3C060050602A2A2A862BF379D436A3F204B3C6C6C6B41FD020F3D87A466B63A508185B00083B65DAB896B5B3BD05630B00100CA2D1681F6542F7794CA9FBCB5FFED25DB264895B5F5F1F9B55C1D4E5CAAB985919E55DBA74A93B6BD62CAFA18DCD8AC0CD6300504C241AC1A51401002080C8E8AA32B9777847713B12328F2DD37D014029185C8C2D0040C0A9AAAAFA8632A873EC9BCD520CA9DD7D94278F0140A918DCBB31B60000E1A1BABABAB3AEC7BD4B6E08F3295BD81F8D46D7AAD785CA084F50CBDD6835002815A4C6D67598EE0B000000008A84AFD10400000000000000000000000000000000000000000000000000000000000000000000000000000000000000000050AAFC7F42E89953F0942AD50000000049454E44AE426082, 1);
INSERT INTO `act_ge_bytearray` VALUES ('6', 1, 'D:/ruoyi/uploadPath/processDefiniton/2020/10/27/e0df0a62-640d-419f-9e7e-1c6a9c951daa.bpmn', '5', 0x3C3F786D6C2076657273696F6E3D22312E302220656E636F64696E673D225554462D38223F3E0D0A3C646566696E6974696F6E7320786D6C6E733D22687474703A2F2F7777772E6F6D672E6F72672F737065632F42504D4E2F32303130303532342F4D4F44454C2220786D6C6E733A7873693D22687474703A2F2F7777772E77332E6F72672F323030312F584D4C536368656D612D696E7374616E63652220786D6C6E733A7873643D22687474703A2F2F7777772E77332E6F72672F323030312F584D4C536368656D612220786D6C6E733A61637469766974693D22687474703A2F2F61637469766974692E6F72672F62706D6E2220786D6C6E733A62706D6E64693D22687474703A2F2F7777772E6F6D672E6F72672F737065632F42504D4E2F32303130303532342F44492220786D6C6E733A6F6D6764633D22687474703A2F2F7777772E6F6D672E6F72672F737065632F44442F32303130303532342F44432220786D6C6E733A6F6D6764693D22687474703A2F2F7777772E6F6D672E6F72672F737065632F44442F32303130303532342F44492220747970654C616E67756167653D22687474703A2F2F7777772E77332E6F72672F323030312F584D4C536368656D61222065787072657373696F6E4C616E67756167653D22687474703A2F2F7777772E77332E6F72672F313939392F585061746822207461726765744E616D6573706163653D22687474703A2F2F7777772E61637469766974692E6F72672F74657374223E0D0A20203C70726F636573732069643D226C656176652D636F756E7465727369676E22206E616D653D22E8AFB7E58187E6B581E7A88B2DE4BC9AE7ADBE2220697345786563757461626C653D2274727565223E0D0A202020203C646F63756D656E746174696F6E3EE8AFB7E58187E6B581E7A88BE6BC94E7A4BA2DE4BC9AE7ADBE3C2F646F63756D656E746174696F6E3E0D0A202020203C73746172744576656E742069643D2273746172746576656E743122206E616D653D225374617274222061637469766974693A696E69746961746F723D226170706C79557365724964223E0D0A2020202020203C657874656E73696F6E456C656D656E74733E0D0A20202020202020203C61637469766974693A666F726D50726F70657274792069643D2273746172744461746522206E616D653D22E8AFB7E58187E5BC80E5A78BE697A5E69C9F2220747970653D22646174652220646174655061747465726E3D22797979792D4D4D2D6464222072657175697265643D2274727565223E3C2F61637469766974693A666F726D50726F70657274793E0D0A20202020202020203C61637469766974693A666F726D50726F70657274792069643D22656E644461746522206E616D653D22E8AFB7E58187E7BB93E69D9FE697A5E69C9F2220747970653D22646174652220646174655061747465726E3D22797979792D4D4D2D6464222072657175697265643D2274727565223E3C2F61637469766974693A666F726D50726F70657274793E0D0A20202020202020203C61637469766974693A666F726D50726F70657274792069643D22726561736F6E22206E616D653D22E8AFB7E58187E58E9FE59BA02220747970653D22737472696E67222072657175697265643D2274727565223E3C2F61637469766974693A666F726D50726F70657274793E0D0A20202020202020203C61637469766974693A666F726D50726F70657274792069643D22757365727322206E616D653D22E5AEA1E689B9E58F82E4B88EE4BABA2220747970653D227573657273222072657175697265643D2274727565223E3C2F61637469766974693A666F726D50726F70657274793E0D0A20202020202020203C61637469766974693A666F726D50726F70657274792069643D2276616C69645363726970742220747970653D226A617661736372697074222064656661756C743D22616C6572742827E8A1A8E58D95E5B7B2E7BB8FE58AA0E8BDBDE5AE8CE6AF9527293B223E3C2F61637469766974693A666F726D50726F70657274793E0D0A2020202020203C2F657874656E73696F6E456C656D656E74733E0D0A202020203C2F73746172744576656E743E0D0A202020203C757365725461736B2069643D22636F756E7465727369676E22206E616D653D225BE983A8E997A82FE4BABAE4BA8B5DE88194E59088E4BC9AE7ADBE222061637469766974693A61737369676E65653D22247B757365727D223E0D0A2020202020203C657874656E73696F6E456C656D656E74733E0D0A20202020202020203C61637469766974693A666F726D50726F70657274792069643D2273746172744461746522206E616D653D22E8AFB7E58187E5BC80E5A78BE697A5E69C9F2220747970653D22646174652220646174655061747465726E3D22797979792D4D4D2D646422207772697461626C653D2266616C7365223E3C2F61637469766974693A666F726D50726F70657274793E0D0A20202020202020203C61637469766974693A666F726D50726F70657274792069643D22656E644461746522206E616D653D22E8AFB7E58187E7BB93E69D9FE697A5E69C9F2220747970653D22646174652220646174655061747465726E3D22797979792D4D4D2D646422207772697461626C653D2266616C7365223E3C2F61637469766974693A666F726D50726F70657274793E0D0A20202020202020203C61637469766974693A666F726D50726F70657274792069643D22726561736F6E22206E616D653D22E8AFB7E58187E58E9FE59BA02220747970653D22737472696E6722207772697461626C653D2266616C7365223E3C2F61637469766974693A666F726D50726F70657274793E0D0A20202020202020203C61637469766974693A666F726D50726F70657274792069643D22617070726F76656422206E616D653D22E5AEA1E689B9E6848FE8A7812220747970653D22656E756D222072657175697265643D2274727565223E0D0A202020202020202020203C61637469766974693A76616C75652069643D227472756522206E616D653D22E5908CE6848F223E3C2F61637469766974693A76616C75653E0D0A202020202020202020203C61637469766974693A76616C75652069643D2266616C736522206E616D653D22E68B92E7BB9D223E3C2F61637469766974693A76616C75653E0D0A20202020202020203C2F61637469766974693A666F726D50726F70657274793E0D0A20202020202020203C61637469766974693A7461736B4C697374656E6572206576656E743D22636F6D706C657465222064656C656761746545787072657373696F6E3D22247B6C65617665436F756E7465725369676E436F6D706C6574654C697374656E65727D223E3C2F61637469766974693A7461736B4C697374656E65723E0D0A2020202020203C2F657874656E73696F6E456C656D656E74733E0D0A2020202020203C6D756C7469496E7374616E63654C6F6F7043686172616374657269737469637320697353657175656E7469616C3D2266616C7365222061637469766974693A636F6C6C656374696F6E3D227573657273222061637469766974693A656C656D656E745661726961626C653D2275736572223E3C2F6D756C7469496E7374616E63654C6F6F704368617261637465726973746963733E0D0A202020203C2F757365725461736B3E0D0A202020203C757365725461736B2069643D227265706F72744261636B22206E616D653D22E99480E58187222061637469766974693A61737369676E65653D22247B6170706C795573657249647D223E0D0A2020202020203C657874656E73696F6E456C656D656E74733E0D0A20202020202020203C61637469766974693A666F726D50726F70657274792069643D2273746172744461746522206E616D653D22E8AFB7E58187E5BC80E5A78BE697A5E69C9F2220747970653D22646174652220646174655061747465726E3D22797979792D4D4D2D646422207772697461626C653D2266616C7365223E3C2F61637469766974693A666F726D50726F70657274793E0D0A20202020202020203C61637469766974693A666F726D50726F70657274792069643D22656E644461746522206E616D653D22E8AFB7E58187E7BB93E69D9FE697A5E69C9F2220747970653D22646174652220646174655061747465726E3D22797979792D4D4D2D646422207772697461626C653D2266616C7365223E3C2F61637469766974693A666F726D50726F70657274793E0D0A20202020202020203C61637469766974693A666F726D50726F70657274792069643D22726561736F6E22206E616D653D22E8AFB7E58187E58E9FE59BA02220747970653D22737472696E6722207772697461626C653D2266616C7365223E3C2F61637469766974693A666F726D50726F70657274793E0D0A20202020202020203C61637469766974693A666F726D50726F70657274792069643D227265706F72744261636B4461746522206E616D653D22E99480E58187E697A5E69C9F2220747970653D2264617465222064656661756C743D22247B656E64446174657D2220646174655061747465726E3D22797979792D4D4D2D6464222072657175697265643D2274727565223E3C2F61637469766974693A666F726D50726F70657274793E0D0A2020202020203C2F657874656E73696F6E456C656D656E74733E0D0A202020203C2F757365725461736B3E0D0A202020203C656E644576656E742069643D22656E646576656E743122206E616D653D22456E64223E3C2F656E644576656E743E0D0A202020203C73657175656E6365466C6F772069643D22666C6F77322220736F757263655265663D2273746172746576656E743122207461726765745265663D22636F756E7465727369676E223E0D0A2020202020203C657874656E73696F6E456C656D656E74733E0D0A20202020202020203C61637469766974693A657865637574696F6E4C697374656E6572206576656E743D2274616B65222065787072657373696F6E3D22247B657865637574696F6E2E7365745661726961626C652827617070726F766564436F756E746572272C2030297D223E3C2F61637469766974693A657865637574696F6E4C697374656E65723E0D0A2020202020203C2F657874656E73696F6E456C656D656E74733E0D0A202020203C2F73657175656E6365466C6F773E0D0A202020203C73657175656E6365466C6F772069643D22666C6F773822206E616D653D22E99480E581872220736F757263655265663D227265706F72744261636B22207461726765745265663D22656E646576656E7431223E0D0A2020202020203C657874656E73696F6E456C656D656E74733E0D0A20202020202020203C61637469766974693A657865637574696F6E4C697374656E6572206576656E743D2274616B65222065787072657373696F6E3D22247B657865637574696F6E2E7365745661726961626C652827726573756C74272C20276F6B27297D223E3C2F61637469766974693A657865637574696F6E4C697374656E65723E0D0A2020202020203C2F657874656E73696F6E456C656D656E74733E0D0A202020203C2F73657175656E6365466C6F773E0D0A202020203C73657175656E6365466C6F772069643D22666C6F77313322206E616D653D22E585A8E983A8E9809AE8BF872220736F757263655265663D226578636C7573697665676174657761793122207461726765745265663D227265706F72744261636B223E0D0A2020202020203C636F6E646974696F6E45787072657373696F6E207873693A747970653D2274466F726D616C45787072657373696F6E223E3C215B43444154415B247B617070726F766564436F756E746572203D3D2075736572732E73697A6528297D5D5D3E3C2F636F6E646974696F6E45787072657373696F6E3E0D0A202020203C2F73657175656E6365466C6F773E0D0A202020203C6578636C7573697665476174657761792069643D226578636C7573697665676174657761793122206E616D653D224578636C75736976652047617465776179223E3C2F6578636C7573697665476174657761793E0D0A202020203C73657175656E6365466C6F772069643D22666C6F7731342220736F757263655265663D22636F756E7465727369676E22207461726765745265663D226578636C75736976656761746577617931223E3C2F73657175656E6365466C6F773E0D0A202020203C757365725461736B2069643D226D6F646966794170706C7922206E616D653D22E8B083E695B4E794B3E8AFB7222061637469766974693A61737369676E65653D22247B6170706C795573657249647D223E0D0A2020202020203C657874656E73696F6E456C656D656E74733E0D0A20202020202020203C61637469766974693A666F726D50726F70657274792069643D2273746172744461746522206E616D653D22E8AFB7E58187E5BC80E5A78BE697A5E69C9F2220747970653D22646174652220646174655061747465726E3D22797979792D4D4D2D6464222072657175697265643D2274727565223E3C2F61637469766974693A666F726D50726F70657274793E0D0A20202020202020203C61637469766974693A666F726D50726F70657274792069643D22656E644461746522206E616D653D22E8AFB7E58187E7BB93E69D9FE697A5E69C9F2220747970653D22646174652220646174655061747465726E3D22797979792D4D4D2D6464222072657175697265643D2274727565223E3C2F61637469766974693A666F726D50726F70657274793E0D0A20202020202020203C61637469766974693A666F726D50726F70657274792069643D22726561736F6E22206E616D653D22E8AFB7E58187E58E9FE59BA02220747970653D22737472696E67222072657175697265643D2274727565223E3C2F61637469766974693A666F726D50726F70657274793E0D0A20202020202020203C61637469766974693A666F726D50726F70657274792069643D2272654170706C7922206E616D653D22E9878DE696B0E794B3E8AFB72220747970653D22656E756D222072657175697265643D2274727565223E0D0A202020202020202020203C61637469766974693A76616C75652069643D227472756522206E616D653D22E9878DE696B0E794B3E8AFB7223E3C2F61637469766974693A76616C75653E0D0A202020202020202020203C61637469766974693A76616C75652069643D2266616C736522206E616D653D22E58F96E6B688E794B3E8AFB7223E3C2F61637469766974693A76616C75653E0D0A20202020202020203C2F61637469766974693A666F726D50726F70657274793E0D0A2020202020203C2F657874656E73696F6E456C656D656E74733E0D0A202020203C2F757365725461736B3E0D0A202020203C73657175656E6365466C6F772069643D22666C6F77313522206E616D653D22E983A8E58886E9809AE8BF872220736F757263655265663D226578636C7573697665676174657761793122207461726765745265663D226D6F646966794170706C79223E0D0A2020202020203C636F6E646974696F6E45787072657373696F6E207873693A747970653D2274466F726D616C45787072657373696F6E223E3C215B43444154415B247B617070726F766564436F756E746572203C2075736572732E73697A6528297D5D5D3E3C2F636F6E646974696F6E45787072657373696F6E3E0D0A202020203C2F73657175656E6365466C6F773E0D0A202020203C6578636C7573697665476174657761792069643D226578636C7573697665676174657761793222206E616D653D224578636C75736976652047617465776179223E3C2F6578636C7573697665476174657761793E0D0A202020203C73657175656E6365466C6F772069643D22666C6F7731362220736F757263655265663D226D6F646966794170706C7922207461726765745265663D226578636C75736976656761746577617932223E3C2F73657175656E6365466C6F773E0D0A202020203C73657175656E6365466C6F772069643D22666C6F7731372220736F757263655265663D226578636C7573697665676174657761793222207461726765745265663D22656E646576656E7431223E0D0A2020202020203C636F6E646974696F6E45787072657373696F6E207873693A747970653D2274466F726D616C45787072657373696F6E223E3C215B43444154415B247B72654170706C79203D3D202766616C7365277D5D5D3E3C2F636F6E646974696F6E45787072657373696F6E3E0D0A202020203C2F73657175656E6365466C6F773E0D0A202020203C73657175656E6365466C6F772069643D22666C6F77313822206E616D653D22E9878DE696B0E794B3E8AFB72220736F757263655265663D226578636C7573697665676174657761793222207461726765745265663D22636F756E7465727369676E223E0D0A2020202020203C657874656E73696F6E456C656D656E74733E0D0A20202020202020203C61637469766974693A657865637574696F6E4C697374656E6572206576656E743D2274616B65222065787072657373696F6E3D22247B657865637574696F6E2E7365745661726961626C652827617070726F766564436F756E746572272C2030297D223E3C2F61637469766974693A657865637574696F6E4C697374656E65723E0D0A2020202020203C2F657874656E73696F6E456C656D656E74733E0D0A2020202020203C636F6E646974696F6E45787072657373696F6E207873693A747970653D2274466F726D616C45787072657373696F6E223E3C215B43444154415B247B72654170706C79203D3D202774727565277D5D5D3E3C2F636F6E646974696F6E45787072657373696F6E3E0D0A202020203C2F73657175656E6365466C6F773E0D0A20203C2F70726F636573733E0D0A20203C62706D6E64693A42504D4E4469616772616D2069643D2242504D4E4469616772616D5F6C656176652D636F756E7465727369676E223E0D0A202020203C62706D6E64693A42504D4E506C616E652062706D6E456C656D656E743D226C656176652D636F756E7465727369676E222069643D2242504D4E506C616E655F6C656176652D636F756E7465727369676E223E0D0A2020202020203C62706D6E64693A42504D4E53686170652062706D6E456C656D656E743D2273746172746576656E7431222069643D2242504D4E53686170655F73746172746576656E7431223E0D0A20202020202020203C6F6D6764633A426F756E6473206865696768743D2233352E30222077696474683D2233352E302220783D2231302E302220793D2233302E30223E3C2F6F6D6764633A426F756E64733E0D0A2020202020203C2F62706D6E64693A42504D4E53686170653E0D0A2020202020203C62706D6E64693A42504D4E53686170652062706D6E456C656D656E743D22636F756E7465727369676E222069643D2242504D4E53686170655F636F756E7465727369676E223E0D0A20202020202020203C6F6D6764633A426F756E6473206865696768743D2235352E30222077696474683D223130352E302220783D2239302E302220793D2232302E30223E3C2F6F6D6764633A426F756E64733E0D0A2020202020203C2F62706D6E64693A42504D4E53686170653E0D0A2020202020203C62706D6E64693A42504D4E53686170652062706D6E456C656D656E743D227265706F72744261636B222069643D2242504D4E53686170655F7265706F72744261636B223E0D0A20202020202020203C6F6D6764633A426F756E6473206865696768743D2235352E30222077696474683D223130352E302220783D223334302E302220793D2232302E30223E3C2F6F6D6764633A426F756E64733E0D0A2020202020203C2F62706D6E64693A42504D4E53686170653E0D0A2020202020203C62706D6E64693A42504D4E53686170652062706D6E456C656D656E743D22656E646576656E7431222069643D2242504D4E53686170655F656E646576656E7431223E0D0A20202020202020203C6F6D6764633A426F756E6473206865696768743D2233352E30222077696474683D2233352E302220783D223337352E302220793D223230332E30223E3C2F6F6D6764633A426F756E64733E0D0A2020202020203C2F62706D6E64693A42504D4E53686170653E0D0A2020202020203C62706D6E64693A42504D4E53686170652062706D6E456C656D656E743D226578636C75736976656761746577617931222069643D2242504D4E53686170655F6578636C75736976656761746577617931223E0D0A20202020202020203C6F6D6764633A426F756E6473206865696768743D2234302E30222077696474683D2234302E302220783D223232302E302220793D2232372E30223E3C2F6F6D6764633A426F756E64733E0D0A2020202020203C2F62706D6E64693A42504D4E53686170653E0D0A2020202020203C62706D6E64693A42504D4E53686170652062706D6E456C656D656E743D226D6F646966794170706C79222069643D2242504D4E53686170655F6D6F646966794170706C79223E0D0A20202020202020203C6F6D6764633A426F756E6473206865696768743D2235352E30222077696474683D223130352E302220783D223138382E302220793D223131302E30223E3C2F6F6D6764633A426F756E64733E0D0A2020202020203C2F62706D6E64693A42504D4E53686170653E0D0A2020202020203C62706D6E64693A42504D4E53686170652062706D6E456C656D656E743D226578636C75736976656761746577617932222069643D2242504D4E53686170655F6578636C75736976656761746577617932223E0D0A20202020202020203C6F6D6764633A426F756E6473206865696768743D2234302E30222077696474683D2234302E302220783D223232302E302220793D223230302E30223E3C2F6F6D6764633A426F756E64733E0D0A2020202020203C2F62706D6E64693A42504D4E53686170653E0D0A2020202020203C62706D6E64693A42504D4E456467652062706D6E456C656D656E743D22666C6F7732222069643D2242504D4E456467655F666C6F7732223E0D0A20202020202020203C6F6D6764693A776179706F696E7420783D2234352E302220793D2234372E30223E3C2F6F6D6764693A776179706F696E743E0D0A20202020202020203C6F6D6764693A776179706F696E7420783D2239302E302220793D2234372E30223E3C2F6F6D6764693A776179706F696E743E0D0A2020202020203C2F62706D6E64693A42504D4E456467653E0D0A2020202020203C62706D6E64693A42504D4E456467652062706D6E456C656D656E743D22666C6F7738222069643D2242504D4E456467655F666C6F7738223E0D0A20202020202020203C6F6D6764693A776179706F696E7420783D223339322E302220793D2237352E30223E3C2F6F6D6764693A776179706F696E743E0D0A20202020202020203C6F6D6764693A776179706F696E7420783D223339322E302220793D223230332E30223E3C2F6F6D6764693A776179706F696E743E0D0A20202020202020203C62706D6E64693A42504D4E4C6162656C3E0D0A202020202020202020203C6F6D6764633A426F756E6473206865696768743D2231312E30222077696474683D2232322E302220783D223430302E302220793D223133312E30223E3C2F6F6D6764633A426F756E64733E0D0A20202020202020203C2F62706D6E64693A42504D4E4C6162656C3E0D0A2020202020203C2F62706D6E64693A42504D4E456467653E0D0A2020202020203C62706D6E64693A42504D4E456467652062706D6E456C656D656E743D22666C6F773133222069643D2242504D4E456467655F666C6F773133223E0D0A20202020202020203C6F6D6764693A776179706F696E7420783D223236302E302220793D2234372E30223E3C2F6F6D6764693A776179706F696E743E0D0A20202020202020203C6F6D6764693A776179706F696E7420783D223334302E302220793D2234372E30223E3C2F6F6D6764693A776179706F696E743E0D0A20202020202020203C62706D6E64693A42504D4E4C6162656C3E0D0A202020202020202020203C6F6D6764633A426F756E6473206865696768743D2231312E30222077696474683D2234342E302220783D223237302E302220793D2233302E30223E3C2F6F6D6764633A426F756E64733E0D0A20202020202020203C2F62706D6E64693A42504D4E4C6162656C3E0D0A2020202020203C2F62706D6E64693A42504D4E456467653E0D0A2020202020203C62706D6E64693A42504D4E456467652062706D6E456C656D656E743D22666C6F773134222069643D2242504D4E456467655F666C6F773134223E0D0A20202020202020203C6F6D6764693A776179706F696E7420783D223139352E302220793D2234372E30223E3C2F6F6D6764693A776179706F696E743E0D0A20202020202020203C6F6D6764693A776179706F696E7420783D223232302E302220793D2234372E30223E3C2F6F6D6764693A776179706F696E743E0D0A2020202020203C2F62706D6E64693A42504D4E456467653E0D0A2020202020203C62706D6E64693A42504D4E456467652062706D6E456C656D656E743D22666C6F773135222069643D2242504D4E456467655F666C6F773135223E0D0A20202020202020203C6F6D6764693A776179706F696E7420783D223234302E302220793D2236372E30223E3C2F6F6D6764693A776179706F696E743E0D0A20202020202020203C6F6D6764693A776179706F696E7420783D223234302E302220793D223131302E30223E3C2F6F6D6764693A776179706F696E743E0D0A20202020202020203C62706D6E64693A42504D4E4C6162656C3E0D0A202020202020202020203C6F6D6764633A426F756E6473206865696768743D2231312E30222077696474683D2234342E302220783D223235302E302220793D2236372E30223E3C2F6F6D6764633A426F756E64733E0D0A20202020202020203C2F62706D6E64693A42504D4E4C6162656C3E0D0A2020202020203C2F62706D6E64693A42504D4E456467653E0D0A2020202020203C62706D6E64693A42504D4E456467652062706D6E456C656D656E743D22666C6F773136222069643D2242504D4E456467655F666C6F773136223E0D0A20202020202020203C6F6D6764693A776179706F696E7420783D223234302E302220793D223136352E30223E3C2F6F6D6764693A776179706F696E743E0D0A20202020202020203C6F6D6764693A776179706F696E7420783D223234302E302220793D223230302E30223E3C2F6F6D6764693A776179706F696E743E0D0A2020202020203C2F62706D6E64693A42504D4E456467653E0D0A2020202020203C62706D6E64693A42504D4E456467652062706D6E456C656D656E743D22666C6F773137222069643D2242504D4E456467655F666C6F773137223E0D0A20202020202020203C6F6D6764693A776179706F696E7420783D223236302E302220793D223232302E30223E3C2F6F6D6764693A776179706F696E743E0D0A20202020202020203C6F6D6764693A776179706F696E7420783D223337352E302220793D223232302E30223E3C2F6F6D6764693A776179706F696E743E0D0A2020202020203C2F62706D6E64693A42504D4E456467653E0D0A2020202020203C62706D6E64693A42504D4E456467652062706D6E456C656D656E743D22666C6F773138222069643D2242504D4E456467655F666C6F773138223E0D0A20202020202020203C6F6D6764693A776179706F696E7420783D223232302E302220793D223232302E30223E3C2F6F6D6764693A776179706F696E743E0D0A20202020202020203C6F6D6764693A776179706F696E7420783D223134322E302220793D223232302E30223E3C2F6F6D6764693A776179706F696E743E0D0A20202020202020203C6F6D6764693A776179706F696E7420783D223134322E302220793D2237352E30223E3C2F6F6D6764693A776179706F696E743E0D0A20202020202020203C62706D6E64693A42504D4E4C6162656C3E0D0A202020202020202020203C6F6D6764633A426F756E6473206865696768743D2231312E30222077696474683D2234342E302220783D223136332E302220793D223230332E30223E3C2F6F6D6764633A426F756E64733E0D0A20202020202020203C2F62706D6E64693A42504D4E4C6162656C3E0D0A2020202020203C2F62706D6E64693A42504D4E456467653E0D0A202020203C2F62706D6E64693A42504D4E506C616E653E0D0A20203C2F62706D6E64693A42504D4E4469616772616D3E0D0A3C2F646566696E6974696F6E733E, 0);
INSERT INTO `act_ge_bytearray` VALUES ('7', 1, 'D:/ruoyi/uploadPath/processDefiniton/2020/10/27/e0df0a62-640d-419f-9e7e-1c6a9c951daa.leave-countersign.png', '5', 0x89504E470D0A1A0A0000000D49484452000001C2000000EB0806000000FACC960F000022244944415478DAED9D0B8C15D5FDC76F296D51692B114209255BFD13420C214DD550620D6856DD2AB114DD5D96E7360AA194A6C448815AB296954095145340B4F250442CA5024A00CB6B81CD162C68292E0FA5401196C7AE9497C8D3CEFFFC8673D6B3B373DF8FBDF7CEE793FC3273E771EFEE3DE73BDFFB3B8F995008000000000000000000000000000000000020511CC7697DF0E0C1A5DBB66DFB62C3860DCEBA75EB882C88F5EBD73B5BB66CF954C5106A29A073740E6944C4515D5DEDD4D7D73B972F5F26B2281A1A1A9CCD9B379F5562798C9A0AE81C9D439A905F888823AB457259FD72DC4B4D05748ECE214D4833091531BB4309E42A3515D0393A873421EDD454C2AC1788434D05748ECEA18505F2D999E3CEC1ED0B9CDDEB27BB21EBB28D0A8C40009D13E83CEF0572FE749D53FBB749CEBF568D6B12B24DF6518911880F37A32E744E608479239023BBDF69260E134777AFA41223102F452A1CBD04744E6084B92F90BD55BF0F2B10D94725462016852A4EAB98A197FD50193A2730C29C1748EDBA67C20A44F651891188C704FB599961036688CE892CD2F933CF3C73F3ECD9B39FADACACDC3169D2A486D1A3475F193C78B03370E04037468E1C79EDD7BFFEF5E9C99327EF7CF1C5175FFEED6F7FFB7F0804816084099960B4ED80CE894CEA7CCA94290F565454FC73C89021FF5306E8AC58B1C2D9B56B977B97856BD7AE398653A74E39FBF6ED73DE7DF75D67FAF4E98E1CAF8CF1883A6764DFBE7D5B075520327A2C9C40641F9538F0465814C5ECCC7EFA0CD13991699D8F1D3BF67B13274EDCF9C4134FFC6FE9D2A5AED1C5C3952B579C9A9A1A476586FF53D9E3891123463C124481ECAF99155620B28F4A1C68238CD5E4C80CD13991699DAB2C6ECCE38F3F7EF5B5D75E732E5CB8E024CBF6EDDB1D658457468D1AB5A2B8B8B86D900472AA6E9753BBB6A2797389DA26FBA8C48135C2C23833BD788F07748ECE1365C284092FFFE217BFB8F6FEFBEF3BA9E4DCB973CEECD9B3AF9497971F5366F89DA00844E2D08E85CD0422DBA8C08135C244333C39EF3C6688CE8934EA5C4C70CC9831EE0D66D3C5E2C58BBF183264C85965865D0321904B979CFD7F9FD3BCB9446D937D54E2C01961B2CD9C3493A273225D3A97E650C904D3698286B7DF7EFB9232C3BA5CCF0CA30944EE28F171CDCCB07D07B28FBB4E04CA088B5264624598213A2752AC731918237D823B77EE7432C51B6FBC716CD0A041EFE4F288D2B00251BF008FEFDFE87CF8EE6FC28AC3841C23C7F2AB31EF8D30D5A33FC90CD139914A9D4F9830E143191893697EF5AB5F1D2B2D2D1D934F0289F6EB905F8D813442EF4097AFA818AE97F1E03D8F0134E89C4885CE659EA04C9148C5E8D078A9ABABBBA6B2C2FF969595B5CF1781C4F2EB30D2AF462A75DE19A1377313139B17BA7E3FD179719861B8F33043748ECE93D5B94C965FB66C99D3524C9B366DB732C2A9F9229044C561824A9D5746E8D77C395C9B99138719DA266862187D86E89C4881CEE5B6697207987827CBA7382BAC5746F8692EF615F2C04E8C3081012D7EA616C90CFD8E9FEB733C7D86E81C9D27C29C3973A6CA6DD35A9A9FFFFCE71F2933FC110221B24920AA4EAE4BB05E461B1813AB19C66A82219A49D357BEE83CCF8D506EA0BD72E5CA1637C2175E78A1269B9A4711080211CC0DE5A53E949696FE30C18131A104CD305E13B43F9FA756A4B07CD1799E1BA13C45426EA0DDD26CDBB66DA7AA90550884C84623B4624D941F48F1364F8633C356099A207D8669285F749EE746288F52CAC404FA689C3871E2B8AA84C7110891E546D8F803C9A73E24DA47E767861F256182F419A6B87CD1799E1BA13C4FD07E94524B2215108110B96084F60F24DD62906C06E66786C998207D86292C5F749EE74628859D2DE482112290DC8B18CA32A91830608031AC194956BB563E99E0477A7B32CC48F7771084404B64841933C25C0B8C30B019E176F543A89F35E527D9DBA745CA08E765794658A8FFCE8E514C5E8EB947BF6EA3E2037DEE01153DF4F63E96F1DFABE2651DE633065BEF79878AAFFB7CD6E72AA6A7B27CD1397D8419A1A1A1E15896F711668540E462F0DC73CF3529FC418306C94DCC9D6F7EF39B4E6D6D6DE3BE63C78EB9C7CBB6FDFBF73B0F3FFCB01B726C972E5D9C3FFDE94F317FA67C46AC7FA3BC7FB76EDDF2D508BD06E83584F369EA234CC40C33D14778A3FEFBC4C07A8739A68F6564A52A2EA9B845BF6EAB9703F4B1BDF4EB6F6943ECA0B7C9936A6EF7BC6F077DACD7E4CDE7A4AC7C73C908E5FFF76A7BC992258D9A94EB82BD4F1E9EDEB56B5747FDCFAE767BF6ECE96CDDBAD5292929715FDF74D34DF96F844F3FFDF4A7BB77EFCE9651A3D5596C841913887D0134DB366FDEEC56CACACA4A77BB546CA9B812A662CBF6458B16B9EBFBF6ED73AAAAAA9C5EBD7A398F3EFAA8FB70E58B172F36BE9F54EE071F7CB0F1F5E1C3879D5B6FBD35ECDF73DF7DF7F9EE93F794CF9018366C98FB3776EAD4C90D5997983F7FBEFB1E478F1ECD6523DC5A5656D63F869B3EC49B81859B22D12A14DFA4FB961A352A7FD7935606772D4C3658681DBF406772B25EA0971D3CEFD94E45B165A0ABF5FA619FCFEFA6E22F3A0A2D639565CF54946F2E1AA12CEFBFFF7EB7FE2F5EBCD859BA74A9FBA358B66FD8B0A1C9F13B76EC7097070E1C709772ECF9F3E71BF72F5FBE3CFFE711AE5EBD3A2BE611AACAF87C161A61C605E23541F706BFAA52CA2F37F37ACD9A358DC74AB627FBCC363B1B5CBB76ADEF67788D500C74C8902161FF9E0E1D3A84FD7BC564E56F90F7F31AA108AA7BF7EEB99C1146CA0093CDC4A2CD13FC4A8266786728FDF308DBE8BF6797FE7F4DBCA8B77FACA28B6E2E35E6F49036CA4774C6B6552E41D67B16E863CF594639542F5FB1DEE736159DADD76DF4B64432C298CA37578C5032B9EAEAEA26DA94EF4334285ABCE1861B9CB367CF36D3F79E3D7BDCE5ECD9B3DDA54CA9FBF18F7FEC6AD8ECCF6B2354FFF8F42953A6B4B8118E1933A65655CABE5964842D26103F2334DB25EB3A74E890BB2E599C3142591E3972A4F1D813274EB8DBC2FD7D5E2394F735D9A437E393F7F9C637BE11F16F169149D3ACD708DBB76FEFFCF4A73F0DE22DD6A26564B14E968FD70C4DF36CFF34FE6F1D75F6D7DA633EF667DACDA492B12DD37FDB03BA6FD0185D67BDBC45BF9FE94BEC1EC5085B59C776B19A490BE231C258C9152394FF5DB2BFB7DE7ACB353F594A763871E2445793A2715BCBF2DABE968801CAF544746F5A90EC1FE0796B84E3C68DFBCEF0E1C35BE4C913D61C42B9D7E867E5E5E56D726DF875268C50B23B31951E3D7A383367CE744D4C2A784141815BD965BF3475486536E7C8BD63E3C908A58F400CD6EF17A6BC4FBB76ED9A34AD7A43FA1C25BC4628FD0D0135C2489961BC778C89D50CCDE7F5CFD0FFF77D15AF79FAFFDED1DB6C2413ACD5EB6DADA650C7EA2B2CF698EAED96E9996C32E45937AFEFD6EB3DE3CD08F3C908A53BC4FC48B65B8CA4DBC2745348978A6C93E3A495E9A5975E725F9BEB856484D212B66AD5AAC6AE0EF9811B887B0A8F1F3FFEDF9B366D6A31239C356BD60E957DBD928BF3903295114A4515D333CD8F5FFBDAD79A357FDA0288C70863E91F94FE46BF2CD56E8231EB627E1266E08C9C17C944F3FCE913453ECD94C343F1CF13CCC6A74F44CA08BDDFC11E8F11B6D3CDA40FF98C06B58DB0C0CA108BAD81347E4668785C1B6CA08CD0FC6096EF64EEDCB94E454545B3664D735D90FF47FA038DC64DDFA1B4EC986D0D0D0D8DBA6F49FD664CE713264C287BEAA9A7BE68896914EA027A559E473878F0E0EF6284E18D50DAF5BDA627CD18F600197B3D1E230CD73F689A4565B08B79FF69D3A63539467E594A5F8284DF6019B9A1FBD8B1631BC516D0E7117AA756D8A616CF64F970E7657AD2BC34496ED6614F6D58A0D78BF4EB4ED6FF7F49EF13A33E62358DF6D0A34ACDFB1ED1E13702B593EE0FB49B5FE53D9EF28C500D6CD3A8E91394CC2F5A46685F6F8C114A4628DA951FC7D2CA24DB76EEDC199CA7CC8C1E3DFA8474B2669ACACACA5D2A159F19CA5132395846B6DD7DF7DD8DBFFA4C33888CF852597D935F7FF11861B8FE41D327695E8B2064DBC2850B9B98A584DD9412A98FD0FEDFC2ADE7F913EAED87F30E0B25F6847AFBBCA250CBDC39269E49FEEFA9A8F164846DAC8CCFD04B8F0E0DE98CF0BF2A2A7453EBEBFAF833BA4FF0362B3BECAACD70BC8A5956C6FC479D7906C6088D9644AB66008C68D32F23F4334293119AED2D3DD02DE33A1F3972E40323468CB872FAF4E98C99E0071F7CB0BFACACECDFC5C5C56D31C2C84628E512B2863DDB8364C4C4A4827B9B49429E61D2A61954571847FDF809DB3F28FBFDFAF64CE7BA4CDBB09B43EDCE75F9D569042502B39B66026C84F18C264DA6D9157244E7E93442BBDF4F06CFD82D38B2CD1E0063B72E19DD8A79CA7804D9264F270AD47347478D1AF5D7175E78E16A269A48D585FA823489969494142290D8468D863BD6FEC567779C87F4BC20EF3E3367C83479DA21234F3B76EC1871DE90F443867C46A44AF3AD648B21CFA4FF803FA13E5D66C80DB53142DF901FBFF61C40636E668EA04C940F377D42AE0DD2BFFFEAABAF36F9411DEBCD37F242E73255E0673FFBD9217531BB924E13ACAFAFBF565E5E7E4C6583631148F390E1CD26D251613EFBEC333753936532DB79427DCAFA0C337D3EE4B111728BB514A0CCA9FDD0A1434F2D5BB6EC72BA32416D82531148CB84E90FF00E5E89773B469812338C37A3E36912E89CC884CE6504E7902143EAE6CF9F7F22D57D82D21C9A0F9920468811B6403329CDA1E89CC8A4CE253354A6F58E8C263D7CF8F0A564A748C8E850191893EB7D8218210269213394DBA6A5FB8E31801162847E9496968E518678F2D9679FFDF0C0810327E2BD63CCECD9B3B74B163870E0C039B93C3A1423C408D3DC4C7A3E4273A7191D8A09A273A2A5742E06A68CEC191547468E1CF9D173CF3DB7B5AAAAEA834F3EF9E4B06D7CA74E9D3A294F91901B68CBBD43E5B66972C7985C9D2C8F116284599019D21C8ACE896CD3B93C955D9BE21A1587545CB59ED4705C9ED6204F91901B68E7E2BD4331428C308BCC101344E744FEE91C816084082446339C8109A273022344201861500552242D2C21A648A0730223442018615005A28D10D039811122108C102304744E6084080423C408019D13182102C108314240E704469885781F738411665D5C5402B98A1142D0741EB0C8499DE70D5BB66C395E5F5F9F539526484F9FA8ABABFBB312C85E8C1082A6F32045AEEA3C6FD8B871E34F366DDA74E6E4C9939F5321B3EB17A28863FDFAF587553C8611023A47E790465401F453BF46B64B6A2EEDD4B91A6FBEF9A67B87A05CFE1FAC90B2D89BABE2C008D179BA234FB49ED33A87ECBCF8AE1471C8039AF9363042A08E01040A7D0F59F7BEB1656565DCD1848B1450C700026784CBAD9BA76FE71BE12205D431802009E24ECF53441C658CDCEC998B1450C70002238895B6099AAC90BE422E52401D0308643668A2ACAC8C27A2739102EA1840DE8B618D9F09EAD8CA37C4450AA8630081CC06E92BE42205D431802008616524136404291729A08E01200EA01C803A068038807200EA1800E200CA01A8630088032807A08E01200EC86439B45221EBF7E8D76D547CA0A250C501153D3CA776D6C7DFA8973D7DDEBE8F7E5FE15E152FEB28D4E70CB68EBD43C5D77DDEE37315D32929B40E8038209DE5D0C732A752159754DCA25FB7D5CB019E5365DB1FF4BA1CFFB8CFDBF7D2C77D4B1B6207BDADAB8ADB3DC776D0C716F97C4E292585D6011007A4B31C5A692334C6B3406767B25EA0971D7C0CEEEB1EC31AE0F311B2BD9D8A62CB6C57EBF5C33EC77653F1171D85D6FB86CB3A01AD03200E489CFEFDFB3B96E13CA4E29A8A4774162677FCA9F49C628CF1157D9E89A7F5F617B5B116E8EDE72C531DEA3957D66F0B5D6F6635AFDBE86D6484681D007140C6CA41B2B065DA8C1E085DEF1B34E665FA02A5A9549A49EF0A7DD9EFE7E84C2F64656CB2947BC7B60E7DD9EFD83D8A11B6B28EED12FAB299B4002344EB00880332510E9209D6EA4DA64FB0836580B6E1853CD95A7F9F75EF31B75BA6673E2FE45937AFEFD6EB3DC908D13A00E2804C95830C50D9E33142E9D7BBA68DCA3BC253E8E76362D18CB0C0CA108B435F0EA4F13342C3E3DA8C01AD03200E48AB11CAC8CF426D7047425F368DCAB4893E9ED3BA5866F975CB3CED119FADF4FB48F4F6F9E84EA1EBFD8186DEFA3D9EB2B6F5212344EB00880332510EEFA9A8F164846DAC2CCEA62A747DD4A7A19B3EEE779EE37A59C74946F85F15152A5E53F1BA3EE78C36D5DBACECB0AB36C3F12A66E9ED127FD4C60B681D007100E500D43100C401940350C7001007C4F99DF35C4840EB008823D0DFF99D2AAE4632C2D2D2D27E7C5380D60110473E7FEF6B2218E1D6BE7DFBB6E65B02B40E8038F23D2BF435C2B2B2B2FE7C4380D601104710BE7BBFBEC2ED648380D601104790B2C2ABF40D025A07401C814519DF72B24140EB008823C846F843AB6FB0886F04D03A00E2086219B87D85648380D601104750CBE04ECA01D03A00E2880BC7715A1F3C7870E9B66DDBBED8B06183B36EDD3A220B62FDFAF5CE962D5B3E55310475A17500C49146C404ABABAB9DFAFA7AE7F2E5CB441645434383B379F3E6B3CA141F4361681D0071A409C90431C1AC36C3CB2A43DC8BC2D03A00E24813D21C8AE164772823BC8AC2D03A00E24813D21F85D964BD1172E145EB0088A3A58DF0B333C79D83DB1738BBD74F7643D6651B468511A27500C87B233C7FBACEA9FDDB24E75FABC63509D926FB302B8C10AD03405E1BE191DDEF343341134777AFC4AC3042B40E00F96D847BAB7E1FD608651F668511A27500C86B23AC5DF74C5823947D98154688D6010023243042B40E8038F2D5086594683823947D98154688D60120AF8D707FCDACB04628FB302B8C10AD03405E1BE1A9BA5D4EEDDA8AE6CDA26A9BECC3AC3042B40E00793FA1FED08E85CD8C50B6615418215A0780FC37C24B979CFD7F9FD3BC59546D937D98154688D601206F8D50EE1CF371CDCCB07D84B28FBBCB6084681D00F2CF0855A6777CFF46E7C3777F13D6044DC831722CD9214688D60110475E1861B42C90EC102344EB0090D746184B1618293BC4BC3042B40E803872DA081335411398174688D60110474E1B218111024608801112182160840018218111024608801112182160840018218111024608801112182160840018218111A275BE05008C90C008D13A006084C9444343837C5FCED2A54B9D0B172E38050505CE7DF7DDE70C1B36CC8DB7DF7EDBDDEF3D4FB64D9B362DECEB70B17CF972A74B972E61F7EFD9B3C7D9B76F9FEFE7BDFAEAAB18216084001861EAE31FFFF887D3A95327E7E2C58BAEE18819C972E6CC998D26648EBDEBAEBB1ACD71FEFCF94EFBF6ED9D1D3B76B8AF1F7EF8E1C67DF21EE69C9B6EBAC979F0C107DD7D93264D72DAB56BE73CFDF4D38DC76EDDBAB599E9C9DFB461C30667D0A0414D3EEFADB7DE72D78F1E3D8A11A275531EB2ECA2A29D8A56D6B66E2A6EF39C26DBFFAAE21515852ADE5571975E6FE05B058C90A651D764162E5CE82EFBF6EDEB5457573731C2FDFBF7BB599D31A6DEBD7B3B2B57AE74162D5AD478FE92254B9ABDE7E2C58BDD753135C93AED7DDEE36B6A6A1AB355F91B6C2394A51824192168ADB7D1E6F6818A47F4FAED7A79AF5E76F018E10615EF59AF0758EB0FF1CD024618202394AC4A4CE6861B6E700DCF18D34B2FBDD4683C9215DA4668B23A63985FFDEA579DCACA4AD724C4C064BB98A5D7087FF0831F84CD08ABAAAA1A9B45CDB623478EB8EB8F3EFA68E3367BDD9C8311065EEB12651EA31BA097A3547C6EEDEBA9B7F753714667818E5E165A5924004618A48CD034874A93A3312DC9F8BC4666D60F1D3AE4667FB2AD478F1EAE31C9F653A74EB9DB4A4A4A7CB34C93F545CA08A58FD26CDBB56B97FBBA73E7CECEFDF7DFEF9E674C5B4C928C102C2314E33BA0A2BB7EDDCB638CFDF5FA53FA75A59511EE545165196127BE59C00803D8346A9B9F69C614D3917EC313274E3431C25EBD7A39AB56AD6AECA7EBD6AD9BDB342A0359CCC01B09392F5E23B4B7C9E01DB32E9F690FDC31D92B46186C0A0B0BA53C8A759D9BA5A248AFCF53F1B2656EB7EBE8A85FCB39C755FC45455B15BD75F3A9ECBB836F1630C2801A616D6DAD73F6ECD9C6665193E1C976638492894996268624DFB32C6FBDF55667F4E8D1EEBA19C8E2EDC38BB569D43E5E3242C93E657DF3E6CDBE268911A2F5D0F5C1317616E8E80CCF6B84768658A68DF0759D010EB59A480130C2A01AA11860F7EEDD1B07C74896264B6346DEE65419E9294B6366B294FE423368C6FBFEC61CBD19E1DCB9737D8FFFF6B7BFDD988DCA8019324288A0755976B5B2BA3E619A466DA37CCFDA36526F6FC7B70A1861808D509A366529199F2C0F1F3EECAC5DBBB6591FA17DCECE9D3B9B195BB488E578796F2947B36EFA2FC9082182117E16C1F82219A13497FE21D474F42800461834233C7FFEBC3B895D9A41EDED667EA0CC1DF49B4728E6595151E1CE25344D9DC650A5BFD0EFB3A489F49E7BEE893AC9DF363EF9DBA43FD24CEBB0FB1F3142B41E6A3AE541B61584AEF7FDC97AADB5CF34A3BE11BA3E77F09ED0F5413621EBF8897CB3801106D008E31D65CA2DD600AD03208EC01A21F71A05B40E803830428C10D03A00E2C008314240EB00880323C40801AD03200E8C102304B40E803830428C10D03A00E2C008314240EB00880323C40801AD03200E8C102304B40E803830428C10D03A00E2C008314240EB00880323C40801AD03208EC8781F664B645D5C5446781585A17500C49126B66CD972BCBEBE1EC3C9D2A8ABABFBB332C2BD280CAD03208E34B171E3C69F6CDAB4E9CCC993273FC778B22B1314135CBF7EFD61158FA130B40E8038D288BAD0F65359C776698293FEA85C0E29875CFF1F744859ECC504D13A00E200CA01A8630088032807A08E01200EA01C803A068038807200EA1800E200CA01A8630088032807A08E01200EA01C803A068038807200EA1800E200CA01A8630088032807A08E01200ECA01803A068038280700EA1800E2A01C00A8630088837200A08E01200ECA01803A068038280700EA1800E2A01C00A8630088837200A08E01200ECA01803A068038280700EA1800E2A01C00A86310586E57D14745918A012A8A551C5231CDE7D8DB5488005A7BB67F4BB6979494841387A33FC38F3B54DCE2737C0545C3450AA86300E946CCE9651D85DA80E6E97531C46BFAB8562A365BC7BCA1A2BF8A4BDAC8DE51B1A0B4B4D488E34615EFE9EDE69CE97AFDB08A7ED6DFD04EEF17435E6D1D3FCB5AEF4C51719102EA18403A1083EBAD0DC7988E18E0032A767A8EBD45EFBF512F4D76F8908F38DA5AC7980CAF97B53EDCF3DEF7E86577EBEF7844C53E9F63818B1450C700528AE3C9C48A75C676D23AA693B57F858AA12A26EAD713CDBEC2C242AF11BEE993113A96F175D5DBF6E9F5156132C2BB29A6B017A49572518A12DBF9A600230448CE08433A4B34C7C8FE519E0CB15F1C1961A95E6F6D6DEBA68FFFAB65A01F5BE781FF05E94E15572319616969693FBE29C00801C27397C714BB69832AF01CD72174BD1FCF345BDAC78733C27019E1933E662CEF23CDAC6754545AC776A388A25E94D64430C2AD7DFBF66DCDB7041821803F1D43D79B23ED26C979614CC86475753A6B2C8D9211DEEB73AE31DE8E3E4628CDA5653A13FD1D46187756E86B84656565FDF98620C9FA45F33BE42D9DB5D9BCA2E2458F11DAA34825FB6BE731BDCE7AF99A6564FD22FC4AB4FB05C3ED97A6D6053A623D0F225FACB6930D428A7E68D1FC0E7949AB388E6DA79752D9F784AE379B7EDF635885518CB030CC3E63AED2F42A7D82AFEBED0FE8ED775054895DACB838410AEB17CDEF00318A857E83164419DF72B24148E30F2D9ADF0130C2AC37C21F5A17A722BE1148B1BE697E07C00873E762C5C509D29415D2FC0E801166FFC56AC080019403A4059ADF0130C25C409A441DBD0448B511D2FC0E801166353232F7B48A197A49B315A443E734BF036084596D82FDACCCB00133844451195F7B95012A590F7C5E45958A239E8132C765EA843AE61575EC136AFD7B7C6B80116284D96282D1B60384A5A4A4A450F7055E8CE18E3276C8409AAD2ACAC9160123844C5214C5ECCC7EFA73209A7E6554E8F638CD2F5CEC952C916F153042C894094633393243888832ADA9DEA91183070F76A64E9DEA2C5DBAD4D9BD7BB773FCF871E7E2C58B8E70E5CA15A7BEBEDEF9F8E38F9D65CB96B9C70D1D3AD4CF10D7A8F7F92EDF306084900E0AE3CCF4E23D1E02407171715BDDFFD7685EE5E5E5CEA2458B5CA38B870B172E382B56AC70C68E1DEBBD0FE969B5ECCBB70D1821A4C304FB2570DE79CC102C13ACB64D6BD2A4496EE6970CD7AE5D7356AF5EED6694D67B9F57F118DF3A6084D0922698AAF3217FF4DA241394265031B154515757E78C1B37CE36C38BDC89063042489668036332FD3E90A3E83EC14693DAB66D9B930EA44F51FA0FEDCC507D76774A00304248C6BC52D5AC4966185C9D36B967A86482E94406D64C9932A5C9FC4399A3484900460889989631C1AFA818AE97F1E03D8F013401A4B4B4F49F769F602A9B43C371EEDC3967C48811F6009A19940460849068E62626362F74FD7EA2F3E230C370E76186014226CBDBA343931D18130FEFBFFFBE77F0CCF72811C008215E130CE98CCEB1221633B44DD0C4306B3F7D86C1D168E33305658A44A6993E7DBA6D86CF532280114224C299939FA9453243BFE3E7FA1C4F9F619E23FD72E6B66932B521DE7982A9E0C081034DE617AAACF4664A0630428864824571989B9F19C66A825E33A49934F74C6E9D8A1F453A46DF40DB352119C9D952D813EED5DFDC9FD2038C101235A3686618AF09DA9FCF532B72507BDA58D6C93303C31CF37CA6468A4662C992250C9A018C10A29A60AC2614CE0C5B256882DE8C1433CC3123B4EFF1E9CD10ED09F4FBF6ED6B312394398BB671537A801142A22618C90C3F4AC20493FD7B203B8CB0D1688C21DACF13CCE468512F9F7CF249933985941E6084908A0CCCCF0C933141AF19D26798A346686788F66BF31489964026D8DB7F0BA5074113231126D4D7976C5F492B9F4CF023BD3D1966503EF9172D0D460800E132C24433AF4819613C93EEC908F3EF47E876B9D1B53C319E8C1000B21DF388A474F411266286F411E6B611361AA0750C7D8400901366184F06166E8A84DFA8D178CC9051A3B96B845B656E9E6D80D6318C1A05809C32C36826146D9E60BC77A031DC19621E612E1A61B30CD0E79899D9308F503EDB32EE99941E00249291C53A593E5E3334CDB3DCED230F51D9D7906CB8B38CE761BD3CB51E00E2CE0CE3BD634CAC66683E0F13CC53060F1EFC5DFB5EA3F268A416EE1FBCC87309012096CCD0DB4C393C14FF3C419E3E012E763FE1B265CB326E8473E6CCB18D7001250200B19AA1F7A1BCF342F14F960F771E53240284DD3C3A7AF4E88C4EA3A8ABAB733351F3F983060DFA3E250200B1E2F770DE61A1C49E506F9F97ECFC45C831F47CC20F8D19AD58B12263463879F264FB66DBCB290D0048D60C539169323A34E059A16468FFF9CF7FD26E82AB57AFB69B44AF2A23EC414900404B9A2193E5038EFDA4FA279F7CD2B970E142DA4CB0A6A6A64993A88A51940000249BC925D39C497328848A8B8BBFA30CA9C198D3942953DC5B9FA5C304CBCBCB192003006933C378333A06C64023F2005F15A78D49491FDEA953A752DA1CEAC904D728036ECB370F00A922DEE64D9A43A119723B3633B75042B237B9055AB2A3432B2A2A9A3D060A130480963443B96D1A778C015F4A4A4A0A95519DB78D4BEE3C13EFFD4865B2BCCC13F464816E7328260800E9A4489B5C5184FD0D982044C90CBBDB4FA730F1CB5FFED279F3CD379DEAEA6A7774A9E94794A5189F648F72EFD0F1E3C7FB3D02EA2A036300A0A533439A432166246B538638D59B1D2612324F90291200D0D26688094242E87B9256DA0369620CE96B5CC01D6300201BCC70062608C9525E5EDE46F71F3E2F835D7C9A4E8FCBF304E5514ACA340772036D00C816A44FD009314502000002CCCD7C050000000000000000000000000000000000000000000000000000000000B1F3FF272A154C4787DE0B0000000049454E44AE426082, 1);

-- ----------------------------
-- Table structure for act_ge_property
-- ----------------------------
DROP TABLE IF EXISTS `act_ge_property`;
CREATE TABLE `act_ge_property`  (
  `NAME_` varchar(64) CHARACTER SET utf8 COLLATE utf8_bin NOT NULL,
  `VALUE_` varchar(300) CHARACTER SET utf8 COLLATE utf8_bin NULL DEFAULT NULL,
  `REV_` int(11) NULL DEFAULT NULL,
  PRIMARY KEY (`NAME_`) USING BTREE
) ENGINE = InnoDB CHARACTER SET = utf8 COLLATE = utf8_bin ROW_FORMAT = Dynamic;

-- ----------------------------
-- Records of act_ge_property
-- ----------------------------
INSERT INTO `act_ge_property` VALUES ('cfg.execution-related-entities-count', 'false', 1);
INSERT INTO `act_ge_property` VALUES ('next.dbid', '2501', 2);
INSERT INTO `act_ge_property` VALUES ('schema.history', 'create(6.0.0.4)', 1);
INSERT INTO `act_ge_property` VALUES ('schema.version', '6.0.0.4', 1);

-- ----------------------------
-- Table structure for act_hi_actinst
-- ----------------------------
DROP TABLE IF EXISTS `act_hi_actinst`;
CREATE TABLE `act_hi_actinst`  (
  `ID_` varchar(64) CHARACTER SET utf8 COLLATE utf8_bin NOT NULL,
  `PROC_DEF_ID_` varchar(64) CHARACTER SET utf8 COLLATE utf8_bin NOT NULL,
  `PROC_INST_ID_` varchar(64) CHARACTER SET utf8 COLLATE utf8_bin NOT NULL,
  `EXECUTION_ID_` varchar(64) CHARACTER SET utf8 COLLATE utf8_bin NOT NULL,
  `ACT_ID_` varchar(255) CHARACTER SET utf8 COLLATE utf8_bin NOT NULL,
  `TASK_ID_` varchar(64) CHARACTER SET utf8 COLLATE utf8_bin NULL DEFAULT NULL,
  `CALL_PROC_INST_ID_` varchar(64) CHARACTER SET utf8 COLLATE utf8_bin NULL DEFAULT NULL,
  `ACT_NAME_` varchar(255) CHARACTER SET utf8 COLLATE utf8_bin NULL DEFAULT NULL,
  `ACT_TYPE_` varchar(255) CHARACTER SET utf8 COLLATE utf8_bin NOT NULL,
  `ASSIGNEE_` varchar(255) CHARACTER SET utf8 COLLATE utf8_bin NULL DEFAULT NULL,
  `START_TIME_` datetime(3) NOT NULL,
  `END_TIME_` datetime(3) NULL DEFAULT NULL,
  `DURATION_` bigint(20) NULL DEFAULT NULL,
  `DELETE_REASON_` varchar(4000) CHARACTER SET utf8 COLLATE utf8_bin NULL DEFAULT NULL,
  `TENANT_ID_` varchar(255) CHARACTER SET utf8 COLLATE utf8_bin NULL DEFAULT '',
  PRIMARY KEY (`ID_`) USING BTREE,
  INDEX `ACT_IDX_HI_ACT_INST_START`(`START_TIME_`) USING BTREE,
  INDEX `ACT_IDX_HI_ACT_INST_END`(`END_TIME_`) USING BTREE,
  INDEX `ACT_IDX_HI_ACT_INST_PROCINST`(`PROC_INST_ID_`, `ACT_ID_`) USING BTREE,
  INDEX `ACT_IDX_HI_ACT_INST_EXEC`(`EXECUTION_ID_`, `ACT_ID_`) USING BTREE
) ENGINE = InnoDB CHARACTER SET = utf8 COLLATE = utf8_bin ROW_FORMAT = Dynamic;

-- ----------------------------
-- Records of act_hi_actinst
-- ----------------------------
INSERT INTO `act_hi_actinst` VALUES ('13', 'leave:1:4', '9', '12', 'startevent1', NULL, NULL, 'Start', 'startEvent', NULL, '2020-10-27 10:26:18.488', '2020-10-27 10:26:18.497', 9, NULL, '');
INSERT INTO `act_hi_actinst` VALUES ('14', 'leave:1:4', '9', '12', 'deptLeaderVerify', '15', NULL, '部门领导审批', 'userTask', 'axianlu', '2020-10-27 10:26:18.504', '2020-10-27 10:26:49.725', 31221, NULL, '');
INSERT INTO `act_hi_actinst` VALUES ('21', 'leave:1:4', '9', '12', 'exclusivegateway5', NULL, NULL, 'Exclusive Gateway', 'exclusiveGateway', NULL, '2020-10-27 10:26:49.725', '2020-10-27 10:26:49.748', 23, NULL, '');
INSERT INTO `act_hi_actinst` VALUES ('22', 'leave:1:4', '9', '12', 'hrVerify', '23', NULL, '人事审批', 'userTask', 'axianlu', '2020-10-27 10:26:49.749', '2020-10-27 10:27:39.352', 49603, NULL, '');
INSERT INTO `act_hi_actinst` VALUES ('27', 'leave:1:4', '9', '12', 'exclusivegateway6', NULL, NULL, 'Exclusive Gateway', 'exclusiveGateway', NULL, '2020-10-27 10:27:39.352', '2020-10-27 10:27:39.352', 0, NULL, '');
INSERT INTO `act_hi_actinst` VALUES ('28', 'leave:1:4', '9', '12', 'reportBack', '29', NULL, '销假', 'userTask', 'chengxy', '2020-10-27 10:27:39.353', '2020-10-27 10:28:23.558', 44205, '用户撤销', '');
INSERT INTO `act_hi_actinst` VALUES ('34', 'leave:1:4', '30', '33', 'startevent1', NULL, NULL, 'Start', 'startEvent', NULL, '2020-10-27 10:28:48.704', '2020-10-27 10:28:48.704', 0, NULL, '');
INSERT INTO `act_hi_actinst` VALUES ('35', 'leave:1:4', '30', '33', 'deptLeaderVerify', '36', NULL, '部门领导审批', 'userTask', 'axianlu', '2020-10-27 10:28:48.704', '2020-10-27 10:29:16.487', 27783, NULL, '');
INSERT INTO `act_hi_actinst` VALUES ('42', 'leave:1:4', '30', '33', 'exclusivegateway5', NULL, NULL, 'Exclusive Gateway', 'exclusiveGateway', NULL, '2020-10-27 10:29:16.488', '2020-10-27 10:29:16.488', 0, NULL, '');
INSERT INTO `act_hi_actinst` VALUES ('43', 'leave:1:4', '30', '33', 'modifyApply', '44', NULL, '调整申请', 'userTask', 'chengxy', '2020-10-27 10:29:16.488', '2020-10-27 10:30:06.185', 49697, '用户撤销', '');
INSERT INTO `act_hi_actinst` VALUES ('49', 'leave:1:4', '45', '48', 'startevent1', NULL, NULL, 'Start', 'startEvent', NULL, '2020-10-27 10:30:56.119', '2020-10-27 10:30:56.119', 0, NULL, '');
INSERT INTO `act_hi_actinst` VALUES ('50', 'leave:1:4', '45', '48', 'deptLeaderVerify', '51', NULL, '部门领导审批', 'userTask', 'axianlu', '2020-10-27 10:30:56.119', '2020-10-27 10:31:17.248', 21129, NULL, '');
INSERT INTO `act_hi_actinst` VALUES ('57', 'leave:1:4', '45', '48', 'exclusivegateway5', NULL, NULL, 'Exclusive Gateway', 'exclusiveGateway', NULL, '2020-10-27 10:31:17.248', '2020-10-27 10:31:17.249', 1, NULL, '');
INSERT INTO `act_hi_actinst` VALUES ('58', 'leave:1:4', '45', '48', 'modifyApply', '59', NULL, '调整申请', 'userTask', 'chengxy', '2020-10-27 10:31:17.250', '2020-10-27 10:31:40.355', 23105, NULL, '');
INSERT INTO `act_hi_actinst` VALUES ('61', 'leave:1:4', '45', '48', 'exclusivegateway7', NULL, NULL, 'Exclusive Gateway', 'exclusiveGateway', NULL, '2020-10-27 10:31:40.355', '2020-10-27 10:31:40.356', 1, NULL, '');
INSERT INTO `act_hi_actinst` VALUES ('62', 'leave:1:4', '45', '48', 'deptLeaderVerify', '63', NULL, '部门领导审批', 'userTask', 'axianlu', '2020-10-27 10:31:40.356', '2020-10-27 10:32:01.012', 20656, NULL, '');
INSERT INTO `act_hi_actinst` VALUES ('66', 'leave:1:4', '45', '48', 'exclusivegateway5', NULL, NULL, 'Exclusive Gateway', 'exclusiveGateway', NULL, '2020-10-27 10:32:01.012', '2020-10-27 10:32:01.012', 0, NULL, '');
INSERT INTO `act_hi_actinst` VALUES ('67', 'leave:1:4', '45', '48', 'hrVerify', '68', NULL, '人事审批', 'userTask', NULL, '2020-10-27 10:32:01.013', NULL, NULL, NULL, '');

-- ----------------------------
-- Table structure for act_hi_attachment
-- ----------------------------
DROP TABLE IF EXISTS `act_hi_attachment`;
CREATE TABLE `act_hi_attachment`  (
  `ID_` varchar(64) CHARACTER SET utf8 COLLATE utf8_bin NOT NULL,
  `REV_` int(11) NULL DEFAULT NULL,
  `USER_ID_` varchar(255) CHARACTER SET utf8 COLLATE utf8_bin NULL DEFAULT NULL,
  `NAME_` varchar(255) CHARACTER SET utf8 COLLATE utf8_bin NULL DEFAULT NULL,
  `DESCRIPTION_` varchar(4000) CHARACTER SET utf8 COLLATE utf8_bin NULL DEFAULT NULL,
  `TYPE_` varchar(255) CHARACTER SET utf8 COLLATE utf8_bin NULL DEFAULT NULL,
  `TASK_ID_` varchar(64) CHARACTER SET utf8 COLLATE utf8_bin NULL DEFAULT NULL,
  `PROC_INST_ID_` varchar(64) CHARACTER SET utf8 COLLATE utf8_bin NULL DEFAULT NULL,
  `URL_` varchar(4000) CHARACTER SET utf8 COLLATE utf8_bin NULL DEFAULT NULL,
  `CONTENT_ID_` varchar(64) CHARACTER SET utf8 COLLATE utf8_bin NULL DEFAULT NULL,
  `TIME_` datetime(3) NULL DEFAULT NULL,
  PRIMARY KEY (`ID_`) USING BTREE
) ENGINE = InnoDB CHARACTER SET = utf8 COLLATE = utf8_bin ROW_FORMAT = Dynamic;

-- ----------------------------
-- Records of act_hi_attachment
-- ----------------------------

-- ----------------------------
-- Table structure for act_hi_comment
-- ----------------------------
DROP TABLE IF EXISTS `act_hi_comment`;
CREATE TABLE `act_hi_comment`  (
  `ID_` varchar(64) CHARACTER SET utf8 COLLATE utf8_bin NOT NULL,
  `TYPE_` varchar(255) CHARACTER SET utf8 COLLATE utf8_bin NULL DEFAULT NULL,
  `TIME_` datetime(3) NOT NULL,
  `USER_ID_` varchar(255) CHARACTER SET utf8 COLLATE utf8_bin NULL DEFAULT NULL,
  `TASK_ID_` varchar(64) CHARACTER SET utf8 COLLATE utf8_bin NULL DEFAULT NULL,
  `PROC_INST_ID_` varchar(64) CHARACTER SET utf8 COLLATE utf8_bin NULL DEFAULT NULL,
  `ACTION_` varchar(255) CHARACTER SET utf8 COLLATE utf8_bin NULL DEFAULT NULL,
  `MESSAGE_` varchar(4000) CHARACTER SET utf8 COLLATE utf8_bin NULL DEFAULT NULL,
  `FULL_MSG_` longblob NULL,
  PRIMARY KEY (`ID_`) USING BTREE
) ENGINE = InnoDB CHARACTER SET = utf8 COLLATE = utf8_bin ROW_FORMAT = Dynamic;

-- ----------------------------
-- Records of act_hi_comment
-- ----------------------------
INSERT INTO `act_hi_comment` VALUES ('17', 'comment', '2020-10-27 10:26:49.649', 'axianlu', '15', '9', 'AddComment', '【同意】444', 0xE38090E5908CE6848FE38091343434);
INSERT INTO `act_hi_comment` VALUES ('25', 'comment', '2020-10-27 10:27:39.298', 'axianlu', '23', '9', 'AddComment', '【同意】555', 0xE38090E5908CE6848FE38091353535);
INSERT INTO `act_hi_comment` VALUES ('38', 'comment', '2020-10-27 10:29:16.447', 'axianlu', '36', '30', 'AddComment', '【拒绝】333', 0xE38090E68B92E7BB9DE38091333333);
INSERT INTO `act_hi_comment` VALUES ('53', 'comment', '2020-10-27 10:31:17.184', 'axianlu', '51', '45', 'AddComment', '【拒绝】333', 0xE38090E68B92E7BB9DE38091333333);
INSERT INTO `act_hi_comment` VALUES ('65', 'comment', '2020-10-27 10:32:00.960', 'axianlu', '63', '45', 'AddComment', '【同意】333', 0xE38090E5908CE6848FE38091333333);

-- ----------------------------
-- Table structure for act_hi_detail
-- ----------------------------
DROP TABLE IF EXISTS `act_hi_detail`;
CREATE TABLE `act_hi_detail`  (
  `ID_` varchar(64) CHARACTER SET utf8 COLLATE utf8_bin NOT NULL,
  `TYPE_` varchar(255) CHARACTER SET utf8 COLLATE utf8_bin NOT NULL,
  `PROC_INST_ID_` varchar(64) CHARACTER SET utf8 COLLATE utf8_bin NULL DEFAULT NULL,
  `EXECUTION_ID_` varchar(64) CHARACTER SET utf8 COLLATE utf8_bin NULL DEFAULT NULL,
  `TASK_ID_` varchar(64) CHARACTER SET utf8 COLLATE utf8_bin NULL DEFAULT NULL,
  `ACT_INST_ID_` varchar(64) CHARACTER SET utf8 COLLATE utf8_bin NULL DEFAULT NULL,
  `NAME_` varchar(255) CHARACTER SET utf8 COLLATE utf8_bin NOT NULL,
  `VAR_TYPE_` varchar(255) CHARACTER SET utf8 COLLATE utf8_bin NULL DEFAULT NULL,
  `REV_` int(11) NULL DEFAULT NULL,
  `TIME_` datetime(3) NOT NULL,
  `BYTEARRAY_ID_` varchar(64) CHARACTER SET utf8 COLLATE utf8_bin NULL DEFAULT NULL,
  `DOUBLE_` double NULL DEFAULT NULL,
  `LONG_` bigint(20) NULL DEFAULT NULL,
  `TEXT_` varchar(4000) CHARACTER SET utf8 COLLATE utf8_bin NULL DEFAULT NULL,
  `TEXT2_` varchar(4000) CHARACTER SET utf8 COLLATE utf8_bin NULL DEFAULT NULL,
  PRIMARY KEY (`ID_`) USING BTREE,
  INDEX `ACT_IDX_HI_DETAIL_PROC_INST`(`PROC_INST_ID_`) USING BTREE,
  INDEX `ACT_IDX_HI_DETAIL_ACT_INST`(`ACT_INST_ID_`) USING BTREE,
  INDEX `ACT_IDX_HI_DETAIL_TIME`(`TIME_`) USING BTREE,
  INDEX `ACT_IDX_HI_DETAIL_NAME`(`NAME_`) USING BTREE,
  INDEX `ACT_IDX_HI_DETAIL_TASK_ID`(`TASK_ID_`) USING BTREE
) ENGINE = InnoDB CHARACTER SET = utf8 COLLATE = utf8_bin ROW_FORMAT = Dynamic;

-- ----------------------------
-- Records of act_hi_detail
-- ----------------------------

-- ----------------------------
-- Table structure for act_hi_identitylink
-- ----------------------------
DROP TABLE IF EXISTS `act_hi_identitylink`;
CREATE TABLE `act_hi_identitylink`  (
  `ID_` varchar(64) CHARACTER SET utf8 COLLATE utf8_bin NOT NULL,
  `GROUP_ID_` varchar(255) CHARACTER SET utf8 COLLATE utf8_bin NULL DEFAULT NULL,
  `TYPE_` varchar(255) CHARACTER SET utf8 COLLATE utf8_bin NULL DEFAULT NULL,
  `USER_ID_` varchar(255) CHARACTER SET utf8 COLLATE utf8_bin NULL DEFAULT NULL,
  `TASK_ID_` varchar(64) CHARACTER SET utf8 COLLATE utf8_bin NULL DEFAULT NULL,
  `PROC_INST_ID_` varchar(64) CHARACTER SET utf8 COLLATE utf8_bin NULL DEFAULT NULL,
  PRIMARY KEY (`ID_`) USING BTREE,
  INDEX `ACT_IDX_HI_IDENT_LNK_USER`(`USER_ID_`) USING BTREE,
  INDEX `ACT_IDX_HI_IDENT_LNK_TASK`(`TASK_ID_`) USING BTREE,
  INDEX `ACT_IDX_HI_IDENT_LNK_PROCINST`(`PROC_INST_ID_`) USING BTREE
) ENGINE = InnoDB CHARACTER SET = utf8 COLLATE = utf8_bin ROW_FORMAT = Dynamic;

-- ----------------------------
-- Records of act_hi_identitylink
-- ----------------------------
INSERT INTO `act_hi_identitylink` VALUES ('11', NULL, 'starter', 'chengxy', NULL, '9');
INSERT INTO `act_hi_identitylink` VALUES ('16', 'deptLeader', 'candidate', NULL, '15', NULL);
INSERT INTO `act_hi_identitylink` VALUES ('20', NULL, 'participant', 'axianlu', NULL, '9');
INSERT INTO `act_hi_identitylink` VALUES ('24', 'hr', 'candidate', NULL, '23', NULL);
INSERT INTO `act_hi_identitylink` VALUES ('32', NULL, 'starter', 'chengxy', NULL, '30');
INSERT INTO `act_hi_identitylink` VALUES ('37', 'deptLeader', 'candidate', NULL, '36', NULL);
INSERT INTO `act_hi_identitylink` VALUES ('41', NULL, 'participant', 'axianlu', NULL, '30');
INSERT INTO `act_hi_identitylink` VALUES ('47', NULL, 'starter', 'chengxy', NULL, '45');
INSERT INTO `act_hi_identitylink` VALUES ('52', 'deptLeader', 'candidate', NULL, '51', NULL);
INSERT INTO `act_hi_identitylink` VALUES ('56', NULL, 'participant', 'axianlu', NULL, '45');
INSERT INTO `act_hi_identitylink` VALUES ('64', 'deptLeader', 'candidate', NULL, '63', NULL);
INSERT INTO `act_hi_identitylink` VALUES ('69', 'hr', 'candidate', NULL, '68', NULL);

-- ----------------------------
-- Table structure for act_hi_procinst
-- ----------------------------
DROP TABLE IF EXISTS `act_hi_procinst`;
CREATE TABLE `act_hi_procinst`  (
  `ID_` varchar(64) CHARACTER SET utf8 COLLATE utf8_bin NOT NULL,
  `PROC_INST_ID_` varchar(64) CHARACTER SET utf8 COLLATE utf8_bin NOT NULL,
  `BUSINESS_KEY_` varchar(255) CHARACTER SET utf8 COLLATE utf8_bin NULL DEFAULT NULL,
  `PROC_DEF_ID_` varchar(64) CHARACTER SET utf8 COLLATE utf8_bin NOT NULL,
  `START_TIME_` datetime(3) NOT NULL,
  `END_TIME_` datetime(3) NULL DEFAULT NULL,
  `DURATION_` bigint(20) NULL DEFAULT NULL,
  `START_USER_ID_` varchar(255) CHARACTER SET utf8 COLLATE utf8_bin NULL DEFAULT NULL,
  `START_ACT_ID_` varchar(255) CHARACTER SET utf8 COLLATE utf8_bin NULL DEFAULT NULL,
  `END_ACT_ID_` varchar(255) CHARACTER SET utf8 COLLATE utf8_bin NULL DEFAULT NULL,
  `SUPER_PROCESS_INSTANCE_ID_` varchar(64) CHARACTER SET utf8 COLLATE utf8_bin NULL DEFAULT NULL,
  `DELETE_REASON_` varchar(4000) CHARACTER SET utf8 COLLATE utf8_bin NULL DEFAULT NULL,
  `TENANT_ID_` varchar(255) CHARACTER SET utf8 COLLATE utf8_bin NULL DEFAULT '',
  `NAME_` varchar(255) CHARACTER SET utf8 COLLATE utf8_bin NULL DEFAULT NULL,
  PRIMARY KEY (`ID_`) USING BTREE,
  UNIQUE INDEX `PROC_INST_ID_`(`PROC_INST_ID_`) USING BTREE,
  INDEX `ACT_IDX_HI_PRO_INST_END`(`END_TIME_`) USING BTREE,
  INDEX `ACT_IDX_HI_PRO_I_BUSKEY`(`BUSINESS_KEY_`) USING BTREE
) ENGINE = InnoDB CHARACTER SET = utf8 COLLATE = utf8_bin ROW_FORMAT = Dynamic;

-- ----------------------------
-- Records of act_hi_procinst
-- ----------------------------
INSERT INTO `act_hi_procinst` VALUES ('30', '30', '2', 'leave:1:4', '2020-10-27 10:28:48.704', '2020-10-27 10:30:06.199', 77495, 'chengxy', 'startevent1', NULL, NULL, '用户撤销', '', NULL);
INSERT INTO `act_hi_procinst` VALUES ('45', '45', '3', 'leave:1:4', '2020-10-27 10:30:56.119', NULL, NULL, 'chengxy', 'startevent1', NULL, NULL, NULL, '', NULL);
INSERT INTO `act_hi_procinst` VALUES ('9', '9', '1', 'leave:1:4', '2020-10-27 10:26:18.469', '2020-10-27 10:28:23.577', 125108, 'chengxy', 'startevent1', NULL, NULL, '用户撤销', '', NULL);

-- ----------------------------
-- Table structure for act_hi_taskinst
-- ----------------------------
DROP TABLE IF EXISTS `act_hi_taskinst`;
CREATE TABLE `act_hi_taskinst`  (
  `ID_` varchar(64) CHARACTER SET utf8 COLLATE utf8_bin NOT NULL,
  `PROC_DEF_ID_` varchar(64) CHARACTER SET utf8 COLLATE utf8_bin NULL DEFAULT NULL,
  `TASK_DEF_KEY_` varchar(255) CHARACTER SET utf8 COLLATE utf8_bin NULL DEFAULT NULL,
  `PROC_INST_ID_` varchar(64) CHARACTER SET utf8 COLLATE utf8_bin NULL DEFAULT NULL,
  `EXECUTION_ID_` varchar(64) CHARACTER SET utf8 COLLATE utf8_bin NULL DEFAULT NULL,
  `NAME_` varchar(255) CHARACTER SET utf8 COLLATE utf8_bin NULL DEFAULT NULL,
  `PARENT_TASK_ID_` varchar(64) CHARACTER SET utf8 COLLATE utf8_bin NULL DEFAULT NULL,
  `DESCRIPTION_` varchar(4000) CHARACTER SET utf8 COLLATE utf8_bin NULL DEFAULT NULL,
  `OWNER_` varchar(255) CHARACTER SET utf8 COLLATE utf8_bin NULL DEFAULT NULL,
  `ASSIGNEE_` varchar(255) CHARACTER SET utf8 COLLATE utf8_bin NULL DEFAULT NULL,
  `START_TIME_` datetime(3) NOT NULL,
  `CLAIM_TIME_` datetime(3) NULL DEFAULT NULL,
  `END_TIME_` datetime(3) NULL DEFAULT NULL,
  `DURATION_` bigint(20) NULL DEFAULT NULL,
  `DELETE_REASON_` varchar(4000) CHARACTER SET utf8 COLLATE utf8_bin NULL DEFAULT NULL,
  `PRIORITY_` int(11) NULL DEFAULT NULL,
  `DUE_DATE_` datetime(3) NULL DEFAULT NULL,
  `FORM_KEY_` varchar(255) CHARACTER SET utf8 COLLATE utf8_bin NULL DEFAULT NULL,
  `CATEGORY_` varchar(255) CHARACTER SET utf8 COLLATE utf8_bin NULL DEFAULT NULL,
  `TENANT_ID_` varchar(255) CHARACTER SET utf8 COLLATE utf8_bin NULL DEFAULT '',
  PRIMARY KEY (`ID_`) USING BTREE,
  INDEX `ACT_IDX_HI_TASK_INST_PROCINST`(`PROC_INST_ID_`) USING BTREE
) ENGINE = InnoDB CHARACTER SET = utf8 COLLATE = utf8_bin ROW_FORMAT = Dynamic;

-- ----------------------------
-- Records of act_hi_taskinst
-- ----------------------------
INSERT INTO `act_hi_taskinst` VALUES ('15', 'leave:1:4', 'deptLeaderVerify', '9', '12', '部门领导审批', NULL, NULL, NULL, 'axianlu', '2020-10-27 10:26:18.582', '2020-10-27 10:26:49.684', '2020-10-27 10:26:49.720', 31138, NULL, 50, NULL, NULL, NULL, '');
INSERT INTO `act_hi_taskinst` VALUES ('23', 'leave:1:4', 'hrVerify', '9', '12', '人事审批', NULL, NULL, NULL, 'axianlu', '2020-10-27 10:26:49.749', '2020-10-27 10:27:39.334', '2020-10-27 10:27:39.351', 49602, NULL, 50, NULL, NULL, NULL, '');
INSERT INTO `act_hi_taskinst` VALUES ('29', 'leave:1:4', 'reportBack', '9', '12', '销假', NULL, NULL, NULL, 'chengxy', '2020-10-27 10:27:39.353', NULL, '2020-10-27 10:28:23.553', 44200, '用户撤销', 50, NULL, NULL, NULL, '');
INSERT INTO `act_hi_taskinst` VALUES ('36', 'leave:1:4', 'deptLeaderVerify', '30', '33', '部门领导审批', NULL, NULL, NULL, 'axianlu', '2020-10-27 10:28:48.705', '2020-10-27 10:29:16.465', '2020-10-27 10:29:16.486', 27781, NULL, 50, NULL, NULL, NULL, '');
INSERT INTO `act_hi_taskinst` VALUES ('44', 'leave:1:4', 'modifyApply', '30', '33', '调整申请', NULL, NULL, NULL, 'chengxy', '2020-10-27 10:29:16.489', NULL, '2020-10-27 10:30:06.182', 49693, '用户撤销', 50, NULL, NULL, NULL, '');
INSERT INTO `act_hi_taskinst` VALUES ('51', 'leave:1:4', 'deptLeaderVerify', '45', '48', '部门领导审批', NULL, NULL, NULL, 'axianlu', '2020-10-27 10:30:56.120', '2020-10-27 10:31:17.217', '2020-10-27 10:31:17.246', 21126, NULL, 50, NULL, NULL, NULL, '');
INSERT INTO `act_hi_taskinst` VALUES ('59', 'leave:1:4', 'modifyApply', '45', '48', '调整申请', NULL, NULL, NULL, 'chengxy', '2020-10-27 10:31:17.250', '2020-10-27 10:31:40.337', '2020-10-27 10:31:40.353', 23103, NULL, 50, NULL, NULL, NULL, '');
INSERT INTO `act_hi_taskinst` VALUES ('63', 'leave:1:4', 'deptLeaderVerify', '45', '48', '部门领导审批', NULL, NULL, NULL, 'axianlu', '2020-10-27 10:31:40.357', '2020-10-27 10:32:00.984', '2020-10-27 10:32:01.010', 20653, NULL, 50, NULL, NULL, NULL, '');
INSERT INTO `act_hi_taskinst` VALUES ('68', 'leave:1:4', 'hrVerify', '45', '48', '人事审批', NULL, NULL, NULL, NULL, '2020-10-27 10:32:01.014', NULL, NULL, NULL, NULL, 50, NULL, NULL, NULL, '');

-- ----------------------------
-- Table structure for act_hi_varinst
-- ----------------------------
DROP TABLE IF EXISTS `act_hi_varinst`;
CREATE TABLE `act_hi_varinst`  (
  `ID_` varchar(64) CHARACTER SET utf8 COLLATE utf8_bin NOT NULL,
  `PROC_INST_ID_` varchar(64) CHARACTER SET utf8 COLLATE utf8_bin NULL DEFAULT NULL,
  `EXECUTION_ID_` varchar(64) CHARACTER SET utf8 COLLATE utf8_bin NULL DEFAULT NULL,
  `TASK_ID_` varchar(64) CHARACTER SET utf8 COLLATE utf8_bin NULL DEFAULT NULL,
  `NAME_` varchar(255) CHARACTER SET utf8 COLLATE utf8_bin NOT NULL,
  `VAR_TYPE_` varchar(100) CHARACTER SET utf8 COLLATE utf8_bin NULL DEFAULT NULL,
  `REV_` int(11) NULL DEFAULT NULL,
  `BYTEARRAY_ID_` varchar(64) CHARACTER SET utf8 COLLATE utf8_bin NULL DEFAULT NULL,
  `DOUBLE_` double NULL DEFAULT NULL,
  `LONG_` bigint(20) NULL DEFAULT NULL,
  `TEXT_` varchar(4000) CHARACTER SET utf8 COLLATE utf8_bin NULL DEFAULT NULL,
  `TEXT2_` varchar(4000) CHARACTER SET utf8 COLLATE utf8_bin NULL DEFAULT NULL,
  `CREATE_TIME_` datetime(3) NULL DEFAULT NULL,
  `LAST_UPDATED_TIME_` datetime(3) NULL DEFAULT NULL,
  PRIMARY KEY (`ID_`) USING BTREE,
  INDEX `ACT_IDX_HI_PROCVAR_PROC_INST`(`PROC_INST_ID_`) USING BTREE,
  INDEX `ACT_IDX_HI_PROCVAR_NAME_TYPE`(`NAME_`, `VAR_TYPE_`) USING BTREE,
  INDEX `ACT_IDX_HI_PROCVAR_TASK_ID`(`TASK_ID_`) USING BTREE
) ENGINE = InnoDB CHARACTER SET = utf8 COLLATE = utf8_bin ROW_FORMAT = Dynamic;

-- ----------------------------
-- Records of act_hi_varinst
-- ----------------------------
INSERT INTO `act_hi_varinst` VALUES ('10', '9', '9', NULL, 'applyUserId', 'string', 0, NULL, NULL, NULL, 'chengxy', NULL, '2020-10-27 10:26:18.470', '2020-10-27 10:26:18.470');
INSERT INTO `act_hi_varinst` VALUES ('18', '9', '9', NULL, 'comment', 'string', 3, NULL, NULL, NULL, '555', NULL, '2020-10-27 10:26:49.666', '2020-10-27 10:27:39.346');
INSERT INTO `act_hi_varinst` VALUES ('19', '9', '9', NULL, 'deptLeaderApproved', 'boolean', 1, NULL, NULL, 1, NULL, NULL, '2020-10-27 10:26:49.666', '2020-10-27 10:26:49.715');
INSERT INTO `act_hi_varinst` VALUES ('26', '9', '9', NULL, 'hrApproved', 'boolean', 1, NULL, NULL, 1, NULL, NULL, '2020-10-27 10:27:39.321', '2020-10-27 10:27:39.347');
INSERT INTO `act_hi_varinst` VALUES ('31', '30', '30', NULL, 'applyUserId', 'string', 0, NULL, NULL, NULL, 'chengxy', NULL, '2020-10-27 10:28:48.704', '2020-10-27 10:28:48.704');
INSERT INTO `act_hi_varinst` VALUES ('39', '30', '30', NULL, 'comment', 'string', 1, NULL, NULL, NULL, '333', NULL, '2020-10-27 10:29:16.457', '2020-10-27 10:29:16.482');
INSERT INTO `act_hi_varinst` VALUES ('40', '30', '30', NULL, 'deptLeaderApproved', 'boolean', 1, NULL, NULL, 0, NULL, NULL, '2020-10-27 10:29:16.457', '2020-10-27 10:29:16.483');
INSERT INTO `act_hi_varinst` VALUES ('46', '45', '45', NULL, 'applyUserId', 'string', 0, NULL, NULL, NULL, 'chengxy', NULL, '2020-10-27 10:30:56.119', '2020-10-27 10:30:56.119');
INSERT INTO `act_hi_varinst` VALUES ('54', '45', '45', NULL, 'comment', 'string', 3, NULL, NULL, NULL, '333', NULL, '2020-10-27 10:31:17.194', '2020-10-27 10:32:01.006');
INSERT INTO `act_hi_varinst` VALUES ('55', '45', '45', NULL, 'deptLeaderApproved', 'boolean', 3, NULL, NULL, 1, NULL, NULL, '2020-10-27 10:31:17.194', '2020-10-27 10:32:01.007');
INSERT INTO `act_hi_varinst` VALUES ('60', '45', '45', NULL, 'reApply', 'boolean', 1, NULL, NULL, 1, NULL, NULL, '2020-10-27 10:31:40.326', '2020-10-27 10:31:40.351');

-- ----------------------------
-- Table structure for act_procdef_info
-- ----------------------------
DROP TABLE IF EXISTS `act_procdef_info`;
CREATE TABLE `act_procdef_info`  (
  `ID_` varchar(64) CHARACTER SET utf8 COLLATE utf8_bin NOT NULL,
  `PROC_DEF_ID_` varchar(64) CHARACTER SET utf8 COLLATE utf8_bin NOT NULL,
  `REV_` int(11) NULL DEFAULT NULL,
  `INFO_JSON_ID_` varchar(64) CHARACTER SET utf8 COLLATE utf8_bin NULL DEFAULT NULL,
  PRIMARY KEY (`ID_`) USING BTREE,
  UNIQUE INDEX `ACT_UNIQ_INFO_PROCDEF`(`PROC_DEF_ID_`) USING BTREE,
  INDEX `ACT_IDX_INFO_PROCDEF`(`PROC_DEF_ID_`) USING BTREE,
  INDEX `ACT_FK_INFO_JSON_BA`(`INFO_JSON_ID_`) USING BTREE,
  CONSTRAINT `ACT_FK_INFO_JSON_BA` FOREIGN KEY (`INFO_JSON_ID_`) REFERENCES `act_ge_bytearray` (`ID_`) ON DELETE RESTRICT ON UPDATE RESTRICT,
  CONSTRAINT `ACT_FK_INFO_PROCDEF` FOREIGN KEY (`PROC_DEF_ID_`) REFERENCES `act_re_procdef` (`ID_`) ON DELETE RESTRICT ON UPDATE RESTRICT
) ENGINE = InnoDB CHARACTER SET = utf8 COLLATE = utf8_bin ROW_FORMAT = Dynamic;

-- ----------------------------
-- Records of act_procdef_info
-- ----------------------------

-- ----------------------------
-- Table structure for act_re_deployment
-- ----------------------------
DROP TABLE IF EXISTS `act_re_deployment`;
CREATE TABLE `act_re_deployment`  (
  `ID_` varchar(64) CHARACTER SET utf8 COLLATE utf8_bin NOT NULL,
  `NAME_` varchar(255) CHARACTER SET utf8 COLLATE utf8_bin NULL DEFAULT NULL,
  `CATEGORY_` varchar(255) CHARACTER SET utf8 COLLATE utf8_bin NULL DEFAULT NULL,
  `KEY_` varchar(255) CHARACTER SET utf8 COLLATE utf8_bin NULL DEFAULT NULL,
  `TENANT_ID_` varchar(255) CHARACTER SET utf8 COLLATE utf8_bin NULL DEFAULT '',
  `DEPLOY_TIME_` timestamp(3) NULL DEFAULT NULL,
  `ENGINE_VERSION_` varchar(255) CHARACTER SET utf8 COLLATE utf8_bin NULL DEFAULT NULL,
  PRIMARY KEY (`ID_`) USING BTREE
) ENGINE = InnoDB CHARACTER SET = utf8 COLLATE = utf8_bin ROW_FORMAT = Dynamic;

-- ----------------------------
-- Records of act_re_deployment
-- ----------------------------
INSERT INTO `act_re_deployment` VALUES ('1', NULL, NULL, NULL, '', '2020-10-27 10:25:40.130', NULL);
INSERT INTO `act_re_deployment` VALUES ('5', NULL, NULL, NULL, '', '2020-10-27 10:25:45.236', NULL);

-- ----------------------------
-- Table structure for act_re_model
-- ----------------------------
DROP TABLE IF EXISTS `act_re_model`;
CREATE TABLE `act_re_model`  (
  `ID_` varchar(64) CHARACTER SET utf8 COLLATE utf8_bin NOT NULL,
  `REV_` int(11) NULL DEFAULT NULL,
  `NAME_` varchar(255) CHARACTER SET utf8 COLLATE utf8_bin NULL DEFAULT NULL,
  `KEY_` varchar(255) CHARACTER SET utf8 COLLATE utf8_bin NULL DEFAULT NULL,
  `CATEGORY_` varchar(255) CHARACTER SET utf8 COLLATE utf8_bin NULL DEFAULT NULL,
  `CREATE_TIME_` timestamp(3) NULL DEFAULT NULL,
  `LAST_UPDATE_TIME_` timestamp(3) NULL DEFAULT NULL,
  `VERSION_` int(11) NULL DEFAULT NULL,
  `META_INFO_` varchar(4000) CHARACTER SET utf8 COLLATE utf8_bin NULL DEFAULT NULL,
  `DEPLOYMENT_ID_` varchar(64) CHARACTER SET utf8 COLLATE utf8_bin NULL DEFAULT NULL,
  `EDITOR_SOURCE_VALUE_ID_` varchar(64) CHARACTER SET utf8 COLLATE utf8_bin NULL DEFAULT NULL,
  `EDITOR_SOURCE_EXTRA_VALUE_ID_` varchar(64) CHARACTER SET utf8 COLLATE utf8_bin NULL DEFAULT NULL,
  `TENANT_ID_` varchar(255) CHARACTER SET utf8 COLLATE utf8_bin NULL DEFAULT '',
  PRIMARY KEY (`ID_`) USING BTREE,
  INDEX `ACT_FK_MODEL_SOURCE`(`EDITOR_SOURCE_VALUE_ID_`) USING BTREE,
  INDEX `ACT_FK_MODEL_SOURCE_EXTRA`(`EDITOR_SOURCE_EXTRA_VALUE_ID_`) USING BTREE,
  INDEX `ACT_FK_MODEL_DEPLOYMENT`(`DEPLOYMENT_ID_`) USING BTREE,
  CONSTRAINT `ACT_FK_MODEL_DEPLOYMENT` FOREIGN KEY (`DEPLOYMENT_ID_`) REFERENCES `act_re_deployment` (`ID_`) ON DELETE RESTRICT ON UPDATE RESTRICT,
  CONSTRAINT `ACT_FK_MODEL_SOURCE` FOREIGN KEY (`EDITOR_SOURCE_VALUE_ID_`) REFERENCES `act_ge_bytearray` (`ID_`) ON DELETE RESTRICT ON UPDATE RESTRICT,
  CONSTRAINT `ACT_FK_MODEL_SOURCE_EXTRA` FOREIGN KEY (`EDITOR_SOURCE_EXTRA_VALUE_ID_`) REFERENCES `act_ge_bytearray` (`ID_`) ON DELETE RESTRICT ON UPDATE RESTRICT
) ENGINE = InnoDB CHARACTER SET = utf8 COLLATE = utf8_bin ROW_FORMAT = Dynamic;

-- ----------------------------
-- Records of act_re_model
-- ----------------------------

-- ----------------------------
-- Table structure for act_re_procdef
-- ----------------------------
DROP TABLE IF EXISTS `act_re_procdef`;
CREATE TABLE `act_re_procdef`  (
  `ID_` varchar(64) CHARACTER SET utf8 COLLATE utf8_bin NOT NULL,
  `REV_` int(11) NULL DEFAULT NULL,
  `CATEGORY_` varchar(255) CHARACTER SET utf8 COLLATE utf8_bin NULL DEFAULT NULL,
  `NAME_` varchar(255) CHARACTER SET utf8 COLLATE utf8_bin NULL DEFAULT NULL,
  `KEY_` varchar(255) CHARACTER SET utf8 COLLATE utf8_bin NOT NULL,
  `VERSION_` int(11) NOT NULL,
  `DEPLOYMENT_ID_` varchar(64) CHARACTER SET utf8 COLLATE utf8_bin NULL DEFAULT NULL,
  `RESOURCE_NAME_` varchar(4000) CHARACTER SET utf8 COLLATE utf8_bin NULL DEFAULT NULL,
  `DGRM_RESOURCE_NAME_` varchar(4000) CHARACTER SET utf8 COLLATE utf8_bin NULL DEFAULT NULL,
  `DESCRIPTION_` varchar(4000) CHARACTER SET utf8 COLLATE utf8_bin NULL DEFAULT NULL,
  `HAS_START_FORM_KEY_` tinyint(4) NULL DEFAULT NULL,
  `HAS_GRAPHICAL_NOTATION_` tinyint(4) NULL DEFAULT NULL,
  `SUSPENSION_STATE_` int(11) NULL DEFAULT NULL,
  `TENANT_ID_` varchar(255) CHARACTER SET utf8 COLLATE utf8_bin NULL DEFAULT '',
  `ENGINE_VERSION_` varchar(255) CHARACTER SET utf8 COLLATE utf8_bin NULL DEFAULT NULL,
  PRIMARY KEY (`ID_`) USING BTREE,
  UNIQUE INDEX `ACT_UNIQ_PROCDEF`(`KEY_`, `VERSION_`, `TENANT_ID_`) USING BTREE
) ENGINE = InnoDB CHARACTER SET = utf8 COLLATE = utf8_bin ROW_FORMAT = Dynamic;

-- ----------------------------
-- Records of act_re_procdef
-- ----------------------------
INSERT INTO `act_re_procdef` VALUES ('leave-countersign:1:8', 1, 'http://www.activiti.org/test', '请假流程-会签', 'leave-countersign', 1, '5', 'D:/ruoyi/uploadPath/processDefiniton/2020/10/27/e0df0a62-640d-419f-9e7e-1c6a9c951daa.bpmn', 'D:/ruoyi/uploadPath/processDefiniton/2020/10/27/e0df0a62-640d-419f-9e7e-1c6a9c951daa.leave-countersign.png', '请假流程演示-会签', 0, 1, 1, '', NULL);
INSERT INTO `act_re_procdef` VALUES ('leave:1:4', 1, 'http://www.kafeitu.me/activiti/leave', '请假流程-普通表单', 'leave', 1, '1', 'D:/ruoyi/uploadPath/processDefiniton/2020/10/27/de324d4c-f0fd-4c3a-ade3-f3208f61d5bc.bpmn', 'D:/ruoyi/uploadPath/processDefiniton/2020/10/27/de324d4c-f0fd-4c3a-ade3-f3208f61d5bc.leave.png', '请假流程演示', 0, 1, 1, '', NULL);

-- ----------------------------
-- Table structure for act_ru_deadletter_job
-- ----------------------------
DROP TABLE IF EXISTS `act_ru_deadletter_job`;
CREATE TABLE `act_ru_deadletter_job`  (
  `ID_` varchar(64) CHARACTER SET utf8 COLLATE utf8_bin NOT NULL,
  `REV_` int(11) NULL DEFAULT NULL,
  `TYPE_` varchar(255) CHARACTER SET utf8 COLLATE utf8_bin NOT NULL,
  `EXCLUSIVE_` tinyint(1) NULL DEFAULT NULL,
  `EXECUTION_ID_` varchar(64) CHARACTER SET utf8 COLLATE utf8_bin NULL DEFAULT NULL,
  `PROCESS_INSTANCE_ID_` varchar(64) CHARACTER SET utf8 COLLATE utf8_bin NULL DEFAULT NULL,
  `PROC_DEF_ID_` varchar(64) CHARACTER SET utf8 COLLATE utf8_bin NULL DEFAULT NULL,
  `EXCEPTION_STACK_ID_` varchar(64) CHARACTER SET utf8 COLLATE utf8_bin NULL DEFAULT NULL,
  `EXCEPTION_MSG_` varchar(4000) CHARACTER SET utf8 COLLATE utf8_bin NULL DEFAULT NULL,
  `DUEDATE_` timestamp(3) NULL DEFAULT NULL,
  `REPEAT_` varchar(255) CHARACTER SET utf8 COLLATE utf8_bin NULL DEFAULT NULL,
  `HANDLER_TYPE_` varchar(255) CHARACTER SET utf8 COLLATE utf8_bin NULL DEFAULT NULL,
  `HANDLER_CFG_` varchar(4000) CHARACTER SET utf8 COLLATE utf8_bin NULL DEFAULT NULL,
  `TENANT_ID_` varchar(255) CHARACTER SET utf8 COLLATE utf8_bin NULL DEFAULT '',
  PRIMARY KEY (`ID_`) USING BTREE,
  INDEX `ACT_FK_DEADLETTER_JOB_EXECUTION`(`EXECUTION_ID_`) USING BTREE,
  INDEX `ACT_FK_DEADLETTER_JOB_PROCESS_INSTANCE`(`PROCESS_INSTANCE_ID_`) USING BTREE,
  INDEX `ACT_FK_DEADLETTER_JOB_PROC_DEF`(`PROC_DEF_ID_`) USING BTREE,
  INDEX `ACT_FK_DEADLETTER_JOB_EXCEPTION`(`EXCEPTION_STACK_ID_`) USING BTREE,
  CONSTRAINT `ACT_FK_DEADLETTER_JOB_EXCEPTION` FOREIGN KEY (`EXCEPTION_STACK_ID_`) REFERENCES `act_ge_bytearray` (`ID_`) ON DELETE RESTRICT ON UPDATE RESTRICT,
  CONSTRAINT `ACT_FK_DEADLETTER_JOB_EXECUTION` FOREIGN KEY (`EXECUTION_ID_`) REFERENCES `act_ru_execution` (`ID_`) ON DELETE RESTRICT ON UPDATE RESTRICT,
  CONSTRAINT `ACT_FK_DEADLETTER_JOB_PROCESS_INSTANCE` FOREIGN KEY (`PROCESS_INSTANCE_ID_`) REFERENCES `act_ru_execution` (`ID_`) ON DELETE RESTRICT ON UPDATE RESTRICT,
  CONSTRAINT `ACT_FK_DEADLETTER_JOB_PROC_DEF` FOREIGN KEY (`PROC_DEF_ID_`) REFERENCES `act_re_procdef` (`ID_`) ON DELETE RESTRICT ON UPDATE RESTRICT
) ENGINE = InnoDB CHARACTER SET = utf8 COLLATE = utf8_bin ROW_FORMAT = Dynamic;

-- ----------------------------
-- Records of act_ru_deadletter_job
-- ----------------------------

-- ----------------------------
-- Table structure for act_ru_event_subscr
-- ----------------------------
DROP TABLE IF EXISTS `act_ru_event_subscr`;
CREATE TABLE `act_ru_event_subscr`  (
  `ID_` varchar(64) CHARACTER SET utf8 COLLATE utf8_bin NOT NULL,
  `REV_` int(11) NULL DEFAULT NULL,
  `EVENT_TYPE_` varchar(255) CHARACTER SET utf8 COLLATE utf8_bin NOT NULL,
  `EVENT_NAME_` varchar(255) CHARACTER SET utf8 COLLATE utf8_bin NULL DEFAULT NULL,
  `EXECUTION_ID_` varchar(64) CHARACTER SET utf8 COLLATE utf8_bin NULL DEFAULT NULL,
  `PROC_INST_ID_` varchar(64) CHARACTER SET utf8 COLLATE utf8_bin NULL DEFAULT NULL,
  `ACTIVITY_ID_` varchar(64) CHARACTER SET utf8 COLLATE utf8_bin NULL DEFAULT NULL,
  `CONFIGURATION_` varchar(255) CHARACTER SET utf8 COLLATE utf8_bin NULL DEFAULT NULL,
  `CREATED_` timestamp(3) NOT NULL DEFAULT CURRENT_TIMESTAMP(3),
  `PROC_DEF_ID_` varchar(64) CHARACTER SET utf8 COLLATE utf8_bin NULL DEFAULT NULL,
  `TENANT_ID_` varchar(255) CHARACTER SET utf8 COLLATE utf8_bin NULL DEFAULT '',
  PRIMARY KEY (`ID_`) USING BTREE,
  INDEX `ACT_IDX_EVENT_SUBSCR_CONFIG_`(`CONFIGURATION_`) USING BTREE,
  INDEX `ACT_FK_EVENT_EXEC`(`EXECUTION_ID_`) USING BTREE,
  CONSTRAINT `ACT_FK_EVENT_EXEC` FOREIGN KEY (`EXECUTION_ID_`) REFERENCES `act_ru_execution` (`ID_`) ON DELETE RESTRICT ON UPDATE RESTRICT
) ENGINE = InnoDB CHARACTER SET = utf8 COLLATE = utf8_bin ROW_FORMAT = Dynamic;

-- ----------------------------
-- Records of act_ru_event_subscr
-- ----------------------------

-- ----------------------------
-- Table structure for act_ru_execution
-- ----------------------------
DROP TABLE IF EXISTS `act_ru_execution`;
CREATE TABLE `act_ru_execution`  (
  `ID_` varchar(64) CHARACTER SET utf8 COLLATE utf8_bin NOT NULL,
  `REV_` int(11) NULL DEFAULT NULL,
  `PROC_INST_ID_` varchar(64) CHARACTER SET utf8 COLLATE utf8_bin NULL DEFAULT NULL,
  `BUSINESS_KEY_` varchar(255) CHARACTER SET utf8 COLLATE utf8_bin NULL DEFAULT NULL,
  `PARENT_ID_` varchar(64) CHARACTER SET utf8 COLLATE utf8_bin NULL DEFAULT NULL,
  `PROC_DEF_ID_` varchar(64) CHARACTER SET utf8 COLLATE utf8_bin NULL DEFAULT NULL,
  `SUPER_EXEC_` varchar(64) CHARACTER SET utf8 COLLATE utf8_bin NULL DEFAULT NULL,
  `ROOT_PROC_INST_ID_` varchar(64) CHARACTER SET utf8 COLLATE utf8_bin NULL DEFAULT NULL,
  `ACT_ID_` varchar(255) CHARACTER SET utf8 COLLATE utf8_bin NULL DEFAULT NULL,
  `IS_ACTIVE_` tinyint(4) NULL DEFAULT NULL,
  `IS_CONCURRENT_` tinyint(4) NULL DEFAULT NULL,
  `IS_SCOPE_` tinyint(4) NULL DEFAULT NULL,
  `IS_EVENT_SCOPE_` tinyint(4) NULL DEFAULT NULL,
  `IS_MI_ROOT_` tinyint(4) NULL DEFAULT NULL,
  `SUSPENSION_STATE_` int(11) NULL DEFAULT NULL,
  `CACHED_ENT_STATE_` int(11) NULL DEFAULT NULL,
  `TENANT_ID_` varchar(255) CHARACTER SET utf8 COLLATE utf8_bin NULL DEFAULT '',
  `NAME_` varchar(255) CHARACTER SET utf8 COLLATE utf8_bin NULL DEFAULT NULL,
  `START_TIME_` datetime(3) NULL DEFAULT NULL,
  `START_USER_ID_` varchar(255) CHARACTER SET utf8 COLLATE utf8_bin NULL DEFAULT NULL,
  `LOCK_TIME_` timestamp(3) NULL DEFAULT NULL,
  `IS_COUNT_ENABLED_` tinyint(4) NULL DEFAULT NULL,
  `EVT_SUBSCR_COUNT_` int(11) NULL DEFAULT NULL,
  `TASK_COUNT_` int(11) NULL DEFAULT NULL,
  `JOB_COUNT_` int(11) NULL DEFAULT NULL,
  `TIMER_JOB_COUNT_` int(11) NULL DEFAULT NULL,
  `SUSP_JOB_COUNT_` int(11) NULL DEFAULT NULL,
  `DEADLETTER_JOB_COUNT_` int(11) NULL DEFAULT NULL,
  `VAR_COUNT_` int(11) NULL DEFAULT NULL,
  `ID_LINK_COUNT_` int(11) NULL DEFAULT NULL,
  PRIMARY KEY (`ID_`) USING BTREE,
  INDEX `ACT_IDX_EXEC_BUSKEY`(`BUSINESS_KEY_`) USING BTREE,
  INDEX `ACT_IDC_EXEC_ROOT`(`ROOT_PROC_INST_ID_`) USING BTREE,
  INDEX `ACT_FK_EXE_PROCINST`(`PROC_INST_ID_`) USING BTREE,
  INDEX `ACT_FK_EXE_PARENT`(`PARENT_ID_`) USING BTREE,
  INDEX `ACT_FK_EXE_SUPER`(`SUPER_EXEC_`) USING BTREE,
  INDEX `ACT_FK_EXE_PROCDEF`(`PROC_DEF_ID_`) USING BTREE,
  CONSTRAINT `ACT_FK_EXE_PARENT` FOREIGN KEY (`PARENT_ID_`) REFERENCES `act_ru_execution` (`ID_`) ON DELETE CASCADE ON UPDATE RESTRICT,
  CONSTRAINT `ACT_FK_EXE_PROCDEF` FOREIGN KEY (`PROC_DEF_ID_`) REFERENCES `act_re_procdef` (`ID_`) ON DELETE RESTRICT ON UPDATE RESTRICT,
  CONSTRAINT `ACT_FK_EXE_PROCINST` FOREIGN KEY (`PROC_INST_ID_`) REFERENCES `act_ru_execution` (`ID_`) ON DELETE CASCADE ON UPDATE CASCADE,
  CONSTRAINT `ACT_FK_EXE_SUPER` FOREIGN KEY (`SUPER_EXEC_`) REFERENCES `act_ru_execution` (`ID_`) ON DELETE CASCADE ON UPDATE RESTRICT
) ENGINE = InnoDB CHARACTER SET = utf8 COLLATE = utf8_bin ROW_FORMAT = Dynamic;

-- ----------------------------
-- Records of act_ru_execution
-- ----------------------------
INSERT INTO `act_ru_execution` VALUES ('45', 1, '45', '3', NULL, 'leave:1:4', NULL, '45', NULL, 1, 0, 1, 0, 0, 1, NULL, '', NULL, '2020-10-27 10:30:56.119', 'chengxy', NULL, 0, 0, 0, 0, 0, 0, 0, 0, 0);
INSERT INTO `act_ru_execution` VALUES ('48', 4, '45', NULL, '45', 'leave:1:4', NULL, '45', 'hrVerify', 1, 0, 0, 0, 0, 1, NULL, '', NULL, '2020-10-27 10:30:56.119', NULL, NULL, 0, 0, 0, 0, 0, 0, 0, 0, 0);

-- ----------------------------
-- Table structure for act_ru_identitylink
-- ----------------------------
DROP TABLE IF EXISTS `act_ru_identitylink`;
CREATE TABLE `act_ru_identitylink`  (
  `ID_` varchar(64) CHARACTER SET utf8 COLLATE utf8_bin NOT NULL,
  `REV_` int(11) NULL DEFAULT NULL,
  `GROUP_ID_` varchar(255) CHARACTER SET utf8 COLLATE utf8_bin NULL DEFAULT NULL,
  `TYPE_` varchar(255) CHARACTER SET utf8 COLLATE utf8_bin NULL DEFAULT NULL,
  `USER_ID_` varchar(255) CHARACTER SET utf8 COLLATE utf8_bin NULL DEFAULT NULL,
  `TASK_ID_` varchar(64) CHARACTER SET utf8 COLLATE utf8_bin NULL DEFAULT NULL,
  `PROC_INST_ID_` varchar(64) CHARACTER SET utf8 COLLATE utf8_bin NULL DEFAULT NULL,
  `PROC_DEF_ID_` varchar(64) CHARACTER SET utf8 COLLATE utf8_bin NULL DEFAULT NULL,
  PRIMARY KEY (`ID_`) USING BTREE,
  INDEX `ACT_IDX_IDENT_LNK_USER`(`USER_ID_`) USING BTREE,
  INDEX `ACT_IDX_IDENT_LNK_GROUP`(`GROUP_ID_`) USING BTREE,
  INDEX `ACT_IDX_ATHRZ_PROCEDEF`(`PROC_DEF_ID_`) USING BTREE,
  INDEX `ACT_FK_TSKASS_TASK`(`TASK_ID_`) USING BTREE,
  INDEX `ACT_FK_IDL_PROCINST`(`PROC_INST_ID_`) USING BTREE,
  CONSTRAINT `ACT_FK_ATHRZ_PROCEDEF` FOREIGN KEY (`PROC_DEF_ID_`) REFERENCES `act_re_procdef` (`ID_`) ON DELETE RESTRICT ON UPDATE RESTRICT,
  CONSTRAINT `ACT_FK_IDL_PROCINST` FOREIGN KEY (`PROC_INST_ID_`) REFERENCES `act_ru_execution` (`ID_`) ON DELETE RESTRICT ON UPDATE RESTRICT,
  CONSTRAINT `ACT_FK_TSKASS_TASK` FOREIGN KEY (`TASK_ID_`) REFERENCES `act_ru_task` (`ID_`) ON DELETE RESTRICT ON UPDATE RESTRICT
) ENGINE = InnoDB CHARACTER SET = utf8 COLLATE = utf8_bin ROW_FORMAT = Dynamic;

-- ----------------------------
-- Records of act_ru_identitylink
-- ----------------------------
INSERT INTO `act_ru_identitylink` VALUES ('47', 1, NULL, 'starter', 'chengxy', NULL, '45', NULL);
INSERT INTO `act_ru_identitylink` VALUES ('56', 1, NULL, 'participant', 'axianlu', NULL, '45', NULL);
INSERT INTO `act_ru_identitylink` VALUES ('69', 1, 'hr', 'candidate', NULL, '68', NULL, NULL);

-- ----------------------------
-- Table structure for act_ru_job
-- ----------------------------
DROP TABLE IF EXISTS `act_ru_job`;
CREATE TABLE `act_ru_job`  (
  `ID_` varchar(64) CHARACTER SET utf8 COLLATE utf8_bin NOT NULL,
  `REV_` int(11) NULL DEFAULT NULL,
  `TYPE_` varchar(255) CHARACTER SET utf8 COLLATE utf8_bin NOT NULL,
  `LOCK_EXP_TIME_` timestamp(3) NULL DEFAULT NULL,
  `LOCK_OWNER_` varchar(255) CHARACTER SET utf8 COLLATE utf8_bin NULL DEFAULT NULL,
  `EXCLUSIVE_` tinyint(1) NULL DEFAULT NULL,
  `EXECUTION_ID_` varchar(64) CHARACTER SET utf8 COLLATE utf8_bin NULL DEFAULT NULL,
  `PROCESS_INSTANCE_ID_` varchar(64) CHARACTER SET utf8 COLLATE utf8_bin NULL DEFAULT NULL,
  `PROC_DEF_ID_` varchar(64) CHARACTER SET utf8 COLLATE utf8_bin NULL DEFAULT NULL,
  `RETRIES_` int(11) NULL DEFAULT NULL,
  `EXCEPTION_STACK_ID_` varchar(64) CHARACTER SET utf8 COLLATE utf8_bin NULL DEFAULT NULL,
  `EXCEPTION_MSG_` varchar(4000) CHARACTER SET utf8 COLLATE utf8_bin NULL DEFAULT NULL,
  `DUEDATE_` timestamp(3) NULL DEFAULT NULL,
  `REPEAT_` varchar(255) CHARACTER SET utf8 COLLATE utf8_bin NULL DEFAULT NULL,
  `HANDLER_TYPE_` varchar(255) CHARACTER SET utf8 COLLATE utf8_bin NULL DEFAULT NULL,
  `HANDLER_CFG_` varchar(4000) CHARACTER SET utf8 COLLATE utf8_bin NULL DEFAULT NULL,
  `TENANT_ID_` varchar(255) CHARACTER SET utf8 COLLATE utf8_bin NULL DEFAULT '',
  PRIMARY KEY (`ID_`) USING BTREE,
  INDEX `ACT_FK_JOB_EXECUTION`(`EXECUTION_ID_`) USING BTREE,
  INDEX `ACT_FK_JOB_PROCESS_INSTANCE`(`PROCESS_INSTANCE_ID_`) USING BTREE,
  INDEX `ACT_FK_JOB_PROC_DEF`(`PROC_DEF_ID_`) USING BTREE,
  INDEX `ACT_FK_JOB_EXCEPTION`(`EXCEPTION_STACK_ID_`) USING BTREE,
  CONSTRAINT `ACT_FK_JOB_EXCEPTION` FOREIGN KEY (`EXCEPTION_STACK_ID_`) REFERENCES `act_ge_bytearray` (`ID_`) ON DELETE RESTRICT ON UPDATE RESTRICT,
  CONSTRAINT `ACT_FK_JOB_EXECUTION` FOREIGN KEY (`EXECUTION_ID_`) REFERENCES `act_ru_execution` (`ID_`) ON DELETE RESTRICT ON UPDATE RESTRICT,
  CONSTRAINT `ACT_FK_JOB_PROCESS_INSTANCE` FOREIGN KEY (`PROCESS_INSTANCE_ID_`) REFERENCES `act_ru_execution` (`ID_`) ON DELETE RESTRICT ON UPDATE RESTRICT,
  CONSTRAINT `ACT_FK_JOB_PROC_DEF` FOREIGN KEY (`PROC_DEF_ID_`) REFERENCES `act_re_procdef` (`ID_`) ON DELETE RESTRICT ON UPDATE RESTRICT
) ENGINE = InnoDB CHARACTER SET = utf8 COLLATE = utf8_bin ROW_FORMAT = Dynamic;

-- ----------------------------
-- Records of act_ru_job
-- ----------------------------

-- ----------------------------
-- Table structure for act_ru_suspended_job
-- ----------------------------
DROP TABLE IF EXISTS `act_ru_suspended_job`;
CREATE TABLE `act_ru_suspended_job`  (
  `ID_` varchar(64) CHARACTER SET utf8 COLLATE utf8_bin NOT NULL,
  `REV_` int(11) NULL DEFAULT NULL,
  `TYPE_` varchar(255) CHARACTER SET utf8 COLLATE utf8_bin NOT NULL,
  `EXCLUSIVE_` tinyint(1) NULL DEFAULT NULL,
  `EXECUTION_ID_` varchar(64) CHARACTER SET utf8 COLLATE utf8_bin NULL DEFAULT NULL,
  `PROCESS_INSTANCE_ID_` varchar(64) CHARACTER SET utf8 COLLATE utf8_bin NULL DEFAULT NULL,
  `PROC_DEF_ID_` varchar(64) CHARACTER SET utf8 COLLATE utf8_bin NULL DEFAULT NULL,
  `RETRIES_` int(11) NULL DEFAULT NULL,
  `EXCEPTION_STACK_ID_` varchar(64) CHARACTER SET utf8 COLLATE utf8_bin NULL DEFAULT NULL,
  `EXCEPTION_MSG_` varchar(4000) CHARACTER SET utf8 COLLATE utf8_bin NULL DEFAULT NULL,
  `DUEDATE_` timestamp(3) NULL DEFAULT NULL,
  `REPEAT_` varchar(255) CHARACTER SET utf8 COLLATE utf8_bin NULL DEFAULT NULL,
  `HANDLER_TYPE_` varchar(255) CHARACTER SET utf8 COLLATE utf8_bin NULL DEFAULT NULL,
  `HANDLER_CFG_` varchar(4000) CHARACTER SET utf8 COLLATE utf8_bin NULL DEFAULT NULL,
  `TENANT_ID_` varchar(255) CHARACTER SET utf8 COLLATE utf8_bin NULL DEFAULT '',
  PRIMARY KEY (`ID_`) USING BTREE,
  INDEX `ACT_FK_SUSPENDED_JOB_EXECUTION`(`EXECUTION_ID_`) USING BTREE,
  INDEX `ACT_FK_SUSPENDED_JOB_PROCESS_INSTANCE`(`PROCESS_INSTANCE_ID_`) USING BTREE,
  INDEX `ACT_FK_SUSPENDED_JOB_PROC_DEF`(`PROC_DEF_ID_`) USING BTREE,
  INDEX `ACT_FK_SUSPENDED_JOB_EXCEPTION`(`EXCEPTION_STACK_ID_`) USING BTREE,
  CONSTRAINT `ACT_FK_SUSPENDED_JOB_EXCEPTION` FOREIGN KEY (`EXCEPTION_STACK_ID_`) REFERENCES `act_ge_bytearray` (`ID_`) ON DELETE RESTRICT ON UPDATE RESTRICT,
  CONSTRAINT `ACT_FK_SUSPENDED_JOB_EXECUTION` FOREIGN KEY (`EXECUTION_ID_`) REFERENCES `act_ru_execution` (`ID_`) ON DELETE RESTRICT ON UPDATE RESTRICT,
  CONSTRAINT `ACT_FK_SUSPENDED_JOB_PROCESS_INSTANCE` FOREIGN KEY (`PROCESS_INSTANCE_ID_`) REFERENCES `act_ru_execution` (`ID_`) ON DELETE RESTRICT ON UPDATE RESTRICT,
  CONSTRAINT `ACT_FK_SUSPENDED_JOB_PROC_DEF` FOREIGN KEY (`PROC_DEF_ID_`) REFERENCES `act_re_procdef` (`ID_`) ON DELETE RESTRICT ON UPDATE RESTRICT
) ENGINE = InnoDB CHARACTER SET = utf8 COLLATE = utf8_bin ROW_FORMAT = Dynamic;

-- ----------------------------
-- Records of act_ru_suspended_job
-- ----------------------------

-- ----------------------------
-- Table structure for act_ru_task
-- ----------------------------
DROP TABLE IF EXISTS `act_ru_task`;
CREATE TABLE `act_ru_task`  (
  `ID_` varchar(64) CHARACTER SET utf8 COLLATE utf8_bin NOT NULL,
  `REV_` int(11) NULL DEFAULT NULL,
  `EXECUTION_ID_` varchar(64) CHARACTER SET utf8 COLLATE utf8_bin NULL DEFAULT NULL,
  `PROC_INST_ID_` varchar(64) CHARACTER SET utf8 COLLATE utf8_bin NULL DEFAULT NULL,
  `PROC_DEF_ID_` varchar(64) CHARACTER SET utf8 COLLATE utf8_bin NULL DEFAULT NULL,
  `NAME_` varchar(255) CHARACTER SET utf8 COLLATE utf8_bin NULL DEFAULT NULL,
  `PARENT_TASK_ID_` varchar(64) CHARACTER SET utf8 COLLATE utf8_bin NULL DEFAULT NULL,
  `DESCRIPTION_` varchar(4000) CHARACTER SET utf8 COLLATE utf8_bin NULL DEFAULT NULL,
  `TASK_DEF_KEY_` varchar(255) CHARACTER SET utf8 COLLATE utf8_bin NULL DEFAULT NULL,
  `OWNER_` varchar(255) CHARACTER SET utf8 COLLATE utf8_bin NULL DEFAULT NULL,
  `ASSIGNEE_` varchar(255) CHARACTER SET utf8 COLLATE utf8_bin NULL DEFAULT NULL,
  `DELEGATION_` varchar(64) CHARACTER SET utf8 COLLATE utf8_bin NULL DEFAULT NULL,
  `PRIORITY_` int(11) NULL DEFAULT NULL,
  `CREATE_TIME_` timestamp(3) NULL DEFAULT NULL,
  `DUE_DATE_` datetime(3) NULL DEFAULT NULL,
  `CATEGORY_` varchar(255) CHARACTER SET utf8 COLLATE utf8_bin NULL DEFAULT NULL,
  `SUSPENSION_STATE_` int(11) NULL DEFAULT NULL,
  `TENANT_ID_` varchar(255) CHARACTER SET utf8 COLLATE utf8_bin NULL DEFAULT '',
  `FORM_KEY_` varchar(255) CHARACTER SET utf8 COLLATE utf8_bin NULL DEFAULT NULL,
  `CLAIM_TIME_` datetime(3) NULL DEFAULT NULL,
  PRIMARY KEY (`ID_`) USING BTREE,
  INDEX `ACT_IDX_TASK_CREATE`(`CREATE_TIME_`) USING BTREE,
  INDEX `ACT_FK_TASK_EXE`(`EXECUTION_ID_`) USING BTREE,
  INDEX `ACT_FK_TASK_PROCINST`(`PROC_INST_ID_`) USING BTREE,
  INDEX `ACT_FK_TASK_PROCDEF`(`PROC_DEF_ID_`) USING BTREE,
  CONSTRAINT `ACT_FK_TASK_EXE` FOREIGN KEY (`EXECUTION_ID_`) REFERENCES `act_ru_execution` (`ID_`) ON DELETE RESTRICT ON UPDATE RESTRICT,
  CONSTRAINT `ACT_FK_TASK_PROCDEF` FOREIGN KEY (`PROC_DEF_ID_`) REFERENCES `act_re_procdef` (`ID_`) ON DELETE RESTRICT ON UPDATE RESTRICT,
  CONSTRAINT `ACT_FK_TASK_PROCINST` FOREIGN KEY (`PROC_INST_ID_`) REFERENCES `act_ru_execution` (`ID_`) ON DELETE RESTRICT ON UPDATE RESTRICT
) ENGINE = InnoDB CHARACTER SET = utf8 COLLATE = utf8_bin ROW_FORMAT = Dynamic;

-- ----------------------------
-- Records of act_ru_task
-- ----------------------------
INSERT INTO `act_ru_task` VALUES ('68', 1, '48', '45', 'leave:1:4', '人事审批', NULL, NULL, 'hrVerify', NULL, NULL, NULL, 50, '2020-10-27 10:32:01.014', NULL, NULL, 1, '', NULL, NULL);

-- ----------------------------
-- Table structure for act_ru_timer_job
-- ----------------------------
DROP TABLE IF EXISTS `act_ru_timer_job`;
CREATE TABLE `act_ru_timer_job`  (
  `ID_` varchar(64) CHARACTER SET utf8 COLLATE utf8_bin NOT NULL,
  `REV_` int(11) NULL DEFAULT NULL,
  `TYPE_` varchar(255) CHARACTER SET utf8 COLLATE utf8_bin NOT NULL,
  `LOCK_EXP_TIME_` timestamp(3) NULL DEFAULT NULL,
  `LOCK_OWNER_` varchar(255) CHARACTER SET utf8 COLLATE utf8_bin NULL DEFAULT NULL,
  `EXCLUSIVE_` tinyint(1) NULL DEFAULT NULL,
  `EXECUTION_ID_` varchar(64) CHARACTER SET utf8 COLLATE utf8_bin NULL DEFAULT NULL,
  `PROCESS_INSTANCE_ID_` varchar(64) CHARACTER SET utf8 COLLATE utf8_bin NULL DEFAULT NULL,
  `PROC_DEF_ID_` varchar(64) CHARACTER SET utf8 COLLATE utf8_bin NULL DEFAULT NULL,
  `RETRIES_` int(11) NULL DEFAULT NULL,
  `EXCEPTION_STACK_ID_` varchar(64) CHARACTER SET utf8 COLLATE utf8_bin NULL DEFAULT NULL,
  `EXCEPTION_MSG_` varchar(4000) CHARACTER SET utf8 COLLATE utf8_bin NULL DEFAULT NULL,
  `DUEDATE_` timestamp(3) NULL DEFAULT NULL,
  `REPEAT_` varchar(255) CHARACTER SET utf8 COLLATE utf8_bin NULL DEFAULT NULL,
  `HANDLER_TYPE_` varchar(255) CHARACTER SET utf8 COLLATE utf8_bin NULL DEFAULT NULL,
  `HANDLER_CFG_` varchar(4000) CHARACTER SET utf8 COLLATE utf8_bin NULL DEFAULT NULL,
  `TENANT_ID_` varchar(255) CHARACTER SET utf8 COLLATE utf8_bin NULL DEFAULT '',
  PRIMARY KEY (`ID_`) USING BTREE,
  INDEX `ACT_FK_TIMER_JOB_EXECUTION`(`EXECUTION_ID_`) USING BTREE,
  INDEX `ACT_FK_TIMER_JOB_PROCESS_INSTANCE`(`PROCESS_INSTANCE_ID_`) USING BTREE,
  INDEX `ACT_FK_TIMER_JOB_PROC_DEF`(`PROC_DEF_ID_`) USING BTREE,
  INDEX `ACT_FK_TIMER_JOB_EXCEPTION`(`EXCEPTION_STACK_ID_`) USING BTREE,
  CONSTRAINT `ACT_FK_TIMER_JOB_EXCEPTION` FOREIGN KEY (`EXCEPTION_STACK_ID_`) REFERENCES `act_ge_bytearray` (`ID_`) ON DELETE RESTRICT ON UPDATE RESTRICT,
  CONSTRAINT `ACT_FK_TIMER_JOB_EXECUTION` FOREIGN KEY (`EXECUTION_ID_`) REFERENCES `act_ru_execution` (`ID_`) ON DELETE RESTRICT ON UPDATE RESTRICT,
  CONSTRAINT `ACT_FK_TIMER_JOB_PROCESS_INSTANCE` FOREIGN KEY (`PROCESS_INSTANCE_ID_`) REFERENCES `act_ru_execution` (`ID_`) ON DELETE RESTRICT ON UPDATE RESTRICT,
  CONSTRAINT `ACT_FK_TIMER_JOB_PROC_DEF` FOREIGN KEY (`PROC_DEF_ID_`) REFERENCES `act_re_procdef` (`ID_`) ON DELETE RESTRICT ON UPDATE RESTRICT
) ENGINE = InnoDB CHARACTER SET = utf8 COLLATE = utf8_bin ROW_FORMAT = Dynamic;

-- ----------------------------
-- Records of act_ru_timer_job
-- ----------------------------

-- ----------------------------
-- Table structure for act_ru_variable
-- ----------------------------
DROP TABLE IF EXISTS `act_ru_variable`;
CREATE TABLE `act_ru_variable`  (
  `ID_` varchar(64) CHARACTER SET utf8 COLLATE utf8_bin NOT NULL,
  `REV_` int(11) NULL DEFAULT NULL,
  `TYPE_` varchar(255) CHARACTER SET utf8 COLLATE utf8_bin NOT NULL,
  `NAME_` varchar(255) CHARACTER SET utf8 COLLATE utf8_bin NOT NULL,
  `EXECUTION_ID_` varchar(64) CHARACTER SET utf8 COLLATE utf8_bin NULL DEFAULT NULL,
  `PROC_INST_ID_` varchar(64) CHARACTER SET utf8 COLLATE utf8_bin NULL DEFAULT NULL,
  `TASK_ID_` varchar(64) CHARACTER SET utf8 COLLATE utf8_bin NULL DEFAULT NULL,
  `BYTEARRAY_ID_` varchar(64) CHARACTER SET utf8 COLLATE utf8_bin NULL DEFAULT NULL,
  `DOUBLE_` double NULL DEFAULT NULL,
  `LONG_` bigint(20) NULL DEFAULT NULL,
  `TEXT_` varchar(4000) CHARACTER SET utf8 COLLATE utf8_bin NULL DEFAULT NULL,
  `TEXT2_` varchar(4000) CHARACTER SET utf8 COLLATE utf8_bin NULL DEFAULT NULL,
  PRIMARY KEY (`ID_`) USING BTREE,
  INDEX `ACT_IDX_VARIABLE_TASK_ID`(`TASK_ID_`) USING BTREE,
  INDEX `ACT_FK_VAR_EXE`(`EXECUTION_ID_`) USING BTREE,
  INDEX `ACT_FK_VAR_PROCINST`(`PROC_INST_ID_`) USING BTREE,
  INDEX `ACT_FK_VAR_BYTEARRAY`(`BYTEARRAY_ID_`) USING BTREE,
  CONSTRAINT `ACT_FK_VAR_BYTEARRAY` FOREIGN KEY (`BYTEARRAY_ID_`) REFERENCES `act_ge_bytearray` (`ID_`) ON DELETE RESTRICT ON UPDATE RESTRICT,
  CONSTRAINT `ACT_FK_VAR_EXE` FOREIGN KEY (`EXECUTION_ID_`) REFERENCES `act_ru_execution` (`ID_`) ON DELETE RESTRICT ON UPDATE RESTRICT,
  CONSTRAINT `ACT_FK_VAR_PROCINST` FOREIGN KEY (`PROC_INST_ID_`) REFERENCES `act_ru_execution` (`ID_`) ON DELETE RESTRICT ON UPDATE RESTRICT
) ENGINE = InnoDB CHARACTER SET = utf8 COLLATE = utf8_bin ROW_FORMAT = Dynamic;

-- ----------------------------
-- Records of act_ru_variable
-- ----------------------------
INSERT INTO `act_ru_variable` VALUES ('46', 1, 'string', 'applyUserId', '45', '45', NULL, NULL, NULL, NULL, 'chengxy', NULL);
INSERT INTO `act_ru_variable` VALUES ('54', 1, 'string', 'comment', '45', '45', NULL, NULL, NULL, NULL, '333', NULL);
INSERT INTO `act_ru_variable` VALUES ('55', 2, 'boolean', 'deptLeaderApproved', '45', '45', NULL, NULL, NULL, 1, NULL, NULL);
INSERT INTO `act_ru_variable` VALUES ('60', 1, 'boolean', 'reApply', '45', '45', NULL, NULL, NULL, 1, NULL, NULL);

-- ----------------------------
-- Table structure for biz_leave
-- ----------------------------
DROP TABLE IF EXISTS `biz_leave`;
CREATE TABLE `biz_leave`  (
  `id` bigint(20) NOT NULL AUTO_INCREMENT COMMENT '主键ID',
  `type` char(20) CHARACTER SET utf8 COLLATE utf8_general_ci NULL DEFAULT NULL COMMENT '请假类型',
  `title` varchar(100) CHARACTER SET utf8 COLLATE utf8_general_ci NULL DEFAULT NULL COMMENT '标题',
  `reason` varchar(500) CHARACTER SET utf8 COLLATE utf8_general_ci NULL DEFAULT NULL COMMENT '原因',
  `start_time` datetime(0) NULL DEFAULT NULL COMMENT '开始时间',
  `end_time` datetime(0) NULL DEFAULT NULL COMMENT '结束时间',
  `total_time` bigint(11) NULL DEFAULT NULL COMMENT '请假时长，单位秒',
  `instance_id` varchar(32) CHARACTER SET utf8 COLLATE utf8_general_ci NULL DEFAULT NULL COMMENT '流程实例ID',
  `create_by` varchar(64) CHARACTER SET utf8 COLLATE utf8_general_ci NULL DEFAULT '' COMMENT '创建者',
  `create_time` datetime(0) NULL DEFAULT NULL COMMENT '创建时间',
  `update_by` varchar(64) CHARACTER SET utf8 COLLATE utf8_general_ci NULL DEFAULT '' COMMENT '更新者',
  `update_time` datetime(0) NULL DEFAULT NULL COMMENT '更新时间',
  `apply_user` varchar(64) CHARACTER SET utf8 COLLATE utf8_general_ci NULL DEFAULT NULL COMMENT '申请人',
  `apply_time` datetime(0) NULL DEFAULT NULL COMMENT '申请时间',
  `reality_start_time` datetime(0) NULL DEFAULT NULL COMMENT '实际开始时间',
  `reality_end_time` datetime(0) NULL DEFAULT NULL COMMENT '实际结束时间',
  PRIMARY KEY (`id`) USING BTREE
) ENGINE = InnoDB AUTO_INCREMENT = 4 CHARACTER SET = utf8 COLLATE = utf8_general_ci ROW_FORMAT = Dynamic;

-- ----------------------------
-- Records of biz_leave
-- ----------------------------
INSERT INTO `biz_leave` VALUES (1, 'leave', '222', '333', '2020-10-27 10:35:00', '2020-10-28 10:30:00', 86100, '9', 'chengxy', '2020-10-27 10:26:15', 'chengxy', NULL, 'chengxy', '2020-10-27 10:26:18', NULL, NULL);
INSERT INTO `biz_leave` VALUES (2, 'leave', '111', '222', '2020-10-27 13:25:00', '2020-10-28 10:30:00', 75900, '30', 'chengxy', '2020-10-27 10:28:43', 'chengxy', NULL, 'chengxy', '2020-10-27 10:28:49', NULL, NULL);
INSERT INTO `biz_leave` VALUES (3, 'leave', '1111', '222222222', '2020-10-27 10:35:00', '2020-10-27 10:55:00', 1200, '45', 'chengxy', '2020-10-27 10:30:53', 'chengxy', '2020-10-27 10:31:40', 'chengxy', '2020-10-27 10:30:00', NULL, NULL);

-- ----------------------------
-- Table structure for biz_product
-- ----------------------------
DROP TABLE IF EXISTS `biz_product`;
CREATE TABLE `biz_product`  (
  `ID` bigint(20) NOT NULL AUTO_INCREMENT COMMENT '主键ID',
  `NAME` varchar(100) CHARACTER SET utf8 COLLATE utf8_general_ci NULL DEFAULT NULL COMMENT '名称',
  PRIMARY KEY (`ID`) USING BTREE
) ENGINE = InnoDB AUTO_INCREMENT = 8 CHARACTER SET = utf8 COLLATE = utf8_general_ci ROW_FORMAT = Dynamic;

-- ----------------------------
-- Records of biz_product
-- ----------------------------
INSERT INTO `biz_product` VALUES (1, '生发剂');
INSERT INTO `biz_product` VALUES (2, '假发');
INSERT INTO `biz_product` VALUES (3, '帽子');
INSERT INTO `biz_product` VALUES (4, '颈椎病康复指南');
INSERT INTO `biz_product` VALUES (5, '板砖');
INSERT INTO `biz_product` VALUES (6, '速效救心丸');
INSERT INTO `biz_product` VALUES (7, '一日老板体验券');

-- ----------------------------
-- Table structure for biz_purchase
-- ----------------------------
DROP TABLE IF EXISTS `biz_purchase`;
CREATE TABLE `biz_purchase`  (
  `ID` bigint(20) NOT NULL AUTO_INCREMENT COMMENT '主键ID',
  `TITLE` varchar(100) CHARACTER SET utf8 COLLATE utf8_general_ci NULL DEFAULT NULL COMMENT '标题',
  `AMOUNT` decimal(16, 2) NULL DEFAULT 0.00 COMMENT '金额',
  `INSTANCE_ID` varchar(32) CHARACTER SET utf8 COLLATE utf8_general_ci NULL DEFAULT NULL,
  `CREATE_BY` varchar(64) CHARACTER SET utf8 COLLATE utf8_general_ci NULL DEFAULT NULL COMMENT '创建者',
  `CREATE_TIME` datetime(0) NULL DEFAULT NULL COMMENT '创建时间',
  `UPDATE_BY` varchar(64) CHARACTER SET utf8 COLLATE utf8_general_ci NULL DEFAULT NULL COMMENT '更新者',
  `UPDATE_TIME` datetime(0) NULL DEFAULT NULL COMMENT '更新时间',
  `APPLY_USER` varchar(64) CHARACTER SET utf8 COLLATE utf8_general_ci NULL DEFAULT NULL COMMENT '申请人',
  `APPLY_TIME` datetime(0) NULL DEFAULT NULL COMMENT '申请时间',
  PRIMARY KEY (`ID`) USING BTREE
) ENGINE = InnoDB AUTO_INCREMENT = 1 CHARACTER SET = utf8 COLLATE = utf8_general_ci ROW_FORMAT = Dynamic;

-- ----------------------------
-- Records of biz_purchase
-- ----------------------------

-- ----------------------------
-- Table structure for biz_purchase_product
-- ----------------------------
DROP TABLE IF EXISTS `biz_purchase_product`;
CREATE TABLE `biz_purchase_product`  (
  `ID` bigint(20) NOT NULL AUTO_INCREMENT COMMENT '主键ID',
  `PURCHASE_ID` bigint(20) NULL DEFAULT NULL COMMENT '采购ID',
  `PRODUCT_ID` bigint(20) NULL DEFAULT NULL COMMENT '产品ID',
  PRIMARY KEY (`ID`) USING BTREE
) ENGINE = InnoDB AUTO_INCREMENT = 1 CHARACTER SET = utf8 COLLATE = utf8_general_ci ROW_FORMAT = Dynamic;

-- ----------------------------
-- Records of biz_purchase_product
-- ----------------------------

-- ----------------------------
-- Table structure for biz_todo_item
-- ----------------------------
DROP TABLE IF EXISTS `biz_todo_item`;
CREATE TABLE `biz_todo_item`  (
  `id` bigint(20) NOT NULL AUTO_INCREMENT COMMENT '主键 ID',
  `item_name` varchar(100) CHARACTER SET utf8 COLLATE utf8_general_ci NULL DEFAULT NULL COMMENT '事项标题',
  `item_content` varchar(500) CHARACTER SET utf8 COLLATE utf8_general_ci NULL DEFAULT NULL COMMENT '事项内容',
  `module` varchar(50) CHARACTER SET utf8 COLLATE utf8_general_ci NULL DEFAULT NULL COMMENT '模块名称 (必须以 uri 一致)',
  `task_id` varchar(64) CHARACTER SET utf8 COLLATE utf8_general_ci NULL DEFAULT NULL COMMENT '任务 ID',
  `instance_id` varchar(32) CHARACTER SET utf8 COLLATE utf8_general_ci NULL DEFAULT NULL COMMENT '流程实例 ID',
  `task_name` varchar(50) CHARACTER SET utf8 COLLATE utf8_general_ci NULL DEFAULT NULL COMMENT '任务名称 (必须以表单页面名称一致)',
  `node_name` varchar(50) CHARACTER SET utf8 COLLATE utf8_general_ci NULL DEFAULT NULL COMMENT '节点名称',
  `is_view` char(1) CHARACTER SET utf8 COLLATE utf8_general_ci NULL DEFAULT '0' COMMENT '是否查看 default 0 (0 否 1 是)',
  `is_handle` char(1) CHARACTER SET utf8 COLLATE utf8_general_ci NULL DEFAULT '0' COMMENT '是否处理 default 0 (0 否 1 是)',
  `todo_user_id` varchar(20) CHARACTER SET utf8 COLLATE utf8_general_ci NULL DEFAULT NULL COMMENT '待办人 ID',
  `todo_user_name` varchar(30) CHARACTER SET utf8 COLLATE utf8_general_ci NULL DEFAULT NULL COMMENT '待办人名称',
  `handle_user_id` varchar(20) CHARACTER SET utf8 COLLATE utf8_general_ci NULL DEFAULT NULL COMMENT '处理人 ID',
  `handle_user_name` varchar(30) CHARACTER SET utf8 COLLATE utf8_general_ci NULL DEFAULT NULL COMMENT '处理人名称',
  `todo_time` datetime(0) NULL DEFAULT NULL COMMENT '通知时间',
  `handle_time` datetime(0) NULL DEFAULT NULL COMMENT '处理时间',
  PRIMARY KEY (`id`) USING BTREE
) ENGINE = InnoDB AUTO_INCREMENT = 10 CHARACTER SET = utf8 COLLATE = utf8_general_ci COMMENT = '待办事项表' ROW_FORMAT = Dynamic;

-- ----------------------------
-- Records of biz_todo_item
-- ----------------------------
INSERT INTO `biz_todo_item` VALUES (1, '222', '333', 'leave', '15', '9', 'taskDeptLeaderVerify', '部门领导审批', '1', '1', 'axianlu', '一只闲鹿', 'axianlu', '一只闲鹿', '2020-10-27 10:26:19', '2020-10-27 10:26:50');
INSERT INTO `biz_todo_item` VALUES (2, '222', '333', 'leave', '23', '9', 'taskHrVerify', '人事审批', '1', '1', 'axianlu', '一只闲鹿', 'axianlu', '一只闲鹿', '2020-10-27 10:26:50', '2020-10-27 10:27:39');
INSERT INTO `biz_todo_item` VALUES (3, '222', '333', 'leave', '29', '9', 'taskReportBack', '销假', '0', '0', 'chengxy', '程序猿', NULL, NULL, '2020-10-27 10:27:39', NULL);
INSERT INTO `biz_todo_item` VALUES (4, '111', '222', 'leave', '36', '30', 'taskDeptLeaderVerify', '部门领导审批', '1', '1', 'axianlu', '一只闲鹿', 'axianlu', '一只闲鹿', '2020-10-27 10:28:49', '2020-10-27 10:29:17');
INSERT INTO `biz_todo_item` VALUES (5, '111', '222', 'leave', '44', '30', 'taskModifyApply', '调整申请', '0', '0', 'chengxy', '程序猿', NULL, NULL, '2020-10-27 10:29:17', NULL);
INSERT INTO `biz_todo_item` VALUES (6, '1111', '2222', 'leave', '51', '45', 'taskDeptLeaderVerify', '部门领导审批', '1', '1', 'axianlu', '一只闲鹿', 'axianlu', '一只闲鹿', '2020-10-27 10:30:56', '2020-10-27 10:31:17');
INSERT INTO `biz_todo_item` VALUES (7, '1111', '2222', 'leave', '59', '45', 'taskModifyApply', '调整申请', '1', '1', 'chengxy', '程序猿', 'chengxy', '程序猿', '2020-10-27 10:31:17', '2020-10-27 10:31:40');
INSERT INTO `biz_todo_item` VALUES (8, '1111', '222222222', 'leave', '63', '45', 'taskDeptLeaderVerify', '部门领导审批', '1', '1', 'axianlu', '一只闲鹿', 'axianlu', '一只闲鹿', '2020-10-27 10:31:40', '2020-10-27 10:32:01');
INSERT INTO `biz_todo_item` VALUES (9, '1111', '222222222', 'leave', '68', '45', 'taskHrVerify', '人事审批', '0', '0', 'rensm', '人事喵', NULL, NULL, '2020-10-27 10:32:01', NULL);

-- ----------------------------
-- Table structure for gen_table
-- ----------------------------
DROP TABLE IF EXISTS `gen_table`;
CREATE TABLE `gen_table`  (
  `table_id` bigint(20) NOT NULL AUTO_INCREMENT COMMENT '编号',
  `table_name` varchar(200) CHARACTER SET utf8mb4 COLLATE utf8mb4_general_ci NULL DEFAULT '' COMMENT '表名称',
  `table_comment` varchar(500) CHARACTER SET utf8mb4 COLLATE utf8mb4_general_ci NULL DEFAULT '' COMMENT '表描述',
  `sub_table_name` varchar(64) CHARACTER SET utf8mb4 COLLATE utf8mb4_general_ci NULL DEFAULT NULL COMMENT '关联子表的表名',
  `sub_table_fk_name` varchar(64) CHARACTER SET utf8mb4 COLLATE utf8mb4_general_ci NULL DEFAULT NULL COMMENT '子表关联的外键名',
  `class_name` varchar(100) CHARACTER SET utf8mb4 COLLATE utf8mb4_general_ci NULL DEFAULT '' COMMENT '实体类名称',
  `tpl_category` varchar(200) CHARACTER SET utf8mb4 COLLATE utf8mb4_general_ci NULL DEFAULT 'crud' COMMENT '使用的模板（crud单表操作 tree树表操作 sub主子表操作）',
  `package_name` varchar(100) CHARACTER SET utf8mb4 COLLATE utf8mb4_general_ci NULL DEFAULT NULL COMMENT '生成包路径',
  `module_name` varchar(30) CHARACTER SET utf8mb4 COLLATE utf8mb4_general_ci NULL DEFAULT NULL COMMENT '生成模块名',
  `business_name` varchar(30) CHARACTER SET utf8mb4 COLLATE utf8mb4_general_ci NULL DEFAULT NULL COMMENT '生成业务名',
  `function_name` varchar(50) CHARACTER SET utf8mb4 COLLATE utf8mb4_general_ci NULL DEFAULT NULL COMMENT '生成功能名',
  `function_author` varchar(50) CHARACTER SET utf8mb4 COLLATE utf8mb4_general_ci NULL DEFAULT NULL COMMENT '生成功能作者',
  `gen_type` char(1) CHARACTER SET utf8mb4 COLLATE utf8mb4_general_ci NULL DEFAULT '0' COMMENT '生成代码方式（0zip压缩包 1自定义路径）',
  `gen_path` varchar(200) CHARACTER SET utf8mb4 COLLATE utf8mb4_general_ci NULL DEFAULT '/' COMMENT '生成路径（不填默认项目路径）',
  `options` varchar(1000) CHARACTER SET utf8mb4 COLLATE utf8mb4_general_ci NULL DEFAULT NULL COMMENT '其它生成选项',
  `create_by` varchar(64) CHARACTER SET utf8mb4 COLLATE utf8mb4_general_ci NULL DEFAULT '' COMMENT '创建者',
  `create_time` datetime(0) NULL DEFAULT NULL COMMENT '创建时间',
  `update_by` varchar(64) CHARACTER SET utf8mb4 COLLATE utf8mb4_general_ci NULL DEFAULT '' COMMENT '更新者',
  `update_time` datetime(0) NULL DEFAULT NULL COMMENT '更新时间',
  `remark` varchar(500) CHARACTER SET utf8mb4 COLLATE utf8mb4_general_ci NULL DEFAULT NULL COMMENT '备注',
  PRIMARY KEY (`table_id`) USING BTREE
) ENGINE = InnoDB AUTO_INCREMENT = 23 CHARACTER SET = utf8mb4 COLLATE = utf8mb4_general_ci COMMENT = '代码生成业务表' ROW_FORMAT = Dynamic;

-- ----------------------------
-- Records of gen_table
-- ----------------------------
INSERT INTO `gen_table` VALUES (2, 'kbsm_category', '菜品分类', NULL, NULL, 'KbsmCategory', 'crud', 'com.ruoyi.project.smdd', 'smdd', 'cpflgl', '菜品分类管理', 'ruoyi', '1', 'H:\\openSouce\\RuoYi-fast\\src', '{\"parentMenuId\":\"1067\",\"treeName\":\"\",\"treeParentCode\":\"\",\"parentMenuName\":\"菜品分类管理\",\"treeCode\":\"\"}', 'admin', '2020-08-04 10:13:50', '', '2020-08-04 15:37:13', '');
INSERT INTO `gen_table` VALUES (3, 'kbsm_goods', '菜品', NULL, NULL, 'KbsmGoods', 'crud', 'com.ruoyi.project.smdd', 'smdd', 'cpgl', '菜品管理', 'ruoyi', '1', 'H:\\openSouce\\RuoYi-fast\\src', '{\"parentMenuId\":\"1066\",\"treeName\":\"\",\"treeParentCode\":\"\",\"parentMenuName\":\"菜品管理\",\"treeCode\":\"\"}', 'admin', '2020-08-04 10:13:50', '', '2020-08-09 16:50:34', '');
INSERT INTO `gen_table` VALUES (4, 'kbsm_goods_image', '', NULL, NULL, 'KbsmGoodsImage', 'crud', 'com.ruoyi.project.system', 'system', 'image', NULL, 'ruoyi', '0', '/', NULL, 'admin', '2020-08-04 10:13:50', '', NULL, NULL);
INSERT INTO `gen_table` VALUES (5, 'kbsm_goods_spec', '规格', NULL, NULL, 'KbsmGoodsSpec', 'crud', 'com.ruoyi.project.smdd', 'smdd', 'gggl', '规格管理', 'ruoyi', '1', 'H:\\openSouce\\RuoYi-fast\\src', '{\"parentMenuId\":\"1077\",\"treeName\":\"\",\"treeParentCode\":\"\",\"parentMenuName\":\"规格管理\",\"treeCode\":\"\"}', 'admin', '2020-08-04 10:13:50', '', '2020-08-10 17:33:15', '');
INSERT INTO `gen_table` VALUES (6, 'kbsm_goods_spec_group', '规格组', NULL, NULL, 'KbsmGoodsSpecGroup', 'crud', 'com.ruoyi.project.smdd', 'smdd', 'ggzgl', '规格组管理', 'ruoyi', '1', 'H:\\openSouce\\RuoYi-fast\\src', '{\"parentMenuId\":\"1078\",\"treeName\":\"\",\"treeParentCode\":\"\",\"parentMenuName\":\"规格组管理\",\"treeCode\":\"\"}', 'admin', '2020-08-04 10:13:50', '', '2020-08-10 17:38:19', '');
INSERT INTO `gen_table` VALUES (7, 'kbsm_order', '订单', NULL, NULL, 'KbsmOrder', 'crud', 'com.ruoyi.project.smdd', 'smdd', 'ddgl', '订单管理', 'ruoyi', '1', 'H:\\openSouce\\RuoYi-fast\\src', '{\"parentMenuId\":\"1072\",\"treeName\":\"\",\"treeParentCode\":\"\",\"parentMenuName\":\"订单管理\",\"treeCode\":\"\"}', 'admin', '2020-08-04 10:13:50', '', '2020-08-04 16:26:27', '');
INSERT INTO `gen_table` VALUES (8, 'kbsm_order_address', '', NULL, NULL, 'KbsmOrderAddress', 'crud', 'com.ruoyi.project.system', 'system', 'address', NULL, 'ruoyi', '0', '/', NULL, 'admin', '2020-08-04 10:13:50', '', NULL, NULL);
INSERT INTO `gen_table` VALUES (9, 'kbsm_order_goods', '', NULL, NULL, 'KbsmOrderGoods', 'crud', 'com.ruoyi.project.system', 'system', 'goods', NULL, 'ruoyi', '0', '/', NULL, 'admin', '2020-08-04 10:13:50', '', NULL, NULL);
INSERT INTO `gen_table` VALUES (10, 'kbsm_shop', '门店', NULL, NULL, 'KbsmShop', 'crud', 'com.ruoyi.project.smdd', 'smdd', 'mdgl', '门店管理', 'ruoyi', '1', 'H:\\openSouce\\RuoYi-fast\\src', '{\"parentMenuId\":\"1063\",\"treeName\":\"\",\"treeParentCode\":\"\",\"parentMenuName\":\"门店管理\",\"treeCode\":\"\"}', 'admin', '2020-08-04 10:13:50', '', '2020-08-04 11:53:03', '');
INSERT INTO `gen_table` VALUES (11, 'kbsm_shop_clerk', '店员管理', NULL, NULL, 'KbsmShopClerk', 'crud', 'com.ruoyi.project.smdd', 'smdd', 'dygl', '店员管理', 'ruoyi', '1', 'H:\\openSouce\\RuoYi-fast\\src', '{\"parentMenuId\":\"1064\",\"treeName\":\"\",\"treeParentCode\":\"\",\"parentMenuName\":\"店员管理\",\"treeCode\":\"\"}', 'admin', '2020-08-04 10:13:50', '', '2020-08-04 12:22:36', '');
INSERT INTO `gen_table` VALUES (13, 'kbsm_upload_file', '', NULL, NULL, 'KbsmUploadFile', 'crud', 'com.ruoyi.project.system', 'system', 'file', NULL, 'ruoyi', '0', '/', NULL, 'admin', '2020-08-04 10:13:50', '', NULL, NULL);
INSERT INTO `gen_table` VALUES (14, 'kbsm_user', '用户', NULL, NULL, 'KbsmUser', 'crud', 'com.ruoyi.project.smdd', 'smdd', 'yhgl', '用户管理', 'ruoyi', '1', 'H:\\openSouce\\RuoYi-fast\\src', '{\"parentMenuId\":\"1070\",\"treeName\":\"\",\"treeParentCode\":\"\",\"parentMenuName\":\"用户管理\",\"treeCode\":\"\"}', 'admin', '2020-08-04 10:13:50', '', '2020-08-04 16:01:29', '');
INSERT INTO `gen_table` VALUES (15, 'kbsm_user_address', '', NULL, NULL, 'KbsmUserAddress', 'crud', 'com.ruoyi.project.system', 'system', 'address', NULL, 'ruoyi', '0', '/', NULL, 'admin', '2020-08-04 10:13:50', '', NULL, NULL);
INSERT INTO `gen_table` VALUES (16, 'kbsm_user_grade', '', NULL, NULL, 'KbsmUserGrade', 'crud', 'com.ruoyi.project.system', 'system', 'grade', NULL, 'ruoyi', '0', '/', NULL, 'admin', '2020-08-04 10:13:50', '', NULL, NULL);
INSERT INTO `gen_table` VALUES (17, 'kbsm_wxapp', '小程序列表', NULL, NULL, 'KbsmWxapp', 'crud', 'com.ruoyi.project.smdd', 'smdd', 'xcxlb', '小程序列表', 'ruoyi', '1', 'H:\\openSouce\\RuoYi-fast\\src', '{\"parentMenuId\":\"1075\",\"treeName\":\"\",\"treeParentCode\":\"\",\"parentMenuName\":\"小程序列表\",\"treeCode\":\"\"}', 'admin', '2020-08-04 10:13:50', '', '2020-08-08 15:21:29', '');
INSERT INTO `gen_table` VALUES (18, 'kbsm_wxapp_help', '', NULL, NULL, 'KbsmWxappHelp', 'crud', 'com.ruoyi.project.system', 'system', 'help', NULL, 'ruoyi', '0', '/', NULL, 'admin', '2020-08-04 10:13:50', '', NULL, NULL);
INSERT INTO `gen_table` VALUES (19, 'kbsm_wxapp_page', '页面', NULL, NULL, 'KbsmWxappPage', 'crud', 'com.ruoyi.project.smdd', 'smdd', 'ymzdy', '页面自定义', 'ruoyi', '1', 'H:\\openSouce\\RuoYi-fast\\src', '{\"parentMenuId\":\"1074\",\"treeName\":\"\",\"treeParentCode\":\"\",\"parentMenuName\":\"页面自定义\",\"treeCode\":\"\"}', 'admin', '2020-08-04 10:13:50', '', '2020-08-05 17:59:57', '');
INSERT INTO `gen_table` VALUES (20, 'kbsm_table', '餐桌', NULL, NULL, 'KbsmTable', 'crud', 'com.ruoyi.project.smdd', 'smdd', 'czgl', '餐桌管理', 'ruoyi', '1', 'H:\\openSouce\\RuoYi-fast\\src', '{\"parentMenuId\":\"1065\",\"treeName\":\"\",\"treeParentCode\":\"\",\"parentMenuName\":\"餐桌管理\",\"treeCode\":\"\"}', 'admin', '2020-08-04 15:04:01', '', '2020-08-04 15:08:34', '');
INSERT INTO `gen_table` VALUES (21, 'kbsm_recharge', '订单记录', 'kbsm_recharge_plan', 'id', 'KbsmRecharge', 'crud', 'com.ruoyi.project.smdd', 'smdd', 'ddjlgl', '订单记录管理', 'ruoyi', '1', 'H:\\openSouce\\RuoYi-fast\\src', '{\"parentMenuId\":\"1071\",\"treeName\":\"\",\"treeParentCode\":\"\",\"parentMenuName\":\"订单记录管理\",\"treeCode\":\"\"}', 'admin', '2020-08-04 16:10:03', '', '2020-08-04 16:19:34', '');
INSERT INTO `gen_table` VALUES (22, 'kbsm_recharge_plan', '', NULL, NULL, 'KbsmRechargePlan', 'crud', 'com.ruoyi.project.smdd', 'smdd', 'plan', NULL, 'ruoyi', '0', '/', NULL, 'admin', '2020-08-04 16:10:03', '', NULL, NULL);

-- ----------------------------
-- Table structure for gen_table_column
-- ----------------------------
DROP TABLE IF EXISTS `gen_table_column`;
CREATE TABLE `gen_table_column`  (
  `column_id` bigint(20) NOT NULL AUTO_INCREMENT COMMENT '编号',
  `table_id` varchar(64) CHARACTER SET utf8mb4 COLLATE utf8mb4_general_ci NULL DEFAULT NULL COMMENT '归属表编号',
  `column_name` varchar(200) CHARACTER SET utf8mb4 COLLATE utf8mb4_general_ci NULL DEFAULT NULL COMMENT '列名称',
  `column_comment` varchar(500) CHARACTER SET utf8mb4 COLLATE utf8mb4_general_ci NULL DEFAULT NULL COMMENT '列描述',
  `column_type` varchar(100) CHARACTER SET utf8mb4 COLLATE utf8mb4_general_ci NULL DEFAULT NULL COMMENT '列类型',
  `java_type` varchar(500) CHARACTER SET utf8mb4 COLLATE utf8mb4_general_ci NULL DEFAULT NULL COMMENT 'JAVA类型',
  `java_field` varchar(200) CHARACTER SET utf8mb4 COLLATE utf8mb4_general_ci NULL DEFAULT NULL COMMENT 'JAVA字段名',
  `is_pk` char(1) CHARACTER SET utf8mb4 COLLATE utf8mb4_general_ci NULL DEFAULT NULL COMMENT '是否主键（1是）',
  `is_increment` char(1) CHARACTER SET utf8mb4 COLLATE utf8mb4_general_ci NULL DEFAULT NULL COMMENT '是否自增（1是）',
  `is_required` char(1) CHARACTER SET utf8mb4 COLLATE utf8mb4_general_ci NULL DEFAULT NULL COMMENT '是否必填（1是）',
  `is_insert` char(1) CHARACTER SET utf8mb4 COLLATE utf8mb4_general_ci NULL DEFAULT NULL COMMENT '是否为插入字段（1是）',
  `is_edit` char(1) CHARACTER SET utf8mb4 COLLATE utf8mb4_general_ci NULL DEFAULT NULL COMMENT '是否编辑字段（1是）',
  `is_list` char(1) CHARACTER SET utf8mb4 COLLATE utf8mb4_general_ci NULL DEFAULT NULL COMMENT '是否列表字段（1是）',
  `is_query` char(1) CHARACTER SET utf8mb4 COLLATE utf8mb4_general_ci NULL DEFAULT NULL COMMENT '是否查询字段（1是）',
  `query_type` varchar(200) CHARACTER SET utf8mb4 COLLATE utf8mb4_general_ci NULL DEFAULT 'EQ' COMMENT '查询方式（等于、不等于、大于、小于、范围）',
  `html_type` varchar(200) CHARACTER SET utf8mb4 COLLATE utf8mb4_general_ci NULL DEFAULT NULL COMMENT '显示类型（文本框、文本域、下拉框、复选框、单选框、日期控件）',
  `dict_type` varchar(200) CHARACTER SET utf8mb4 COLLATE utf8mb4_general_ci NULL DEFAULT '' COMMENT '字典类型',
  `sort` int(11) NULL DEFAULT NULL COMMENT '排序',
  `create_by` varchar(64) CHARACTER SET utf8mb4 COLLATE utf8mb4_general_ci NULL DEFAULT '' COMMENT '创建者',
  `create_time` datetime(0) NULL DEFAULT NULL COMMENT '创建时间',
  `update_by` varchar(64) CHARACTER SET utf8mb4 COLLATE utf8mb4_general_ci NULL DEFAULT '' COMMENT '更新者',
  `update_time` datetime(0) NULL DEFAULT NULL COMMENT '更新时间',
  PRIMARY KEY (`column_id`) USING BTREE
) ENGINE = InnoDB AUTO_INCREMENT = 307 CHARACTER SET = utf8mb4 COLLATE = utf8mb4_general_ci COMMENT = '代码生成业务表字段' ROW_FORMAT = Dynamic;

-- ----------------------------
-- Records of gen_table_column
-- ----------------------------
INSERT INTO `gen_table_column` VALUES (11, '2', 'id', '商品分类id', 'int(11) unsigned', 'Long', 'id', '1', '1', NULL, '1', NULL, NULL, NULL, 'EQ', 'input', '', 1, 'admin', '2020-08-04 10:13:50', NULL, '2020-08-04 15:37:13');
INSERT INTO `gen_table_column` VALUES (12, '2', 'name', '分类名称', 'varchar(50)', 'String', 'name', '0', '0', '1', '1', '1', '1', '1', 'LIKE', 'input', '', 2, 'admin', '2020-08-04 10:13:50', NULL, '2020-08-04 15:37:13');
INSERT INTO `gen_table_column` VALUES (13, '2', 'parent_id', '上级分类id', 'int(11) unsigned', 'Long', 'parentId', '0', '0', NULL, '1', '1', '1', NULL, 'EQ', 'input', '', 3, 'admin', '2020-08-04 10:13:50', NULL, '2020-08-04 15:37:13');
INSERT INTO `gen_table_column` VALUES (14, '2', 'image_id', '分类图片id', 'int(11) unsigned', 'Long', 'imageId', '0', '0', NULL, '1', '1', '1', NULL, 'EQ', 'input', '', 4, 'admin', '2020-08-04 10:13:50', NULL, '2020-08-04 15:37:13');
INSERT INTO `gen_table_column` VALUES (15, '2', 'sort', '排序方式(数字越小越靠前)', 'int(11) unsigned', 'Long', 'sort', '0', '0', NULL, '1', '1', '1', NULL, 'EQ', 'input', '', 5, 'admin', '2020-08-04 10:13:50', NULL, '2020-08-04 15:37:13');
INSERT INTO `gen_table_column` VALUES (16, '2', 'shop_id', '门店id', 'int(11) unsigned', 'Long', 'shopId', '0', '0', '1', '1', '1', '1', NULL, 'EQ', 'select', '', 6, 'admin', '2020-08-04 10:13:50', NULL, '2020-08-04 15:37:13');
INSERT INTO `gen_table_column` VALUES (17, '2', 'wxapp_id', '小程序id', 'int(11) unsigned', 'Long', 'wxappId', '0', '0', NULL, '1', '1', '1', NULL, 'EQ', 'input', '', 7, 'admin', '2020-08-04 10:13:50', NULL, '2020-08-04 15:37:13');
INSERT INTO `gen_table_column` VALUES (18, '2', 'gmt_create', '创建时间', 'datetime', 'Date', 'gmtCreate', '0', '0', NULL, '1', '1', '1', NULL, 'EQ', 'datetime', '', 8, 'admin', '2020-08-04 10:13:50', NULL, '2020-08-04 15:37:13');
INSERT INTO `gen_table_column` VALUES (19, '2', 'gmt_modified', '更新时间', 'datetime', 'Date', 'gmtModified', '0', '0', NULL, '1', '1', '1', NULL, 'EQ', 'datetime', '', 9, 'admin', '2020-08-04 10:13:50', NULL, '2020-08-04 15:37:13');
INSERT INTO `gen_table_column` VALUES (20, '3', 'id', '商品id', 'int(11) unsigned', 'Long', 'id', '1', '1', NULL, '1', NULL, NULL, NULL, 'EQ', 'input', '', 1, 'admin', '2020-08-04 10:13:50', NULL, '2020-08-09 16:50:34');
INSERT INTO `gen_table_column` VALUES (21, '3', 'goods_name', '商品名称', 'varchar(255)', 'String', 'goodsName', '0', '0', '1', '1', '1', '1', '1', 'LIKE', 'input', '', 2, 'admin', '2020-08-04 10:13:50', NULL, '2020-08-09 16:50:34');
INSERT INTO `gen_table_column` VALUES (22, '3', 'category_id', '商品分类id', 'int(11) unsigned', 'Long', 'categoryId', '0', '0', '1', '1', '1', '1', '1', 'EQ', 'input', '', 3, 'admin', '2020-08-04 10:13:50', NULL, '2020-08-09 16:50:34');
INSERT INTO `gen_table_column` VALUES (23, '3', 'spec_type', '商品规格(1单规格 2多规格)', 'tinyint(3) unsigned', 'Integer', 'specType', '0', '0', '1', '1', '1', '1', '1', 'EQ', 'select', 'spec_type', 4, 'admin', '2020-08-04 10:13:50', NULL, '2020-08-09 16:50:34');
INSERT INTO `gen_table_column` VALUES (24, '3', 'deduct_stock_type', '库存计算方式(1下单减库存 2付款减库存)', 'tinyint(3) unsigned', 'Integer', 'deductStockType', '0', '0', '1', '1', '1', '1', NULL, 'EQ', 'select', 'deduct_stock_type', 5, 'admin', '2020-08-04 10:13:50', NULL, '2020-08-09 16:50:34');
INSERT INTO `gen_table_column` VALUES (25, '3', 'content', '商品详情', 'longtext', 'String', 'content', '0', '0', NULL, '1', '1', '1', NULL, 'EQ', 'input', '', 6, 'admin', '2020-08-04 10:13:50', NULL, '2020-08-09 16:50:34');
INSERT INTO `gen_table_column` VALUES (26, '3', 'sales_initial', '初始销量', 'int(11) unsigned', 'Long', 'salesInitial', '0', '0', '1', '1', '1', '1', NULL, 'EQ', 'input', '', 7, 'admin', '2020-08-04 10:13:50', NULL, '2020-08-09 16:50:34');
INSERT INTO `gen_table_column` VALUES (27, '3', 'sales_actual', '实际销量', 'int(11) unsigned', 'Long', 'salesActual', '0', '0', '1', '1', '1', '1', NULL, 'EQ', 'input', '', 8, 'admin', '2020-08-04 10:13:50', NULL, '2020-08-09 16:50:34');
INSERT INTO `gen_table_column` VALUES (28, '3', 'goods_sort', '商品排序(数字越小越靠前)', 'int(11) unsigned', 'Long', 'goodsSort', '0', '0', '1', '1', '1', '1', NULL, 'EQ', 'input', '', 9, 'admin', '2020-08-04 10:13:50', NULL, '2020-08-09 16:50:34');
INSERT INTO `gen_table_column` VALUES (29, '3', 'goods_status', '商品状态(1上架 2下架)', 'tinyint(3) unsigned', 'Integer', 'goodsStatus', '0', '0', '1', '1', '1', '1', NULL, 'EQ', 'radio', 'goods_status', 10, 'admin', '2020-08-04 10:13:50', NULL, '2020-08-09 16:50:34');
INSERT INTO `gen_table_column` VALUES (30, '3', 'pack_price', '餐盒费用', 'decimal(10,2) unsigned', 'BigDecimal', 'packPrice', '0', '0', '1', '1', '1', '1', NULL, 'EQ', 'input', '', 11, 'admin', '2020-08-04 10:13:50', NULL, '2020-08-09 16:50:34');
INSERT INTO `gen_table_column` VALUES (31, '3', 'is_delete', '是否删除', 'tinyint(3) unsigned', 'Integer', 'isDelete', '0', '0', '1', '1', '1', '1', NULL, 'EQ', 'input', '', 12, 'admin', '2020-08-04 10:13:50', NULL, '2020-08-09 16:50:34');
INSERT INTO `gen_table_column` VALUES (32, '3', 'shop_id', '门店id', 'int(11) unsigned', 'Long', 'shopId', '0', '0', '1', '1', '1', '1', '1', 'EQ', 'input', '', 13, 'admin', '2020-08-04 10:13:50', NULL, '2020-08-09 16:50:34');
INSERT INTO `gen_table_column` VALUES (33, '3', 'wxapp_id', '小程序id', 'int(11) unsigned', 'Long', 'wxappId', '0', '0', '1', '1', '1', '1', NULL, 'EQ', 'input', '', 14, 'admin', '2020-08-04 10:13:50', NULL, '2020-08-09 16:50:34');
INSERT INTO `gen_table_column` VALUES (34, '3', 'gmt_create', '创建时间', 'datetime', 'Date', 'gmtCreate', '0', '0', '1', NULL, NULL, NULL, NULL, 'EQ', 'datetime', '', 15, 'admin', '2020-08-04 10:13:50', NULL, '2020-08-09 16:50:34');
INSERT INTO `gen_table_column` VALUES (35, '3', 'gmt_modified', '更新时间', 'datetime', 'Date', 'gmtModified', '0', '0', '1', NULL, NULL, NULL, NULL, 'EQ', 'datetime', '', 16, 'admin', '2020-08-04 10:13:50', NULL, '2020-08-09 16:50:34');
INSERT INTO `gen_table_column` VALUES (36, '4', 'id', '主键id', 'int(11) unsigned', 'Long', 'id', '1', '1', NULL, '1', NULL, NULL, NULL, 'EQ', 'input', '', 1, 'admin', '2020-08-04 10:13:50', '', NULL);
INSERT INTO `gen_table_column` VALUES (37, '4', 'goods_id', '商品id', 'int(11) unsigned', 'Long', 'goodsId', '0', '0', '1', '1', '1', '1', '1', 'EQ', 'input', '', 2, 'admin', '2020-08-04 10:13:50', '', NULL);
INSERT INTO `gen_table_column` VALUES (38, '4', 'image_id', '图片id(关联文件记录表)', 'int(11)', 'Long', 'imageId', '0', '0', '1', '1', '1', '1', '1', 'EQ', 'input', '', 3, 'admin', '2020-08-04 10:13:50', '', NULL);
INSERT INTO `gen_table_column` VALUES (39, '4', 'wxapp_id', '小程序id', 'int(11) unsigned', 'Long', 'wxappId', '0', '0', '1', '1', '1', '1', '1', 'EQ', 'input', '', 4, 'admin', '2020-08-04 10:13:50', '', NULL);
INSERT INTO `gen_table_column` VALUES (40, '4', 'gmt_create', '创建时间', 'datetime', 'Date', 'gmtCreate', '0', '0', '1', '1', '1', '1', '1', 'EQ', 'datetime', '', 5, 'admin', '2020-08-04 10:13:50', '', NULL);
INSERT INTO `gen_table_column` VALUES (41, '4', 'gmt_modified', '更新时间', 'datetime', 'Date', 'gmtModified', '0', '0', '1', '1', '1', '1', '1', 'EQ', 'datetime', '', 6, 'admin', '2020-08-04 10:13:50', '', NULL);
INSERT INTO `gen_table_column` VALUES (42, '5', 'id', '商品规格id', 'int(11) unsigned', 'Long', 'id', '1', '1', NULL, NULL, NULL, '1', NULL, 'EQ', 'input', '', 1, 'admin', '2020-08-04 10:13:50', NULL, '2020-08-10 17:33:15');
INSERT INTO `gen_table_column` VALUES (43, '5', 'spec_name', '规格名称', 'varchar(255)', 'String', 'specName', '0', '0', NULL, '1', '1', '1', '1', 'LIKE', 'input', '', 2, 'admin', '2020-08-04 10:13:50', NULL, '2020-08-10 17:33:15');
INSERT INTO `gen_table_column` VALUES (44, '5', 'goods_id', '商品id', 'int(11) unsigned', 'Long', 'goodsId', '0', '0', '1', '1', '1', '1', '1', 'EQ', 'input', '', 3, 'admin', '2020-08-04 10:13:50', NULL, '2020-08-10 17:33:15');
INSERT INTO `gen_table_column` VALUES (45, '5', 'goods_no', '商品编码', 'varchar(100)', 'String', 'goodsNo', '0', '0', '1', '1', '1', '1', '1', 'EQ', 'input', '', 4, 'admin', '2020-08-04 10:13:50', NULL, '2020-08-10 17:33:15');
INSERT INTO `gen_table_column` VALUES (46, '5', 'goods_price', '店内售价', 'decimal(10,2) unsigned', 'BigDecimal', 'goodsPrice', '0', '0', '1', '1', '1', '1', NULL, 'EQ', 'input', '', 5, 'admin', '2020-08-04 10:13:50', NULL, '2020-08-10 17:33:15');
INSERT INTO `gen_table_column` VALUES (47, '5', 'out_price', '外卖售价', 'decimal(10,2) unsigned', 'BigDecimal', 'outPrice', '0', '0', '1', '1', '1', '1', NULL, 'EQ', 'input', '', 6, 'admin', '2020-08-04 10:13:50', NULL, '2020-08-10 17:33:15');
INSERT INTO `gen_table_column` VALUES (48, '5', 'line_price', '商品划线价', 'decimal(10,2) unsigned', 'BigDecimal', 'linePrice', '0', '0', '1', '1', '1', '1', NULL, 'EQ', 'input', '', 7, 'admin', '2020-08-04 10:13:50', NULL, '2020-08-10 17:33:15');
INSERT INTO `gen_table_column` VALUES (49, '5', 'stock_num', '当前库存数量', 'int(11) unsigned', 'Long', 'stockNum', '0', '0', '1', '1', '1', '1', NULL, 'EQ', 'input', '', 8, 'admin', '2020-08-04 10:13:50', NULL, '2020-08-10 17:33:15');
INSERT INTO `gen_table_column` VALUES (50, '5', 'goods_sales', '商品销量', 'int(11) unsigned', 'Long', 'goodsSales', '0', '0', '1', '1', '1', '1', NULL, 'EQ', 'input', '', 9, 'admin', '2020-08-04 10:13:50', NULL, '2020-08-10 17:33:15');
INSERT INTO `gen_table_column` VALUES (51, '5', 'wxapp_id', '小程序id', 'int(11) unsigned', 'Long', 'wxappId', '0', '0', '1', '1', '1', '1', NULL, 'EQ', 'input', '', 10, 'admin', '2020-08-04 10:13:50', NULL, '2020-08-10 17:33:15');
INSERT INTO `gen_table_column` VALUES (52, '5', 'spec_sku_id', '商品sku标识(0代表spu属性)', 'varchar(255)', 'String', 'specSkuId', '0', '0', '1', '1', '1', '1', '1', 'EQ', 'input', '', 11, 'admin', '2020-08-04 10:13:50', NULL, '2020-08-10 17:33:15');
INSERT INTO `gen_table_column` VALUES (53, '5', 'group_id', '所属规格组（0为单规格， 大于0为多规格）', 'int(11)', 'Long', 'groupId', '0', '0', '1', '1', '1', '1', NULL, 'EQ', 'input', '', 12, 'admin', '2020-08-04 10:13:50', NULL, '2020-08-10 17:33:15');
INSERT INTO `gen_table_column` VALUES (54, '5', 'gmt_create', '创建时间', 'datetime', 'Date', 'gmtCreate', '0', '0', '1', NULL, NULL, NULL, NULL, 'EQ', 'datetime', '', 13, 'admin', '2020-08-04 10:13:50', NULL, '2020-08-10 17:33:15');
INSERT INTO `gen_table_column` VALUES (55, '5', 'gmt_modified', '更新时间', 'datetime', 'Date', 'gmtModified', '0', '0', '1', NULL, NULL, NULL, NULL, 'EQ', 'datetime', '', 14, 'admin', '2020-08-04 10:13:50', NULL, '2020-08-10 17:33:15');
INSERT INTO `gen_table_column` VALUES (56, '5', 'version', '用于乐观锁的版本号', 'bigint(20) unsigned', 'Long', 'version', '0', '0', '1', NULL, NULL, NULL, NULL, 'EQ', 'input', '', 15, 'admin', '2020-08-04 10:13:50', NULL, '2020-08-10 17:33:15');
INSERT INTO `gen_table_column` VALUES (57, '6', 'id', '主键(group_id)', 'int(10) unsigned', 'Integer', 'id', '1', '1', NULL, '1', NULL, '1', NULL, 'EQ', 'input', '', 1, 'admin', '2020-08-04 10:13:50', NULL, '2020-08-10 17:38:19');
INSERT INTO `gen_table_column` VALUES (58, '6', 'group_name', '名称', 'varchar(255)', 'String', 'groupName', '0', '0', NULL, '1', '1', '1', '1', 'LIKE', 'input', '', 2, 'admin', '2020-08-04 10:13:50', NULL, '2020-08-10 17:38:19');
INSERT INTO `gen_table_column` VALUES (59, '6', 'goods_id', '商品id', 'int(11) unsigned', 'Long', 'goodsId', '0', '0', '1', '1', '1', '1', '1', 'EQ', 'input', '', 3, 'admin', '2020-08-04 10:13:50', NULL, '2020-08-10 17:38:19');
INSERT INTO `gen_table_column` VALUES (60, '6', 'wxapp_id', '小程序id', 'int(11) unsigned', 'Long', 'wxappId', '0', '0', '1', '1', '1', '1', '1', 'EQ', 'input', '', 4, 'admin', '2020-08-04 10:13:50', NULL, '2020-08-10 17:38:19');
INSERT INTO `gen_table_column` VALUES (61, '6', 'type', '1无影响库存规格  2影响库存规格', 'tinyint(3) unsigned', 'Integer', 'type', '0', '0', '1', '1', '1', '1', NULL, 'EQ', 'select', 'spec_stock_type', 5, 'admin', '2020-08-04 10:13:50', NULL, '2020-08-10 17:38:19');
INSERT INTO `gen_table_column` VALUES (62, '6', 'gmt_create', '创建时间', 'datetime', 'Date', 'gmtCreate', '0', '0', '1', NULL, NULL, NULL, NULL, 'EQ', 'datetime', '', 6, 'admin', '2020-08-04 10:13:50', NULL, '2020-08-10 17:38:19');
INSERT INTO `gen_table_column` VALUES (63, '6', 'gmt_modified', '更新时间', 'datetime', 'Date', 'gmtModified', '0', '0', '1', NULL, NULL, NULL, NULL, 'EQ', 'datetime', '', 7, 'admin', '2020-08-04 10:13:50', NULL, '2020-08-10 17:38:19');
INSERT INTO `gen_table_column` VALUES (64, '7', 'id', '订单id', 'int(11) unsigned', 'Long', 'id', '1', '1', NULL, '1', NULL, NULL, NULL, 'EQ', 'input', '', 1, 'admin', '2020-08-04 10:13:50', NULL, '2020-08-04 16:26:27');
INSERT INTO `gen_table_column` VALUES (65, '7', 'order_no', '订单号', 'bigint(20)', 'Long', 'orderNo', '0', '0', '1', '1', '1', '1', '1', 'EQ', 'input', '', 2, 'admin', '2020-08-04 10:13:50', NULL, '2020-08-04 16:26:27');
INSERT INTO `gen_table_column` VALUES (66, '7', 'row_no', '订单排号', 'int(11) unsigned', 'Long', 'rowNo', '0', '0', NULL, '1', '1', '1', '1', 'EQ', 'input', '', 3, 'admin', '2020-08-04 10:13:50', NULL, '2020-08-04 16:26:27');
INSERT INTO `gen_table_column` VALUES (67, '7', 'shop_id', '门店id', 'int(11) unsigned', 'Long', 'shopId', '0', '0', '1', '1', '1', '1', '1', 'EQ', 'input', '', 4, 'admin', '2020-08-04 10:13:50', NULL, '2020-08-04 16:26:27');
INSERT INTO `gen_table_column` VALUES (68, '7', 'table_id', '餐桌/包间id( 1店内就餐 2打包带走 3外卖直达 4到店自取)', 'int(11) unsigned', 'Long', 'tableId', '0', '0', '1', '1', '1', '1', '1', 'EQ', 'input', '', 5, 'admin', '2020-08-04 10:13:50', NULL, '2020-08-04 16:26:27');
INSERT INTO `gen_table_column` VALUES (69, '7', 'total_price', '商品总金额', 'decimal(10,2) unsigned', 'BigDecimal', 'totalPrice', '0', '0', NULL, '1', '1', '1', NULL, 'EQ', 'input', '', 6, 'admin', '2020-08-04 10:13:50', NULL, '2020-08-04 16:26:27');
INSERT INTO `gen_table_column` VALUES (70, '7', 'activity_price', '优惠价格', 'decimal(10,2) unsigned', 'BigDecimal', 'activityPrice', '0', '0', NULL, '1', '1', '1', NULL, 'EQ', 'input', '', 7, 'admin', '2020-08-04 10:13:50', NULL, '2020-08-04 16:26:27');
INSERT INTO `gen_table_column` VALUES (71, '7', 'pay_price', '订单实付款金额', 'decimal(10,2) unsigned', 'BigDecimal', 'payPrice', '0', '0', NULL, '1', '1', '1', NULL, 'EQ', 'input', '', 8, 'admin', '2020-08-04 10:13:50', NULL, '2020-08-04 16:26:27');
INSERT INTO `gen_table_column` VALUES (72, '7', 'pay_status', '付款状态(1未付款 2已付款)', 'tinyint(3) unsigned', 'Integer', 'payStatus', '0', '0', '1', '1', '1', '1', '1', 'EQ', 'radio', '', 9, 'admin', '2020-08-04 10:13:50', NULL, '2020-08-04 16:26:27');
INSERT INTO `gen_table_column` VALUES (73, '7', 'pay_time', '付款时间', 'int(11) unsigned', 'Long', 'payTime', '0', '0', NULL, '1', '1', '1', NULL, 'EQ', 'input', '', 10, 'admin', '2020-08-04 10:13:50', NULL, '2020-08-04 16:26:27');
INSERT INTO `gen_table_column` VALUES (74, '7', 'express_price', '配送费用', 'decimal(10,2) unsigned', 'BigDecimal', 'expressPrice', '0', '0', NULL, '1', '1', '1', NULL, 'EQ', 'input', '', 11, 'admin', '2020-08-04 10:13:50', NULL, '2020-08-04 16:26:27');
INSERT INTO `gen_table_column` VALUES (75, '7', 'pack_price', '餐盒费用', 'decimal(10,2) unsigned', 'BigDecimal', 'packPrice', '0', '0', NULL, '1', '1', '1', NULL, 'EQ', 'input', '', 12, 'admin', '2020-08-04 10:13:50', NULL, '2020-08-04 16:26:27');
INSERT INTO `gen_table_column` VALUES (76, '7', 'ware_price', '餐具调料费', 'decimal(10,2) unsigned', 'BigDecimal', 'warePrice', '0', '0', NULL, '1', '1', '1', NULL, 'EQ', 'input', '', 13, 'admin', '2020-08-04 10:13:50', NULL, '2020-08-04 16:26:27');
INSERT INTO `gen_table_column` VALUES (77, '7', 'people', '就餐人数', 'tinyint(3) unsigned', 'Integer', 'people', '0', '0', NULL, '1', '1', '1', NULL, 'EQ', 'input', '', 14, 'admin', '2020-08-04 10:13:50', NULL, '2020-08-04 16:26:27');
INSERT INTO `gen_table_column` VALUES (78, '7', 'shop_clerk_id', '配送员', 'int(11) unsigned', 'Long', 'shopClerkId', '0', '0', NULL, '1', '1', '1', NULL, 'EQ', 'input', '', 15, 'admin', '2020-08-04 10:13:50', NULL, '2020-08-04 16:26:27');
INSERT INTO `gen_table_column` VALUES (79, '7', 'flavor', '口味选项', 'varchar(255)', 'String', 'flavor', '0', '0', NULL, '1', '1', '1', NULL, 'EQ', 'input', '', 16, 'admin', '2020-08-04 10:13:50', NULL, '2020-08-04 16:26:27');
INSERT INTO `gen_table_column` VALUES (80, '7', 'message', '买家留言', 'varchar(255)', 'String', 'message', '0', '0', NULL, '1', '1', '1', NULL, 'EQ', 'input', '', 17, 'admin', '2020-08-04 10:13:50', NULL, '2020-08-04 16:26:27');
INSERT INTO `gen_table_column` VALUES (81, '7', 'arrive_time', '自取到店时间', 'datetime', 'Date', 'arriveTime', '0', '0', NULL, '1', '1', '1', NULL, 'EQ', 'datetime', '', 18, 'admin', '2020-08-04 10:13:50', NULL, '2020-08-04 16:26:27');
INSERT INTO `gen_table_column` VALUES (82, '7', 'delivery_status', '上餐状态(1烹制中 2上餐中)', 'tinyint(3) unsigned', 'Integer', 'deliveryStatus', '0', '0', NULL, '1', '1', '1', NULL, 'EQ', 'radio', '', 19, 'admin', '2020-08-04 10:13:50', NULL, '2020-08-04 16:26:27');
INSERT INTO `gen_table_column` VALUES (83, '7', 'delivery_time', '上餐时间', 'int(11) unsigned', 'Long', 'deliveryTime', '0', '0', NULL, '1', '1', '1', NULL, 'EQ', 'input', '', 20, 'admin', '2020-08-04 10:13:50', NULL, '2020-08-04 16:26:27');
INSERT INTO `gen_table_column` VALUES (84, '7', 'receipt_status', '用餐状态(1用餐中 2用餐完毕)', 'tinyint(3) unsigned', 'Integer', 'receiptStatus', '0', '0', NULL, '1', '1', '1', NULL, 'EQ', 'radio', '', 21, 'admin', '2020-08-04 10:13:50', NULL, '2020-08-04 16:26:27');
INSERT INTO `gen_table_column` VALUES (85, '7', 'receipt_time', '用餐完毕时间', 'int(11) unsigned', 'Long', 'receiptTime', '0', '0', NULL, '1', '1', '1', NULL, 'EQ', 'input', '', 22, 'admin', '2020-08-04 10:13:50', NULL, '2020-08-04 16:26:27');
INSERT INTO `gen_table_column` VALUES (86, '7', 'order_status', '订单状态(1进行中 2取消 3待取消 4已完成)', 'tinyint(3) unsigned', 'Integer', 'orderStatus', '0', '0', NULL, '1', '1', '1', NULL, 'EQ', 'radio', '', 23, 'admin', '2020-08-04 10:13:50', NULL, '2020-08-04 16:26:27');
INSERT INTO `gen_table_column` VALUES (87, '7', 'transaction_id', '微信支付交易号', 'varchar(30)', 'String', 'transactionId', '0', '0', '1', '1', '1', '1', NULL, 'EQ', 'input', '', 24, 'admin', '2020-08-04 10:13:50', NULL, '2020-08-04 16:26:27');
INSERT INTO `gen_table_column` VALUES (88, '7', 'commission', '我的佣金', 'decimal(10,2) unsigned', 'BigDecimal', 'commission', '0', '0', '1', '1', '1', '1', NULL, 'EQ', 'input', '', 25, 'admin', '2020-08-04 10:13:50', NULL, '2020-08-04 16:26:27');
INSERT INTO `gen_table_column` VALUES (89, '7', 'deliver_mode', '配送模式(0自配 1顺丰 2达达 2UU)', 'tinyint(3) unsigned', 'Integer', 'deliverMode', '0', '0', '1', '1', '1', '1', NULL, 'EQ', 'input', '', 26, 'admin', '2020-08-04 10:13:50', NULL, '2020-08-04 16:26:27');
INSERT INTO `gen_table_column` VALUES (90, '7', 'deliver_id', '第三方配送单号', 'varchar(50)', 'String', 'deliverId', '0', '0', '1', '1', '1', '1', NULL, 'EQ', 'input', '', 27, 'admin', '2020-08-04 10:13:50', NULL, '2020-08-04 16:26:27');
INSERT INTO `gen_table_column` VALUES (91, '7', 'delivery_distance', '配送距离', 'int(11) unsigned', 'Long', 'deliveryDistance', '0', '0', '1', '1', '1', '1', NULL, 'EQ', 'input', '', 28, 'admin', '2020-08-04 10:13:50', NULL, '2020-08-04 16:26:27');
INSERT INTO `gen_table_column` VALUES (92, '7', 'deliver_price', '第三方配送费用', 'decimal(10,2) unsigned', 'BigDecimal', 'deliverPrice', '0', '0', '1', '1', '1', '1', NULL, 'EQ', 'input', '', 29, 'admin', '2020-08-04 10:13:50', NULL, '2020-08-04 16:26:27');
INSERT INTO `gen_table_column` VALUES (93, '7', 'deliver_name', '骑手姓名', 'varchar(50)', 'String', 'deliverName', '0', '0', '1', '1', '1', '1', NULL, 'LIKE', 'input', '', 30, 'admin', '2020-08-04 10:13:50', NULL, '2020-08-04 16:26:27');
INSERT INTO `gen_table_column` VALUES (94, '7', 'deliver_mobile', '骑手电话', 'varchar(50)', 'String', 'deliverMobile', '0', '0', '1', '1', '1', '1', NULL, 'EQ', 'input', '', 31, 'admin', '2020-08-04 10:13:50', NULL, '2020-08-04 16:26:27');
INSERT INTO `gen_table_column` VALUES (95, '7', 'user_id', '用户id', 'int(11) unsigned', 'Long', 'userId', '0', '0', '1', '1', '1', '1', '1', 'EQ', 'input', '', 32, 'admin', '2020-08-04 10:13:50', NULL, '2020-08-04 16:26:27');
INSERT INTO `gen_table_column` VALUES (96, '7', 'wxapp_id', '小程序id', 'int(11) unsigned', 'Long', 'wxappId', '0', '0', '1', '1', '1', '1', NULL, 'EQ', 'input', '', 33, 'admin', '2020-08-04 10:13:50', NULL, '2020-08-04 16:26:27');
INSERT INTO `gen_table_column` VALUES (97, '7', 'gmt_create', '创建时间', 'datetime', 'Date', 'gmtCreate', '0', '0', '1', '1', '1', '1', NULL, 'EQ', 'datetime', '', 34, 'admin', '2020-08-04 10:13:50', NULL, '2020-08-04 16:26:27');
INSERT INTO `gen_table_column` VALUES (98, '7', 'gmt_modified', '更新时间', 'datetime', 'Date', 'gmtModified', '0', '0', '1', '1', '1', '1', NULL, 'EQ', 'datetime', '', 35, 'admin', '2020-08-04 10:13:50', NULL, '2020-08-04 16:26:27');
INSERT INTO `gen_table_column` VALUES (99, '8', 'id', '地址id', 'int(11) unsigned', 'Long', 'id', '1', '1', NULL, '1', NULL, NULL, NULL, 'EQ', 'input', '', 1, 'admin', '2020-08-04 10:13:50', '', NULL);
INSERT INTO `gen_table_column` VALUES (100, '8', 'name', '收货人姓名', 'varchar(30)', 'String', 'name', '0', '0', '1', '1', '1', '1', '1', 'LIKE', 'input', '', 2, 'admin', '2020-08-04 10:13:50', '', NULL);
INSERT INTO `gen_table_column` VALUES (101, '8', 'phone', '联系电话', 'varchar(20)', 'String', 'phone', '0', '0', '1', '1', '1', '1', '1', 'EQ', 'input', '', 3, 'admin', '2020-08-04 10:13:50', '', NULL);
INSERT INTO `gen_table_column` VALUES (102, '8', 'location', '位置坐标', 'varchar(50)', 'String', 'location', '0', '0', '1', '1', '1', '1', '1', 'EQ', 'input', '', 4, 'admin', '2020-08-04 10:13:50', '', NULL);
INSERT INTO `gen_table_column` VALUES (103, '8', 'province', '所在省份', 'varchar(20)', 'String', 'province', '0', '0', '1', '1', '1', '1', '1', 'EQ', 'input', '', 5, 'admin', '2020-08-04 10:13:50', '', NULL);
INSERT INTO `gen_table_column` VALUES (104, '8', 'city', '所在城市', 'varchar(20)', 'String', 'city', '0', '0', '1', '1', '1', '1', '1', 'EQ', 'input', '', 6, 'admin', '2020-08-04 10:13:50', '', NULL);
INSERT INTO `gen_table_column` VALUES (105, '8', 'district', '所在区/县', 'varchar(20)', 'String', 'district', '0', '0', '1', '1', '1', '1', '1', 'EQ', 'input', '', 7, 'admin', '2020-08-04 10:13:50', '', NULL);
INSERT INTO `gen_table_column` VALUES (106, '8', 'detail', '详细地址', 'varchar(255)', 'String', 'detail', '0', '0', '1', '1', '1', '1', '1', 'EQ', 'input', '', 8, 'admin', '2020-08-04 10:13:50', '', NULL);
INSERT INTO `gen_table_column` VALUES (107, '8', 'order_no', '订单id', 'bigint(11) unsigned', 'Long', 'orderNo', '0', '0', '1', '1', '1', '1', '1', 'EQ', 'input', '', 9, 'admin', '2020-08-04 10:13:50', '', NULL);
INSERT INTO `gen_table_column` VALUES (108, '8', 'user_id', '用户id', 'int(11) unsigned', 'Long', 'userId', '0', '0', '1', '1', '1', '1', '1', 'EQ', 'input', '', 10, 'admin', '2020-08-04 10:13:50', '', NULL);
INSERT INTO `gen_table_column` VALUES (109, '8', 'wxapp_id', '小程序id', 'int(11) unsigned', 'Long', 'wxappId', '0', '0', '1', '1', '1', '1', '1', 'EQ', 'input', '', 11, 'admin', '2020-08-04 10:13:50', '', NULL);
INSERT INTO `gen_table_column` VALUES (110, '8', 'gmt_create', '创建时间', 'datetime', 'Date', 'gmtCreate', '0', '0', '1', '1', '1', '1', '1', 'EQ', 'datetime', '', 12, 'admin', '2020-08-04 10:13:50', '', NULL);
INSERT INTO `gen_table_column` VALUES (111, '8', 'gmt_modified', '更新时间', 'datetime', 'Date', 'gmtModified', '0', '0', '1', '1', '1', '1', '1', 'EQ', 'datetime', '', 13, 'admin', '2020-08-04 10:13:50', '', NULL);
INSERT INTO `gen_table_column` VALUES (112, '9', 'id', '主键id', 'int(11) unsigned', 'Long', 'id', '1', '1', NULL, '1', NULL, NULL, NULL, 'EQ', 'input', '', 1, 'admin', '2020-08-04 10:13:50', '', NULL);
INSERT INTO `gen_table_column` VALUES (113, '9', 'goods_id', '商品id', 'int(11) unsigned', 'Long', 'goodsId', '0', '0', '1', '1', '1', '1', '1', 'EQ', 'input', '', 2, 'admin', '2020-08-04 10:13:50', '', NULL);
INSERT INTO `gen_table_column` VALUES (114, '9', 'goods_name', '商品名称', 'varchar(255)', 'String', 'goodsName', '0', '0', '1', '1', '1', '1', '1', 'LIKE', 'input', '', 3, 'admin', '2020-08-04 10:13:50', '', NULL);
INSERT INTO `gen_table_column` VALUES (115, '9', 'image_id', '商品封面图id', 'int(11) unsigned', 'Long', 'imageId', '0', '0', '1', '1', '1', '1', '1', 'EQ', 'input', '', 4, 'admin', '2020-08-04 10:13:50', '', NULL);
INSERT INTO `gen_table_column` VALUES (116, '9', 'deduct_stock_type', '库存计算方式(1下单减库存 2付款减库存)', 'tinyint(3) unsigned', 'Integer', 'deductStockType', '0', '0', '1', '1', '1', '1', '1', 'EQ', 'select', '', 5, 'admin', '2020-08-04 10:13:50', '', NULL);
INSERT INTO `gen_table_column` VALUES (117, '9', 'spec_type', '规格类型(1单规格 2多规格)', 'tinyint(3) unsigned', 'Integer', 'specType', '0', '0', '1', '1', '1', '1', '1', 'EQ', 'select', '', 6, 'admin', '2020-08-04 10:13:50', '', NULL);
INSERT INTO `gen_table_column` VALUES (118, '9', 'spec_sku_id', '商品sku标识', 'varchar(255)', 'String', 'specSkuId', '0', '0', '1', '1', '1', '1', '1', 'EQ', 'input', '', 7, 'admin', '2020-08-04 10:13:50', '', NULL);
INSERT INTO `gen_table_column` VALUES (119, '9', 'goods_spec_id', '商品规格id', 'int(11) unsigned', 'Long', 'goodsSpecId', '0', '0', '1', '1', '1', '1', '1', 'EQ', 'input', '', 8, 'admin', '2020-08-04 10:13:50', '', NULL);
INSERT INTO `gen_table_column` VALUES (120, '9', 'goods_attr', '商品规格信息', 'varchar(500)', 'String', 'goodsAttr', '0', '0', '1', '1', '1', '1', '1', 'EQ', 'textarea', '', 9, 'admin', '2020-08-04 10:13:50', '', NULL);
INSERT INTO `gen_table_column` VALUES (121, '9', 'content', '商品详情', 'varchar(1024)', 'String', 'content', '0', '0', '1', '1', '1', '1', '1', 'EQ', 'textarea', '', 10, 'admin', '2020-08-04 10:13:50', '', NULL);
INSERT INTO `gen_table_column` VALUES (122, '9', 'goods_no', '商品编码', 'varchar(100)', 'String', 'goodsNo', '0', '0', '1', '1', '1', '1', '1', 'EQ', 'input', '', 11, 'admin', '2020-08-04 10:13:50', '', NULL);
INSERT INTO `gen_table_column` VALUES (123, '9', 'goods_price', '商品售价', 'decimal(10,2) unsigned', 'BigDecimal', 'goodsPrice', '0', '0', '1', '1', '1', '1', '1', 'EQ', 'input', '', 12, 'admin', '2020-08-04 10:13:50', '', NULL);
INSERT INTO `gen_table_column` VALUES (124, '9', 'line_price', '商品划线价', 'decimal(10,2) unsigned', 'BigDecimal', 'linePrice', '0', '0', '1', '1', '1', '1', '1', 'EQ', 'input', '', 13, 'admin', '2020-08-04 10:13:50', '', NULL);
INSERT INTO `gen_table_column` VALUES (125, '9', 'total_num', '购买数量', 'int(11) unsigned', 'Long', 'totalNum', '0', '0', '1', '1', '1', '1', '1', 'EQ', 'input', '', 14, 'admin', '2020-08-04 10:13:50', '', NULL);
INSERT INTO `gen_table_column` VALUES (126, '9', 'total_price', '商品总价', 'decimal(10,2) unsigned', 'BigDecimal', 'totalPrice', '0', '0', '1', '1', '1', '1', '1', 'EQ', 'input', '', 15, 'admin', '2020-08-04 10:13:50', '', NULL);
INSERT INTO `gen_table_column` VALUES (127, '9', 'order_no', '订单号', 'bigint(11) unsigned', 'Long', 'orderNo', '0', '0', '1', '1', '1', '1', '1', 'EQ', 'input', '', 16, 'admin', '2020-08-04 10:13:50', '', NULL);
INSERT INTO `gen_table_column` VALUES (128, '9', 'user_id', '用户id', 'int(11) unsigned', 'Long', 'userId', '0', '0', '1', '1', '1', '1', '1', 'EQ', 'input', '', 17, 'admin', '2020-08-04 10:13:50', '', NULL);
INSERT INTO `gen_table_column` VALUES (129, '9', 'wxapp_id', '小程序id', 'int(11) unsigned', 'Long', 'wxappId', '0', '0', '1', '1', '1', '1', '1', 'EQ', 'input', '', 18, 'admin', '2020-08-04 10:13:50', '', NULL);
INSERT INTO `gen_table_column` VALUES (130, '9', 'gmt_create', '创建时间', 'datetime', 'Date', 'gmtCreate', '0', '0', '1', '1', '1', '1', '1', 'EQ', 'datetime', '', 19, 'admin', '2020-08-04 10:13:50', '', NULL);
INSERT INTO `gen_table_column` VALUES (131, '9', 'gmt_modified', '更新时间', 'datetime', 'Date', 'gmtModified', '0', '0', '1', '1', '1', '1', '1', 'EQ', 'datetime', '', 20, 'admin', '2020-08-04 10:13:50', '', NULL);
INSERT INTO `gen_table_column` VALUES (132, '10', 'id', '主键', 'int(11) unsigned', 'Long', 'id', '1', '1', NULL, '1', NULL, NULL, NULL, 'EQ', 'input', '', 1, 'admin', '2020-08-04 10:13:50', NULL, '2020-08-04 11:53:03');
INSERT INTO `gen_table_column` VALUES (133, '10', 'shop_name', '门店名称', 'varchar(50)', 'String', 'shopName', '0', '0', '1', '1', '1', '1', '1', 'LIKE', 'select', '', 2, 'admin', '2020-08-04 10:13:50', NULL, '2020-08-04 11:53:03');
INSERT INTO `gen_table_column` VALUES (134, '10', 'logo_image_id', '门店logo', 'int(11) unsigned', 'Long', 'logoImageId', '0', '0', '1', '1', '1', '1', NULL, 'EQ', 'input', '', 3, 'admin', '2020-08-04 10:13:50', NULL, '2020-08-04 11:53:03');
INSERT INTO `gen_table_column` VALUES (135, '10', 'linkman', '联系人', 'varchar(20)', 'String', 'linkman', '0', '0', '1', '1', '1', '1', NULL, 'EQ', 'input', '', 4, 'admin', '2020-08-04 10:13:50', NULL, '2020-08-04 11:53:03');
INSERT INTO `gen_table_column` VALUES (136, '10', 'phone', '联系电话', 'varchar(20)', 'String', 'phone', '0', '0', '1', '1', '1', '1', NULL, 'EQ', 'input', '', 5, 'admin', '2020-08-04 10:13:50', NULL, '2020-08-04 11:53:03');
INSERT INTO `gen_table_column` VALUES (137, '10', 'shop_hours', '营业时间', 'varchar(20)', 'String', 'shopHours', '0', '0', '1', '1', '1', '1', NULL, 'EQ', 'input', '', 6, 'admin', '2020-08-04 10:13:50', NULL, '2020-08-04 11:53:03');
INSERT INTO `gen_table_column` VALUES (138, '10', 'province', '所在省份', 'varchar(20)', 'String', 'province', '0', '0', '1', '1', '1', '1', NULL, 'EQ', 'input', '', 7, 'admin', '2020-08-04 10:13:50', NULL, '2020-08-04 11:53:03');
INSERT INTO `gen_table_column` VALUES (139, '10', 'city', '所在城市', 'varchar(20)', 'String', 'city', '0', '0', '1', '1', '1', '1', NULL, 'EQ', 'input', '', 8, 'admin', '2020-08-04 10:13:50', NULL, '2020-08-04 11:53:03');
INSERT INTO `gen_table_column` VALUES (140, '10', 'district', '所在区/县', 'varchar(20)', 'String', 'district', '0', '0', '1', '1', '1', '1', NULL, 'EQ', 'input', '', 9, 'admin', '2020-08-04 10:13:50', NULL, '2020-08-04 11:53:03');
INSERT INTO `gen_table_column` VALUES (141, '10', 'address', '详细地址', 'varchar(50)', 'String', 'address', '0', '0', '1', '1', '1', '1', NULL, 'EQ', 'input', '', 10, 'admin', '2020-08-04 10:13:50', NULL, '2020-08-04 11:53:03');
INSERT INTO `gen_table_column` VALUES (142, '10', 'coordinate', '门店坐标', 'varchar(50)', 'String', 'coordinate', '0', '0', '1', '1', '1', '1', NULL, 'EQ', 'input', '', 11, 'admin', '2020-08-04 10:13:50', NULL, '2020-08-04 11:53:03');
INSERT INTO `gen_table_column` VALUES (143, '10', 'summary', '门店简介', 'varchar(255)', 'String', 'summary', '0', '0', '1', '1', '1', '1', NULL, 'EQ', 'input', '', 12, 'admin', '2020-08-04 10:13:50', NULL, '2020-08-04 11:53:03');
INSERT INTO `gen_table_column` VALUES (144, '10', 'food_mode', '点餐模式 1店内就餐 2打包带走 3外卖直达 4到店自取', 'varchar(255)', 'String', 'foodMode', '0', '0', '1', '1', '1', '1', NULL, 'EQ', 'input', '', 13, 'admin', '2020-08-04 10:13:50', NULL, '2020-08-04 11:53:03');
INSERT INTO `gen_table_column` VALUES (145, '10', 'tang_mode', '堂食模式(1选桌 2排号)', 'tinyint(3) unsigned', 'Integer', 'tangMode', '0', '0', '1', '1', '1', '1', NULL, 'EQ', 'input', '', 14, 'admin', '2020-08-04 10:13:50', NULL, '2020-08-04 11:53:03');
INSERT INTO `gen_table_column` VALUES (146, '10', 'is_check', '自提核销(1开启 0关闭)', 'tinyint(3) unsigned', 'Integer', 'isCheck', '0', '0', '1', '1', '1', '1', NULL, 'EQ', 'input', '', 15, 'admin', '2020-08-04 10:13:50', NULL, '2020-08-04 11:53:03');
INSERT INTO `gen_table_column` VALUES (147, '10', 'status', '门店状态(1开启 0关闭)', 'tinyint(3) unsigned', 'Integer', 'status', '0', '0', '1', '1', '1', '1', NULL, 'EQ', 'radio', '', 16, 'admin', '2020-08-04 10:13:50', NULL, '2020-08-04 11:53:03');
INSERT INTO `gen_table_column` VALUES (148, '10', 'sort', '排序(数字越小越靠前)', 'int(11) unsigned', 'Long', 'sort', '0', '0', '1', '1', '1', '1', NULL, 'EQ', 'input', '', 17, 'admin', '2020-08-04 10:13:50', NULL, '2020-08-04 11:53:03');
INSERT INTO `gen_table_column` VALUES (149, '10', 'wxapp_id', '小程序id', 'bigint(11) unsigned', 'Long', 'wxappId', '0', '0', '1', '1', '1', '1', NULL, 'EQ', 'input', '', 18, 'admin', '2020-08-04 10:13:50', NULL, '2020-08-04 11:53:03');
INSERT INTO `gen_table_column` VALUES (150, '10', 'gmt_create', '创建时间', 'datetime', 'Date', 'gmtCreate', '0', '0', '1', '1', '1', '1', NULL, 'EQ', 'datetime', '', 19, 'admin', '2020-08-04 10:13:50', NULL, '2020-08-04 11:53:03');
INSERT INTO `gen_table_column` VALUES (151, '10', 'gmt_modified', '更新时间', 'datetime', 'Date', 'gmtModified', '0', '0', '1', '1', '1', '1', NULL, 'EQ', 'datetime', '', 20, 'admin', '2020-08-04 10:13:50', NULL, '2020-08-04 11:53:03');
INSERT INTO `gen_table_column` VALUES (152, '11', 'id', '主键', 'int(11) unsigned', 'Long', 'id', '1', '1', NULL, '1', NULL, NULL, NULL, 'EQ', 'input', '', 1, 'admin', '2020-08-04 10:13:50', NULL, '2020-08-04 12:22:36');
INSERT INTO `gen_table_column` VALUES (153, '11', 'union_id', '开放平台识别号', 'varchar(50)', 'String', 'unionId', '0', '0', '1', '1', '1', '1', NULL, 'EQ', 'input', '', 2, 'admin', '2020-08-04 10:13:50', NULL, '2020-08-04 12:22:36');
INSERT INTO `gen_table_column` VALUES (154, '11', 'user_id', '用户ID', 'int(11) unsigned', 'Long', 'userId', '0', '0', '1', '1', '1', '1', NULL, 'EQ', 'input', '', 3, 'admin', '2020-08-04 10:13:50', NULL, '2020-08-04 12:22:36');
INSERT INTO `gen_table_column` VALUES (155, '11', 'shop_id', '门店ID', 'int(11) unsigned', 'Long', 'shopId', '0', '0', '1', '1', '1', '1', '1', 'EQ', 'select', '', 4, 'admin', '2020-08-04 10:13:50', NULL, '2020-08-04 12:22:36');
INSERT INTO `gen_table_column` VALUES (156, '11', 'real_name', '店员姓名', 'varchar(20)', 'String', 'realName', '0', '0', '1', '1', '1', '1', '1', 'LIKE', 'input', '', 5, 'admin', '2020-08-04 10:13:50', NULL, '2020-08-04 12:22:36');
INSERT INTO `gen_table_column` VALUES (157, '11', 'mobile', '手机号', 'varchar(20)', 'String', 'mobile', '0', '0', '1', '1', '1', '1', '1', 'EQ', 'input', '', 6, 'admin', '2020-08-04 10:13:50', NULL, '2020-08-04 12:22:36');
INSERT INTO `gen_table_column` VALUES (158, '11', 'pwd', '密码', 'varchar(50)', 'String', 'pwd', '0', '0', '1', '1', '1', '1', NULL, 'EQ', 'input', '', 7, 'admin', '2020-08-04 10:13:50', NULL, '2020-08-04 12:22:36');
INSERT INTO `gen_table_column` VALUES (159, '11', 'status', '身份(1店员 2店长 3 配送)', 'tinyint(3) unsigned', 'Integer', 'status', '0', '0', '1', '1', '1', '1', '1', 'EQ', 'radio', '', 8, 'admin', '2020-08-04 10:13:50', NULL, '2020-08-04 12:22:36');
INSERT INTO `gen_table_column` VALUES (160, '11', 'wxapp_id', '小程序id', 'int(11) unsigned', 'Long', 'wxappId', '0', '0', '1', '1', '1', '1', NULL, 'EQ', 'input', '', 9, 'admin', '2020-08-04 10:13:50', NULL, '2020-08-04 12:22:36');
INSERT INTO `gen_table_column` VALUES (161, '11', 'gmt_create', '创建时间', 'datetime', 'Date', 'gmtCreate', '0', '0', '1', '1', '1', '1', NULL, 'EQ', 'datetime', '', 10, 'admin', '2020-08-04 10:13:50', NULL, '2020-08-04 12:22:36');
INSERT INTO `gen_table_column` VALUES (162, '11', 'gmt_modified', '更新时间', 'datetime', 'Date', 'gmtModified', '0', '0', '1', '1', '1', '1', NULL, 'EQ', 'datetime', '', 11, 'admin', '2020-08-04 10:13:50', NULL, '2020-08-04 12:22:36');
INSERT INTO `gen_table_column` VALUES (174, '13', 'id', '文件id', 'int(11) unsigned', 'Long', 'id', '1', '1', NULL, '1', NULL, NULL, NULL, 'EQ', 'input', '', 1, 'admin', '2020-08-04 10:13:50', '', NULL);
INSERT INTO `gen_table_column` VALUES (175, '13', 'storage', '存储方式', 'varchar(20)', 'String', 'storage', '0', '0', '1', '1', '1', '1', '1', 'EQ', 'input', '', 2, 'admin', '2020-08-04 10:13:50', '', NULL);
INSERT INTO `gen_table_column` VALUES (176, '13', 'group_id', '文件分组id', 'int(11) unsigned', 'Long', 'groupId', '0', '0', '1', '1', '1', '1', '1', 'EQ', 'input', '', 3, 'admin', '2020-08-04 10:13:50', '', NULL);
INSERT INTO `gen_table_column` VALUES (177, '13', 'file_url', '存储域名', 'varchar(255)', 'String', 'fileUrl', '0', '0', '1', '1', '1', '1', '1', 'EQ', 'input', '', 4, 'admin', '2020-08-04 10:13:50', '', NULL);
INSERT INTO `gen_table_column` VALUES (178, '13', 'file_name', '文件路径', 'varchar(255)', 'String', 'fileName', '0', '0', '1', '1', '1', '1', '1', 'LIKE', 'input', '', 5, 'admin', '2020-08-04 10:13:50', '', NULL);
INSERT INTO `gen_table_column` VALUES (179, '13', 'file_size', '文件大小(字节)', 'int(11) unsigned', 'Long', 'fileSize', '0', '0', '1', '1', '1', '1', '1', 'EQ', 'input', '', 6, 'admin', '2020-08-04 10:13:50', '', NULL);
INSERT INTO `gen_table_column` VALUES (180, '13', 'file_type', '文件类型', 'varchar(20)', 'String', 'fileType', '0', '0', '1', '1', '1', '1', '1', 'EQ', 'select', '', 7, 'admin', '2020-08-04 10:13:50', '', NULL);
INSERT INTO `gen_table_column` VALUES (181, '13', 'extension', '文件扩展名', 'varchar(20)', 'String', 'extension', '0', '0', '1', '1', '1', '1', '1', 'EQ', 'input', '', 8, 'admin', '2020-08-04 10:13:50', '', NULL);
INSERT INTO `gen_table_column` VALUES (182, '13', 'is_delete', '软删除', 'tinyint(3) unsigned', 'Integer', 'isDelete', '0', '0', '1', '1', '1', '1', '1', 'EQ', 'input', '', 9, 'admin', '2020-08-04 10:13:50', '', NULL);
INSERT INTO `gen_table_column` VALUES (183, '13', 'wxapp_id', '小程序id', 'int(11) unsigned', 'Long', 'wxappId', '0', '0', '1', '1', '1', '1', '1', 'EQ', 'input', '', 10, 'admin', '2020-08-04 10:13:50', '', NULL);
INSERT INTO `gen_table_column` VALUES (184, '13', 'create_time', '创建时间', 'int(11) unsigned', 'Long', 'createTime', '0', '0', '1', '1', NULL, NULL, NULL, 'EQ', 'input', '', 11, 'admin', '2020-08-04 10:13:50', '', NULL);
INSERT INTO `gen_table_column` VALUES (185, '14', 'id', '用户id（主键）', 'int(20) unsigned', 'Long', 'id', '1', '1', NULL, '1', NULL, NULL, NULL, 'EQ', 'input', '', 1, 'admin', '2020-08-04 10:13:50', NULL, '2020-08-04 16:01:29');
INSERT INTO `gen_table_column` VALUES (186, '14', 'scene', '进入场景', 'int(11) unsigned', 'Long', 'scene', '0', '0', '1', '1', '1', '1', NULL, 'EQ', 'input', '', 2, 'admin', '2020-08-04 10:13:50', NULL, '2020-08-04 16:01:29');
INSERT INTO `gen_table_column` VALUES (187, '14', 'union_id', '开放平台唯一标示', 'varchar(255)', 'String', 'unionId', '0', '0', '1', '1', '1', '1', NULL, 'EQ', 'input', '', 3, 'admin', '2020-08-04 10:13:50', NULL, '2020-08-04 16:01:29');
INSERT INTO `gen_table_column` VALUES (188, '14', 'open_id', '微信openid(唯一标示)', 'varchar(255)', 'String', 'openId', '0', '0', '1', '1', '1', '1', NULL, 'EQ', 'input', '', 4, 'admin', '2020-08-04 10:13:50', NULL, '2020-08-04 16:01:29');
INSERT INTO `gen_table_column` VALUES (189, '14', 'type', '用户类型 1小程序，2公众号', 'tinyint(3) unsigned', 'Integer', 'type', '0', '0', '1', '1', '1', '1', '1', 'EQ', 'select', '', 5, 'admin', '2020-08-04 10:13:50', NULL, '2020-08-04 16:01:29');
INSERT INTO `gen_table_column` VALUES (190, '14', 'nickName', '微信昵称', 'varchar(255)', 'String', 'nickName', '0', '0', '1', '1', '1', '1', '1', 'LIKE', 'input', '', 6, 'admin', '2020-08-04 10:13:50', NULL, '2020-08-04 16:01:29');
INSERT INTO `gen_table_column` VALUES (191, '14', 'avatarUrl', '微信头像', 'varchar(255)', 'String', 'avatarUrl', '0', '0', '1', '1', '1', '1', NULL, 'EQ', 'input', '', 7, 'admin', '2020-08-04 10:13:50', NULL, '2020-08-04 16:01:29');
INSERT INTO `gen_table_column` VALUES (192, '14', 'gender', '性别(1男，2女，3保密)', 'tinyint(3) unsigned', 'Integer', 'gender', '0', '0', '1', '1', '1', '1', '1', 'EQ', 'input', '', 8, 'admin', '2020-08-04 10:13:50', NULL, '2020-08-04 16:01:29');
INSERT INTO `gen_table_column` VALUES (193, '14', 'country', '国家', 'varchar(50)', 'String', 'country', '0', '0', '1', '1', '1', '1', NULL, 'EQ', 'input', '', 9, 'admin', '2020-08-04 10:13:50', NULL, '2020-08-04 16:01:29');
INSERT INTO `gen_table_column` VALUES (194, '14', 'province', '省份', 'varchar(50)', 'String', 'province', '0', '0', '1', '1', '1', '1', NULL, 'EQ', 'input', '', 10, 'admin', '2020-08-04 10:13:50', NULL, '2020-08-04 16:01:29');
INSERT INTO `gen_table_column` VALUES (195, '14', 'city', '城市', 'varchar(50)', 'String', 'city', '0', '0', '1', '1', '1', '1', NULL, 'EQ', 'input', '', 11, 'admin', '2020-08-04 10:13:50', NULL, '2020-08-04 16:01:29');
INSERT INTO `gen_table_column` VALUES (196, '14', 'subscribe', '是否关注公众号1=关注，0=取消关注', 'tinyint(3) unsigned', 'Integer', 'subscribe', '0', '0', '1', '1', '1', '1', NULL, 'EQ', 'input', '', 12, 'admin', '2020-08-04 10:13:50', NULL, '2020-08-04 16:01:29');
INSERT INTO `gen_table_column` VALUES (197, '14', 'address_id', '默认收货地址', 'int(11) unsigned', 'Long', 'addressId', '0', '0', '1', '1', '1', '1', NULL, 'EQ', 'input', '', 13, 'admin', '2020-08-04 10:13:50', NULL, '2020-08-04 16:01:29');
INSERT INTO `gen_table_column` VALUES (198, '14', 'user_grade_id', '用户等级id', 'int(11) unsigned', 'Long', 'userGradeId', '0', '0', '1', '1', '1', '1', '1', 'EQ', 'input', '', 14, 'admin', '2020-08-04 10:13:50', NULL, '2020-08-04 16:01:29');
INSERT INTO `gen_table_column` VALUES (199, '14', 'wallet', '钱包余额', 'decimal(10,2) unsigned', 'BigDecimal', 'wallet', '0', '0', '1', '1', '1', '1', NULL, 'EQ', 'input', '', 15, 'admin', '2020-08-04 10:13:50', NULL, '2020-08-04 16:01:29');
INSERT INTO `gen_table_column` VALUES (200, '14', 'pay', '消费金额', 'decimal(10,2) unsigned', 'BigDecimal', 'pay', '0', '0', NULL, '1', '1', '1', NULL, 'EQ', 'input', '', 16, 'admin', '2020-08-04 10:13:50', NULL, '2020-08-04 16:01:29');
INSERT INTO `gen_table_column` VALUES (201, '14', 'score', '用户积分', 'int(11) unsigned', 'Long', 'score', '0', '0', '1', '1', '1', '1', NULL, 'EQ', 'input', '', 17, 'admin', '2020-08-04 10:13:50', NULL, '2020-08-04 16:01:29');
INSERT INTO `gen_table_column` VALUES (202, '14', 'mobile', '手机号码', 'varchar(15)', 'String', 'mobile', '0', '0', '1', '1', '1', '1', '1', 'EQ', 'input', '', 18, 'admin', '2020-08-04 10:13:50', NULL, '2020-08-04 16:01:29');
INSERT INTO `gen_table_column` VALUES (203, '14', 'commission', '我的佣金', 'decimal(10,2) unsigned', 'BigDecimal', 'commission', '0', '0', '1', '1', '1', '1', NULL, 'EQ', 'input', '', 19, 'admin', '2020-08-04 10:13:50', NULL, '2020-08-04 16:01:29');
INSERT INTO `gen_table_column` VALUES (204, '14', 'recommender', '推荐人', 'int(11) unsigned', 'Long', 'recommender', '0', '0', '1', '1', '1', '1', '1', 'EQ', 'input', '', 20, 'admin', '2020-08-04 10:13:50', NULL, '2020-08-04 16:01:29');
INSERT INTO `gen_table_column` VALUES (205, '14', 'is_dealer', '是否是分销商1=是，0=不是', 'tinyint(3) unsigned', 'Integer', 'isDealer', '0', '0', '1', '1', '1', '1', NULL, 'EQ', 'input', '', 21, 'admin', '2020-08-04 10:13:50', NULL, '2020-08-04 16:01:29');
INSERT INTO `gen_table_column` VALUES (206, '14', 'login_count', '登录次数', 'int(11) unsigned', 'Long', 'loginCount', '0', '0', '1', '1', '1', '1', NULL, 'EQ', 'input', '', 22, 'admin', '2020-08-04 10:13:50', NULL, '2020-08-04 16:01:29');
INSERT INTO `gen_table_column` VALUES (207, '14', 'wxapp_id', '小程序id', 'int(11) unsigned', 'Long', 'wxappId', '0', '0', '1', '1', '1', '1', NULL, 'EQ', 'input', '', 23, 'admin', '2020-08-04 10:13:50', NULL, '2020-08-04 16:01:29');
INSERT INTO `gen_table_column` VALUES (208, '14', 'gmt_create', '创建时间', 'datetime', 'Date', 'gmtCreate', '0', '0', '1', '1', '1', '1', NULL, 'EQ', 'datetime', '', 24, 'admin', '2020-08-04 10:13:50', NULL, '2020-08-04 16:01:29');
INSERT INTO `gen_table_column` VALUES (209, '14', 'gmt_modified', '更新时间', 'datetime', 'Date', 'gmtModified', '0', '0', '1', '1', '1', '1', NULL, 'EQ', 'datetime', '', 25, 'admin', '2020-08-04 10:13:50', NULL, '2020-08-04 16:01:29');
INSERT INTO `gen_table_column` VALUES (210, '15', 'id', '主键id', 'int(11) unsigned', 'Long', 'id', '1', '1', NULL, '1', NULL, NULL, NULL, 'EQ', 'input', '', 1, 'admin', '2020-08-04 10:13:50', '', NULL);
INSERT INTO `gen_table_column` VALUES (211, '15', 'name', '收货人姓名', 'varchar(30)', 'String', 'name', '0', '0', '1', '1', '1', '1', '1', 'LIKE', 'input', '', 2, 'admin', '2020-08-04 10:13:50', '', NULL);
INSERT INTO `gen_table_column` VALUES (212, '15', 'phone', '联系电话', 'varchar(20)', 'String', 'phone', '0', '0', '1', '1', '1', '1', '1', 'EQ', 'input', '', 3, 'admin', '2020-08-04 10:13:50', '', NULL);
INSERT INTO `gen_table_column` VALUES (213, '15', 'location', '位置坐标', 'varchar(50)', 'String', 'location', '0', '0', '1', '1', '1', '1', '1', 'EQ', 'input', '', 4, 'admin', '2020-08-04 10:13:50', '', NULL);
INSERT INTO `gen_table_column` VALUES (214, '15', 'province', '所在省份', 'varchar(20)', 'String', 'province', '0', '0', '1', '1', '1', '1', '1', 'EQ', 'input', '', 5, 'admin', '2020-08-04 10:13:50', '', NULL);
INSERT INTO `gen_table_column` VALUES (215, '15', 'city', '所在城市', 'varchar(20)', 'String', 'city', '0', '0', '1', '1', '1', '1', '1', 'EQ', 'input', '', 6, 'admin', '2020-08-04 10:13:50', '', NULL);
INSERT INTO `gen_table_column` VALUES (216, '15', 'district', '所在区/县', 'varchar(20)', 'String', 'district', '0', '0', '1', '1', '1', '1', '1', 'EQ', 'input', '', 7, 'admin', '2020-08-04 10:13:50', '', NULL);
INSERT INTO `gen_table_column` VALUES (217, '15', 'street', '街道', 'varchar(30)', 'String', 'street', '0', '0', '1', '1', '1', '1', '1', 'EQ', 'input', '', 8, 'admin', '2020-08-04 10:13:50', '', NULL);
INSERT INTO `gen_table_column` VALUES (218, '15', 'recommend', '人性化地址', 'varchar(255)', 'String', 'recommend', '0', '0', '1', '1', '1', '1', '1', 'EQ', 'input', '', 9, 'admin', '2020-08-04 10:13:50', '', NULL);
INSERT INTO `gen_table_column` VALUES (219, '15', 'detail', '详细地址', 'varchar(255)', 'String', 'detail', '0', '0', '1', '1', '1', '1', '1', 'EQ', 'input', '', 10, 'admin', '2020-08-04 10:13:50', '', NULL);
INSERT INTO `gen_table_column` VALUES (220, '15', 'user_id', '用户id', 'int(11) unsigned', 'Long', 'userId', '0', '0', '1', '1', '1', '1', '1', 'EQ', 'input', '', 11, 'admin', '2020-08-04 10:13:50', '', NULL);
INSERT INTO `gen_table_column` VALUES (221, '15', 'wxapp_id', '小程序id', 'int(11) unsigned', 'Long', 'wxappId', '0', '0', '1', '1', '1', '1', '1', 'EQ', 'input', '', 12, 'admin', '2020-08-04 10:13:50', '', NULL);
INSERT INTO `gen_table_column` VALUES (222, '15', 'create_time', '创建时间', 'int(11) unsigned', 'Long', 'createTime', '0', '0', '1', '1', NULL, NULL, NULL, 'EQ', 'input', '', 13, 'admin', '2020-08-04 10:13:50', '', NULL);
INSERT INTO `gen_table_column` VALUES (223, '15', 'update_time', '更新时间', 'int(11) unsigned', 'Long', 'updateTime', '0', '0', '1', '1', '1', NULL, NULL, 'EQ', 'input', '', 14, 'admin', '2020-08-04 10:13:50', '', NULL);
INSERT INTO `gen_table_column` VALUES (224, '16', 'id', '用户等级id', 'int(11) unsigned', 'Long', 'id', '1', '1', NULL, '1', NULL, NULL, NULL, 'EQ', 'input', '', 1, 'admin', '2020-08-04 10:13:50', '', NULL);
INSERT INTO `gen_table_column` VALUES (225, '16', 'name', '等级名称', 'varchar(50)', 'String', 'name', '0', '0', '1', '1', '1', '1', '1', 'LIKE', 'input', '', 2, 'admin', '2020-08-04 10:13:50', '', NULL);
INSERT INTO `gen_table_column` VALUES (226, '16', 'score', '所需积分', 'int(11)', 'Long', 'score', '0', '0', '1', '1', '1', '1', '1', 'EQ', 'input', '', 3, 'admin', '2020-08-04 10:13:50', '', NULL);
INSERT INTO `gen_table_column` VALUES (227, '16', 'discount', '享受折扣', 'int(11) unsigned', 'Long', 'discount', '0', '0', '1', '1', '1', '1', '1', 'EQ', 'input', '', 4, 'admin', '2020-08-04 10:13:50', '', NULL);
INSERT INTO `gen_table_column` VALUES (228, '16', 'sort', '排序(数字越小越靠前)', 'int(11) unsigned', 'Long', 'sort', '0', '0', '1', '1', '1', '1', '1', 'EQ', 'input', '', 5, 'admin', '2020-08-04 10:13:50', '', NULL);
INSERT INTO `gen_table_column` VALUES (229, '16', 'wxapp_id', '小程序id', 'int(11) unsigned', 'Long', 'wxappId', '0', '0', '1', '1', '1', '1', '1', 'EQ', 'input', '', 6, 'admin', '2020-08-04 10:13:50', '', NULL);
INSERT INTO `gen_table_column` VALUES (230, '16', 'gmt_create', '创建时间', 'datetime', 'Date', 'gmtCreate', '0', '0', '1', '1', '1', '1', '1', 'EQ', 'datetime', '', 7, 'admin', '2020-08-04 10:13:50', '', NULL);
INSERT INTO `gen_table_column` VALUES (231, '16', 'gmt_modified', '更新时间', 'datetime', 'Date', 'gmtModified', '0', '0', '1', '1', '1', '1', '1', 'EQ', 'datetime', '', 8, 'admin', '2020-08-04 10:13:50', '', NULL);
INSERT INTO `gen_table_column` VALUES (232, '17', 'id', '微信小程序id（主键）', 'int(20) unsigned', 'Long', 'id', '1', '1', NULL, '1', NULL, NULL, '1', 'EQ', 'input', '', 1, 'admin', '2020-08-04 10:13:50', NULL, '2020-08-08 15:21:29');
INSERT INTO `gen_table_column` VALUES (233, '17', 'app_type', '应用类型(1餐饮 2商城)', 'tinyint(3) unsigned', 'Integer', 'appType', '0', '0', '1', '1', '1', '1', '1', 'EQ', 'select', '', 2, 'admin', '2020-08-04 10:13:50', NULL, '2020-08-08 15:21:29');
INSERT INTO `gen_table_column` VALUES (234, '17', 'shop_mode', '门店模式（1单门店 2多门店）', 'tinyint(3) unsigned', 'Integer', 'shopMode', '0', '0', '1', '1', '1', '1', '1', 'EQ', 'input', '', 3, 'admin', '2020-08-04 10:13:50', NULL, '2020-08-08 15:21:29');
INSERT INTO `gen_table_column` VALUES (235, '17', 'source', '账号来源，1=自助注册，2=平台注册', 'tinyint(3) unsigned', 'Integer', 'source', '0', '0', '1', '1', '1', '1', '1', 'EQ', 'input', '', 4, 'admin', '2020-08-04 10:13:50', NULL, '2020-08-08 15:21:29');
INSERT INTO `gen_table_column` VALUES (236, '17', 'is_empower', '是否授权(0否 1是)', 'tinyint(3) unsigned', 'Integer', 'isEmpower', '0', '0', '1', '1', '1', '1', '1', 'EQ', 'input', '', 5, 'admin', '2020-08-04 10:13:50', NULL, '2020-08-08 15:21:29');
INSERT INTO `gen_table_column` VALUES (237, '17', 'app_name', '小程序名称', 'varchar(50)', 'String', 'appName', '0', '0', '1', '1', '1', '1', '1', 'LIKE', 'input', '', 6, 'admin', '2020-08-04 10:13:50', NULL, '2020-08-08 15:21:29');
INSERT INTO `gen_table_column` VALUES (238, '17', 'head_img', '小程序头像', 'varchar(255)', 'String', 'headImg', '0', '0', '1', '1', '1', '1', NULL, 'EQ', 'input', '', 7, 'admin', '2020-08-04 10:13:50', NULL, '2020-08-08 15:21:29');
INSERT INTO `gen_table_column` VALUES (239, '17', 'user_name', '原始ID', 'varchar(50)', 'String', 'userName', '0', '0', '1', '1', '1', '1', NULL, 'LIKE', 'input', '', 8, 'admin', '2020-08-04 10:13:50', NULL, '2020-08-08 15:21:29');
INSERT INTO `gen_table_column` VALUES (240, '17', 'app_id', '小程序AppID', 'varchar(50)', 'String', 'appId', '0', '0', '1', '1', '1', '1', '1', 'EQ', 'input', '', 9, 'admin', '2020-08-04 10:13:50', NULL, '2020-08-08 15:21:29');
INSERT INTO `gen_table_column` VALUES (241, '17', 'principal_name', '主体名称', 'varchar(255)', 'String', 'principalName', '0', '0', '1', '1', '1', '1', NULL, 'LIKE', 'input', '', 10, 'admin', '2020-08-04 10:13:50', NULL, '2020-08-08 15:21:29');
INSERT INTO `gen_table_column` VALUES (242, '17', 'api_domain', '服务器域名', 'varchar(255)', 'String', 'apiDomain', '0', '0', '1', '1', '1', '1', NULL, 'EQ', 'input', '', 11, 'admin', '2020-08-04 10:13:50', NULL, '2020-08-08 15:21:29');
INSERT INTO `gen_table_column` VALUES (243, '17', 'signature', '功能介绍', 'varchar(255)', 'String', 'signature', '0', '0', '1', '1', '1', '1', NULL, 'EQ', 'input', '', 12, 'admin', '2020-08-04 10:13:50', NULL, '2020-08-08 15:21:29');
INSERT INTO `gen_table_column` VALUES (244, '17', 'mchid', '微信商户号id', 'varchar(50)', 'String', 'mchid', '0', '0', '1', '1', '1', '1', NULL, 'EQ', 'input', '', 13, 'admin', '2020-08-04 10:13:50', NULL, '2020-08-08 15:21:29');
INSERT INTO `gen_table_column` VALUES (245, '17', 'apikey', '微信支付密钥', 'varchar(255)', 'String', 'apikey', '0', '0', '1', '1', '1', '1', NULL, 'EQ', 'input', '', 14, 'admin', '2020-08-04 10:13:50', NULL, '2020-08-08 15:21:29');
INSERT INTO `gen_table_column` VALUES (246, '17', 'cert_pem', '微信支付证书', 'varchar(255)', 'String', 'certPem', '0', '0', '1', '1', '1', '1', NULL, 'EQ', 'input', '', 15, 'admin', '2020-08-04 10:13:50', NULL, '2020-08-08 15:21:29');
INSERT INTO `gen_table_column` VALUES (247, '17', 'key_pem', '微信支付证书', 'varchar(255)', 'String', 'keyPem', '0', '0', '1', '1', '1', '1', NULL, 'EQ', 'input', '', 16, 'admin', '2020-08-04 10:13:50', NULL, '2020-08-08 15:21:29');
INSERT INTO `gen_table_column` VALUES (248, '17', 'is_collection', '收藏提醒(0关闭 1开启)', 'tinyint(3) unsigned', 'Integer', 'isCollection', '0', '0', '1', '1', '1', '1', NULL, 'EQ', 'input', '', 17, 'admin', '2020-08-04 10:13:50', NULL, '2020-08-08 15:21:29');
INSERT INTO `gen_table_column` VALUES (249, '17', 'is_wechat', '关注公众号提醒(0关闭 1开启)', 'tinyint(3) unsigned', 'Integer', 'isWechat', '0', '0', '1', '1', '1', '1', NULL, 'EQ', 'input', '', 18, 'admin', '2020-08-04 10:13:50', NULL, '2020-08-08 15:21:29');
INSERT INTO `gen_table_column` VALUES (250, '17', 'phone', '商家客服电话', 'varchar(20)', 'String', 'phone', '0', '0', '1', '1', '1', '1', NULL, 'EQ', 'input', '', 19, 'admin', '2020-08-04 10:13:50', NULL, '2020-08-08 15:21:29');
INSERT INTO `gen_table_column` VALUES (251, '17', 'access_token', '令牌凭证', 'varchar(255)', 'String', 'accessToken', '0', '0', '1', '1', '1', '1', NULL, 'EQ', 'input', '', 20, 'admin', '2020-08-04 10:13:50', NULL, '2020-08-08 15:21:29');
INSERT INTO `gen_table_column` VALUES (252, '17', 'expires_in', '令牌到期时间', 'int(11) unsigned', 'Long', 'expiresIn', '0', '0', '1', '1', '1', '1', NULL, 'EQ', 'input', '', 21, 'admin', '2020-08-04 10:13:50', NULL, '2020-08-08 15:21:29');
INSERT INTO `gen_table_column` VALUES (253, '17', 'authorizer_refresh_token', '刷新令牌', 'varchar(255)', 'String', 'authorizerRefreshToken', '0', '0', '1', '1', '1', '1', NULL, 'EQ', 'input', '', 22, 'admin', '2020-08-04 10:13:50', NULL, '2020-08-08 15:21:29');
INSERT INTO `gen_table_column` VALUES (254, '17', 'template', '模板ID', 'int(11)', 'Long', 'template', '0', '0', '1', '1', '1', '1', NULL, 'EQ', 'input', '', 23, 'admin', '2020-08-04 10:13:50', NULL, '2020-08-08 15:21:29');
INSERT INTO `gen_table_column` VALUES (255, '17', 'is_copyright', '自定义版权(0关闭 1开启)', 'tinyint(3) unsigned', 'Integer', 'isCopyright', '0', '0', '1', '1', '1', '1', NULL, 'EQ', 'input', '', 24, 'admin', '2020-08-04 10:13:50', NULL, '2020-08-08 15:21:29');
INSERT INTO `gen_table_column` VALUES (256, '17', 'copyright', '小程序底部版权', 'varchar(50)', 'String', 'copyright', '0', '0', '1', '1', '1', '1', NULL, 'EQ', 'input', '', 25, 'admin', '2020-08-04 10:13:50', NULL, '2020-08-08 15:21:29');
INSERT INTO `gen_table_column` VALUES (257, '17', 'store_user_id', '商户ID', 'int(11) unsigned', 'Long', 'storeUserId', '0', '0', '1', '1', '1', '1', NULL, 'EQ', 'input', '', 26, 'admin', '2020-08-04 10:13:50', NULL, '2020-08-08 15:21:29');
INSERT INTO `gen_table_column` VALUES (258, '17', 'expire_time', '小程序到期时间', 'datetime', 'Date', 'expireTime', '0', '0', NULL, '1', '1', '1', NULL, 'EQ', 'datetime', '', 27, 'admin', '2020-08-04 10:13:50', NULL, '2020-08-08 15:21:29');
INSERT INTO `gen_table_column` VALUES (259, '17', 'gmt_create', '创建时间', 'datetime', 'Date', 'gmtCreate', '0', '0', '1', NULL, NULL, NULL, NULL, 'EQ', 'datetime', '', 28, 'admin', '2020-08-04 10:13:50', NULL, '2020-08-08 15:21:29');
INSERT INTO `gen_table_column` VALUES (260, '17', 'gmt_modified', '更新时间', 'datetime', 'Date', 'gmtModified', '0', '0', '1', NULL, NULL, NULL, NULL, 'EQ', 'datetime', '', 29, 'admin', '2020-08-04 10:13:50', NULL, '2020-08-08 15:21:29');
INSERT INTO `gen_table_column` VALUES (261, '18', 'id', '主键id', 'int(11) unsigned', 'Long', 'id', '1', '1', NULL, '1', NULL, NULL, NULL, 'EQ', 'input', '', 1, 'admin', '2020-08-04 10:13:50', '', NULL);
INSERT INTO `gen_table_column` VALUES (262, '18', 'title', '帮助标题', 'varchar(255)', 'String', 'title', '0', '0', '1', '1', '1', '1', '1', 'EQ', 'input', '', 2, 'admin', '2020-08-04 10:13:50', '', NULL);
INSERT INTO `gen_table_column` VALUES (263, '18', 'content', '帮助内容', 'text', 'String', 'content', '0', '0', '1', '1', '1', '1', '1', 'EQ', 'input', '', 3, 'admin', '2020-08-04 10:13:50', '', NULL);
INSERT INTO `gen_table_column` VALUES (264, '18', 'sort', '排序(数字越小越靠前)', 'int(11) unsigned', 'Long', 'sort', '0', '0', '1', '1', '1', '1', '1', 'EQ', 'input', '', 4, 'admin', '2020-08-04 10:13:50', '', NULL);
INSERT INTO `gen_table_column` VALUES (265, '18', 'wxapp_id', '小程序id', 'int(11) unsigned', 'Long', 'wxappId', '0', '0', '1', '1', '1', '1', '1', 'EQ', 'input', '', 5, 'admin', '2020-08-04 10:13:50', '', NULL);
INSERT INTO `gen_table_column` VALUES (266, '18', 'create_time', '创建时间', 'int(11) unsigned', 'Long', 'createTime', '0', '0', '1', '1', NULL, NULL, NULL, 'EQ', 'input', '', 6, 'admin', '2020-08-04 10:13:50', '', NULL);
INSERT INTO `gen_table_column` VALUES (267, '18', 'update_time', '更新时间', 'int(11) unsigned', 'Long', 'updateTime', '0', '0', '1', '1', '1', NULL, NULL, 'EQ', 'input', '', 7, 'admin', '2020-08-04 10:13:50', '', NULL);
INSERT INTO `gen_table_column` VALUES (268, '19', 'id', '页面id(主键)', 'int(20) unsigned', 'Long', 'id', '1', '1', NULL, '1', NULL, NULL, NULL, 'EQ', 'input', '', 1, 'admin', '2020-08-04 10:13:50', NULL, '2020-08-05 17:59:57');
INSERT INTO `gen_table_column` VALUES (269, '19', 'page_type', '页面类型(1首页 2自定义页)', 'tinyint(3) unsigned', 'Integer', 'pageType', '0', '0', '1', '1', '1', '1', '1', 'EQ', 'select', '', 2, 'admin', '2020-08-04 10:13:50', NULL, '2020-08-05 17:59:57');
INSERT INTO `gen_table_column` VALUES (270, '19', 'page_data', '页面数据', 'longtext', 'String', 'pageData', '0', '0', '1', '1', '1', '1', '1', 'EQ', 'input', '', 3, 'admin', '2020-08-04 10:13:50', NULL, '2020-08-05 17:59:57');
INSERT INTO `gen_table_column` VALUES (271, '19', 'wxapp_id', '微信小程序id', 'int(11) unsigned', 'Long', 'wxappId', '0', '0', '1', '1', '1', '1', '1', 'EQ', 'input', '', 4, 'admin', '2020-08-04 10:13:50', NULL, '2020-08-05 17:59:57');
INSERT INTO `gen_table_column` VALUES (272, '19', 'gmt_create', '创建时间', 'datetime', 'Date', 'gmtCreate', '0', '0', '1', '1', '1', '1', '1', 'EQ', 'datetime', '', 5, 'admin', '2020-08-04 10:13:50', NULL, '2020-08-05 17:59:57');
INSERT INTO `gen_table_column` VALUES (273, '19', 'gmt_modified', '更新时间', 'datetime', 'Date', 'gmtModified', '0', '0', '1', '1', '1', '1', '1', 'EQ', 'datetime', '', 6, 'admin', '2020-08-04 10:13:50', NULL, '2020-08-05 17:59:57');
INSERT INTO `gen_table_column` VALUES (274, '20', 'id', '餐桌id', 'int(11) unsigned', 'Long', 'id', '1', '1', NULL, '1', NULL, NULL, NULL, 'EQ', 'input', '', 1, 'admin', '2020-08-04 15:04:01', NULL, '2020-08-04 15:08:34');
INSERT INTO `gen_table_column` VALUES (275, '20', 'table_name', '餐桌名称', 'varchar(50)', 'String', 'tableName', '0', '0', '1', '1', '1', '1', '1', 'LIKE', 'input', '', 2, 'admin', '2020-08-04 15:04:01', NULL, '2020-08-04 15:08:34');
INSERT INTO `gen_table_column` VALUES (276, '20', 'people', '容纳人数', 'int(11) unsigned', 'Long', 'people', '0', '0', '1', '1', '1', '1', NULL, 'EQ', 'input', '', 3, 'admin', '2020-08-04 15:04:01', NULL, '2020-08-04 15:08:34');
INSERT INTO `gen_table_column` VALUES (277, '20', 'consume', '最低消费', 'decimal(10,2) unsigned', 'BigDecimal', 'consume', '0', '0', '1', '1', '1', '1', NULL, 'EQ', 'input', '', 4, 'admin', '2020-08-04 15:04:01', NULL, '2020-08-04 15:08:34');
INSERT INTO `gen_table_column` VALUES (278, '20', 'ware_price', '餐具调料费', 'decimal(10,2) unsigned', 'BigDecimal', 'warePrice', '0', '0', '1', '1', '1', '1', NULL, 'EQ', 'input', '', 5, 'admin', '2020-08-04 15:04:01', NULL, '2020-08-04 15:08:34');
INSERT INTO `gen_table_column` VALUES (279, '20', 'status', '状态(1闲 2忙)', 'tinyint(3) unsigned', 'Integer', 'status', '0', '0', '1', '1', '1', '1', NULL, 'EQ', 'radio', '', 6, 'admin', '2020-08-04 15:04:01', NULL, '2020-08-04 15:08:34');
INSERT INTO `gen_table_column` VALUES (280, '20', 'sort', '排序方式(数字越小越靠前)', 'int(11) unsigned', 'Long', 'sort', '0', '0', '1', '1', '1', '1', NULL, 'EQ', 'input', '', 7, 'admin', '2020-08-04 15:04:01', NULL, '2020-08-04 15:08:34');
INSERT INTO `gen_table_column` VALUES (281, '20', 'shop_id', '门店ID', 'int(11) unsigned', 'Long', 'shopId', '0', '0', '1', '1', '1', '1', '1', 'EQ', 'select', '', 8, 'admin', '2020-08-04 15:04:01', NULL, '2020-08-04 15:08:34');
INSERT INTO `gen_table_column` VALUES (282, '20', 'wxapp_id', '小程序id', 'int(11) unsigned', 'Long', 'wxappId', '0', '0', '1', '1', '1', '1', NULL, 'EQ', 'input', '', 9, 'admin', '2020-08-04 15:04:01', NULL, '2020-08-04 15:08:34');
INSERT INTO `gen_table_column` VALUES (283, '20', 'gmt_create', '创建时间', 'datetime', 'Date', 'gmtCreate', '0', '0', '1', '1', '1', '1', NULL, 'EQ', 'datetime', '', 10, 'admin', '2020-08-04 15:04:01', NULL, '2020-08-04 15:08:34');
INSERT INTO `gen_table_column` VALUES (284, '20', 'gmt_modified', '更新时间', 'datetime', 'Date', 'gmtModified', '0', '0', '1', '1', '1', '1', NULL, 'EQ', 'datetime', '', 11, 'admin', '2020-08-04 15:04:01', NULL, '2020-08-04 15:08:34');
INSERT INTO `gen_table_column` VALUES (285, '21', 'id', '充值id', 'int(11) unsigned', 'Long', 'id', '1', '1', NULL, '1', NULL, NULL, NULL, 'EQ', 'input', '', 1, 'admin', '2020-08-04 16:10:03', NULL, '2020-08-04 16:19:34');
INSERT INTO `gen_table_column` VALUES (286, '21', 'mode', '充值方式(1自助充值 2后台充值)', 'tinyint(3) unsigned', 'Integer', 'mode', '0', '0', '1', '1', '1', '1', '1', 'EQ', 'input', '', 2, 'admin', '2020-08-04 16:10:03', NULL, '2020-08-04 16:19:34');
INSERT INTO `gen_table_column` VALUES (287, '21', 'order_no', '订单号', 'bigint(20)', 'Long', 'orderNo', '0', '0', '1', '1', '1', '1', '1', 'EQ', 'input', '', 3, 'admin', '2020-08-04 16:10:03', NULL, '2020-08-04 16:19:34');
INSERT INTO `gen_table_column` VALUES (288, '21', 'money', '充值金额', 'int(11) unsigned', 'Long', 'money', '0', '0', '1', '1', '1', '1', '1', 'EQ', 'input', '', 4, 'admin', '2020-08-04 16:10:03', NULL, '2020-08-04 16:19:34');
INSERT INTO `gen_table_column` VALUES (289, '21', 'gift_money', '赠送金额', 'int(11) unsigned', 'Long', 'giftMoney', '0', '0', '1', '1', '1', '1', NULL, 'EQ', 'input', '', 5, 'admin', '2020-08-04 16:10:03', NULL, '2020-08-04 16:19:34');
INSERT INTO `gen_table_column` VALUES (290, '21', 'recharge_plan_id', '套餐ID', 'int(11) unsigned', 'Long', 'rechargePlanId', '0', '0', '1', '1', '1', '1', NULL, 'EQ', 'input', '', 6, 'admin', '2020-08-04 16:10:03', NULL, '2020-08-04 16:19:34');
INSERT INTO `gen_table_column` VALUES (291, '21', 'user_id', '用户ID', 'int(11) unsigned', 'Long', 'userId', '0', '0', '1', '1', '1', '1', '1', 'EQ', 'input', '', 7, 'admin', '2020-08-04 16:10:03', NULL, '2020-08-04 16:19:34');
INSERT INTO `gen_table_column` VALUES (292, '21', 'pay_status', '支付状态(1待付款 2已付款)', 'tinyint(3) unsigned', 'Integer', 'payStatus', '0', '0', '1', '1', '1', '1', '1', 'EQ', 'radio', '', 8, 'admin', '2020-08-04 16:10:03', NULL, '2020-08-04 16:19:34');
INSERT INTO `gen_table_column` VALUES (293, '21', 'pay_time', '支付时间', 'int(11) unsigned', 'Long', 'payTime', '0', '0', '1', '1', '1', '1', NULL, 'EQ', 'input', '', 9, 'admin', '2020-08-04 16:10:03', NULL, '2020-08-04 16:19:34');
INSERT INTO `gen_table_column` VALUES (294, '21', 'transaction_id', '微信支付交易号', 'varchar(30)', 'String', 'transactionId', '0', '0', '1', '1', '1', '1', NULL, 'EQ', 'input', '', 10, 'admin', '2020-08-04 16:10:03', NULL, '2020-08-04 16:19:34');
INSERT INTO `gen_table_column` VALUES (295, '21', 'shop_id', '门店id', 'int(11) unsigned', 'Long', 'shopId', '0', '0', '1', '1', '1', '1', '1', 'EQ', 'input', '', 11, 'admin', '2020-08-04 16:10:03', NULL, '2020-08-04 16:19:34');
INSERT INTO `gen_table_column` VALUES (296, '21', 'wxapp_id', '小程序id', 'int(11) unsigned', 'Long', 'wxappId', '0', '0', '1', '1', '1', '1', NULL, 'EQ', 'input', '', 12, 'admin', '2020-08-04 16:10:03', NULL, '2020-08-04 16:19:34');
INSERT INTO `gen_table_column` VALUES (297, '21', 'gmt_create', '创建时间', 'datetime', 'Date', 'gmtCreate', '0', '0', '1', '1', '1', '1', NULL, 'EQ', 'datetime', '', 13, 'admin', '2020-08-04 16:10:03', NULL, '2020-08-04 16:19:34');
INSERT INTO `gen_table_column` VALUES (298, '21', 'gmt_modified', '更新时间', 'datetime', 'Date', 'gmtModified', '0', '0', '1', '1', '1', '1', NULL, 'EQ', 'datetime', '', 14, 'admin', '2020-08-04 16:10:03', NULL, '2020-08-04 16:19:34');
INSERT INTO `gen_table_column` VALUES (299, '22', 'id', '充值套餐id', 'int(11) unsigned', 'Long', 'id', '1', '1', NULL, '1', NULL, NULL, NULL, 'EQ', 'input', '', 1, 'admin', '2020-08-04 16:10:03', '', NULL);
INSERT INTO `gen_table_column` VALUES (300, '22', 'plan_name', '套餐名称', 'varchar(50)', 'String', 'planName', '0', '0', '1', '1', '1', '1', '1', 'LIKE', 'input', '', 2, 'admin', '2020-08-04 16:10:03', '', NULL);
INSERT INTO `gen_table_column` VALUES (301, '22', 'money', '充值金额', 'int(11) unsigned', 'Long', 'money', '0', '0', '1', '1', '1', '1', '1', 'EQ', 'input', '', 3, 'admin', '2020-08-04 16:10:03', '', NULL);
INSERT INTO `gen_table_column` VALUES (302, '22', 'gift_money', '赠送金额', 'int(11) unsigned', 'Long', 'giftMoney', '0', '0', '1', '1', '1', '1', '1', 'EQ', 'input', '', 4, 'admin', '2020-08-04 16:10:03', '', NULL);
INSERT INTO `gen_table_column` VALUES (303, '22', 'sort', '排序方式(数字越小越靠前)', 'int(11) unsigned', 'Long', 'sort', '0', '0', '1', '1', '1', '1', '1', 'EQ', 'input', '', 5, 'admin', '2020-08-04 16:10:03', '', NULL);
INSERT INTO `gen_table_column` VALUES (304, '22', 'wxapp_id', '小程序id', 'int(11) unsigned', 'Long', 'wxappId', '0', '0', '1', '1', '1', '1', '1', 'EQ', 'input', '', 6, 'admin', '2020-08-04 16:10:03', '', NULL);
INSERT INTO `gen_table_column` VALUES (305, '22', 'gmt_create', '创建时间', 'datetime', 'Date', 'gmtCreate', '0', '0', '1', '1', '1', '1', '1', 'EQ', 'datetime', '', 7, 'admin', '2020-08-04 16:10:03', '', NULL);
INSERT INTO `gen_table_column` VALUES (306, '22', 'gmt_modified', '更新时间', 'datetime', 'Date', 'gmtModified', '0', '0', '1', '1', '1', '1', '1', 'EQ', 'datetime', '', 8, 'admin', '2020-08-04 16:10:03', '', NULL);

-- ----------------------------
-- Table structure for kbsm_category
-- ----------------------------
DROP TABLE IF EXISTS `kbsm_category`;
CREATE TABLE `kbsm_category`  (
  `id` int(11) UNSIGNED NOT NULL AUTO_INCREMENT COMMENT '商品分类id',
  `name` varchar(50) CHARACTER SET utf8 COLLATE utf8_general_ci NOT NULL DEFAULT '' COMMENT '分类名称',
  `parent_id` int(11) UNSIGNED NOT NULL DEFAULT 0 COMMENT '上级分类id',
  `image_id` int(11) UNSIGNED NOT NULL DEFAULT 0 COMMENT '分类图片id',
  `sort` int(11) UNSIGNED NOT NULL DEFAULT 0 COMMENT '排序方式(数字越小越靠前)',
  `shop_id` int(11) UNSIGNED NOT NULL DEFAULT 0 COMMENT '门店id',
  `wxapp_id` int(11) UNSIGNED NOT NULL DEFAULT 0 COMMENT '小程序id',
  `gmt_create` datetime(0) NOT NULL DEFAULT CURRENT_TIMESTAMP(0) COMMENT '创建时间',
  `gmt_modified` datetime(0) NOT NULL DEFAULT CURRENT_TIMESTAMP(0) COMMENT '更新时间',
  PRIMARY KEY (`id`) USING BTREE
) ENGINE = InnoDB AUTO_INCREMENT = 5 CHARACTER SET = utf8 COLLATE = utf8_general_ci ROW_FORMAT = DYNAMIC;

-- ----------------------------
-- Records of kbsm_category
-- ----------------------------
INSERT INTO `kbsm_category` VALUES (1, '炒菜', 0, 0, 0, 1, 1, '2020-07-10 10:02:05', '2020-07-10 10:02:05');
INSERT INTO `kbsm_category` VALUES (2, '饮料', 0, 0, 0, 1, 1, '2020-07-10 10:02:05', '2020-07-10 10:02:05');
INSERT INTO `kbsm_category` VALUES (3, '炒菜', 0, 0, 0, 2, 1, '2020-07-10 10:02:05', '2020-07-10 10:02:05');
INSERT INTO `kbsm_category` VALUES (4, '饮料', 0, 0, 0, 2, 1, '2020-07-10 10:02:05', '2020-07-10 10:02:05');

-- ----------------------------
-- Table structure for kbsm_goods
-- ----------------------------
DROP TABLE IF EXISTS `kbsm_goods`;
CREATE TABLE `kbsm_goods`  (
  `id` int(11) UNSIGNED NOT NULL AUTO_INCREMENT COMMENT '商品id',
  `goods_name` varchar(255) CHARACTER SET utf8 COLLATE utf8_general_ci NOT NULL DEFAULT '' COMMENT '商品名称',
  `category_id` int(11) UNSIGNED NOT NULL DEFAULT 0 COMMENT '商品分类id',
  `spec_type` tinyint(3) UNSIGNED NOT NULL DEFAULT 1 COMMENT '商品规格(1单规格 2多规格)',
  `deduct_stock_type` tinyint(3) UNSIGNED NOT NULL DEFAULT 2 COMMENT '库存计算方式(1下单减库存 2付款减库存)',
  `content` longtext CHARACTER SET utf8 COLLATE utf8_general_ci NULL COMMENT '商品详情',
  `sales_initial` int(11) UNSIGNED NOT NULL DEFAULT 0 COMMENT '初始销量',
  `sales_actual` int(11) UNSIGNED NOT NULL DEFAULT 0 COMMENT '实际销量',
  `goods_sort` int(11) UNSIGNED NOT NULL DEFAULT 100 COMMENT '商品排序(数字越小越靠前)',
  `goods_status` tinyint(3) UNSIGNED NOT NULL DEFAULT 1 COMMENT '商品状态(1上架 2下架)',
  `pack_price` decimal(10, 2) UNSIGNED NOT NULL DEFAULT 1.00 COMMENT '餐盒费用',
  `is_delete` tinyint(3) UNSIGNED NOT NULL DEFAULT 0 COMMENT '是否删除',
  `shop_id` int(11) UNSIGNED NOT NULL DEFAULT 0 COMMENT '门店id',
  `wxapp_id` int(11) UNSIGNED NOT NULL DEFAULT 0 COMMENT '小程序id',
  `gmt_create` datetime(0) NOT NULL DEFAULT CURRENT_TIMESTAMP(0) COMMENT '创建时间',
  `gmt_modified` datetime(0) NOT NULL DEFAULT CURRENT_TIMESTAMP(0) COMMENT '更新时间',
  PRIMARY KEY (`id`) USING BTREE,
  UNIQUE INDEX `uk_goodsName_wxappId`(`goods_name`, `wxapp_id`) USING BTREE,
  INDEX `category_id`(`category_id`) USING BTREE
) ENGINE = InnoDB AUTO_INCREMENT = 7 CHARACTER SET = utf8 COLLATE = utf8_general_ci ROW_FORMAT = DYNAMIC;

-- ----------------------------
-- Records of kbsm_goods
-- ----------------------------
INSERT INTO `kbsm_goods` VALUES (1, '辣椒炒肉', 1, 2, 2, '', 0, 0, 100, 1, 1.00, 0, 1, 1, '2020-07-09 18:15:36', '2020-07-09 18:15:36');
INSERT INTO `kbsm_goods` VALUES (2, '香干炒肉', 1, 1, 2, NULL, 0, 0, 100, 1, 1.00, 0, 1, 1, '2020-07-09 18:15:36', '2020-07-09 18:15:36');
INSERT INTO `kbsm_goods` VALUES (3, '香菇炒肉', 1, 1, 2, NULL, 0, 0, 100, 1, 1.00, 0, 1, 1, '2020-07-09 18:15:36', '2020-07-09 18:15:36');
INSERT INTO `kbsm_goods` VALUES (4, '珍珠奶茶', 2, 1, 2, NULL, 0, 0, 100, 1, 1.00, 0, 1, 1, '2020-07-10 10:04:20', '2020-07-10 10:04:20');
INSERT INTO `kbsm_goods` VALUES (5, '可乐', 3, 1, 2, NULL, 0, 0, 100, 1, 1.00, 0, 2, 1, '2020-07-10 10:04:20', '2020-07-10 10:04:20');
INSERT INTO `kbsm_goods` VALUES (6, '腐竹炒肉', 1, 1, 2, NULL, 0, 0, 100, 1, 1.00, 0, 1, 1, '2020-07-09 18:15:36', '2020-07-09 18:15:36');

-- ----------------------------
-- Table structure for kbsm_goods_image
-- ----------------------------
DROP TABLE IF EXISTS `kbsm_goods_image`;
CREATE TABLE `kbsm_goods_image`  (
  `id` int(11) UNSIGNED NOT NULL AUTO_INCREMENT COMMENT '主键id',
  `goods_id` int(11) UNSIGNED NOT NULL DEFAULT 0 COMMENT '商品id',
  `image_id` int(11) NOT NULL DEFAULT 0 COMMENT '图片id(关联文件记录表)',
  `wxapp_id` int(11) UNSIGNED NOT NULL DEFAULT 0 COMMENT '小程序id',
  `gmt_create` datetime(0) NOT NULL DEFAULT CURRENT_TIMESTAMP(0) COMMENT '创建时间',
  `gmt_modified` datetime(0) NOT NULL DEFAULT CURRENT_TIMESTAMP(0) COMMENT '更新时间',
  PRIMARY KEY (`id`) USING BTREE,
  UNIQUE INDEX `uk_goods_id`(`goods_id`) USING BTREE
) ENGINE = InnoDB AUTO_INCREMENT = 8 CHARACTER SET = utf8 COLLATE = utf8_general_ci ROW_FORMAT = DYNAMIC;

-- ----------------------------
-- Records of kbsm_goods_image
-- ----------------------------
INSERT INTO `kbsm_goods_image` VALUES (1, 1, 13, 1, '2020-07-10 15:43:44', '2020-07-10 15:43:44');
INSERT INTO `kbsm_goods_image` VALUES (2, 2, 13, 1, '2020-07-10 15:43:44', '2020-07-10 15:43:44');
INSERT INTO `kbsm_goods_image` VALUES (3, 3, 13, 1, '2020-07-10 15:43:44', '2020-07-10 15:43:44');
INSERT INTO `kbsm_goods_image` VALUES (4, 4, 13, 1, '2020-07-10 15:43:44', '2020-07-10 15:43:44');
INSERT INTO `kbsm_goods_image` VALUES (5, 5, 13, 1, '2020-07-10 15:43:44', '2020-07-10 15:43:44');
INSERT INTO `kbsm_goods_image` VALUES (6, 6, 13, 1, '2020-07-10 15:43:44', '2020-07-10 15:43:44');
INSERT INTO `kbsm_goods_image` VALUES (7, 11, 13, 1, '2020-08-10 10:31:31', '2020-08-10 10:31:31');

-- ----------------------------
-- Table structure for kbsm_goods_spec
-- ----------------------------
DROP TABLE IF EXISTS `kbsm_goods_spec`;
CREATE TABLE `kbsm_goods_spec`  (
  `id` int(11) UNSIGNED NOT NULL AUTO_INCREMENT COMMENT '商品规格id',
  `spec_name` varchar(255) CHARACTER SET utf8 COLLATE utf8_general_ci NULL DEFAULT NULL COMMENT '规格名称',
  `goods_id` int(11) UNSIGNED NOT NULL DEFAULT 0 COMMENT '商品id',
  `goods_no` varchar(100) CHARACTER SET utf8 COLLATE utf8_general_ci NOT NULL DEFAULT '' COMMENT '商品编码',
  `goods_price` decimal(10, 2) UNSIGNED NOT NULL DEFAULT 0.00 COMMENT '店内售价',
  `out_price` decimal(10, 2) UNSIGNED NOT NULL DEFAULT 0.00 COMMENT '外卖售价',
  `line_price` decimal(10, 2) UNSIGNED NOT NULL DEFAULT 0.00 COMMENT '商品划线价',
  `stock_num` int(11) UNSIGNED NOT NULL DEFAULT 0 COMMENT '当前库存数量',
  `goods_sales` int(11) UNSIGNED NOT NULL DEFAULT 0 COMMENT '商品销量',
  `wxapp_id` int(11) UNSIGNED NOT NULL DEFAULT 0 COMMENT '小程序id',
  `spec_sku_id` varchar(255) CHARACTER SET utf8 COLLATE utf8_general_ci NOT NULL DEFAULT '0' COMMENT '商品sku标识(0代表spu属性)',
  `group_id` int(11) NOT NULL DEFAULT 0,
  `gmt_create` datetime(0) NOT NULL DEFAULT CURRENT_TIMESTAMP(0) COMMENT '创建时间',
  `gmt_modified` datetime(0) NOT NULL DEFAULT CURRENT_TIMESTAMP(0) COMMENT '更新时间',
  `version` bigint(20) UNSIGNED NOT NULL DEFAULT 0 COMMENT '用于乐观锁的版本号',
  PRIMARY KEY (`id`) USING BTREE
) ENGINE = InnoDB AUTO_INCREMENT = 11 CHARACTER SET = utf8 COLLATE = utf8_general_ci ROW_FORMAT = DYNAMIC;

-- ----------------------------
-- Records of kbsm_goods_spec
-- ----------------------------
INSERT INTO `kbsm_goods_spec` VALUES (1, '无辣椒', 1, '', 0.00, 0.00, 0.00, 5, 0, 0, '0', 2, '2020-07-09 18:13:09', '2020-07-09 18:13:09', 0);
INSERT INTO `kbsm_goods_spec` VALUES (2, '微辣', 1, '', 0.00, 0.00, 0.00, 5, 0, 0, '0', 2, '2020-07-10 09:29:59', '2020-07-10 09:29:59', 0);
INSERT INTO `kbsm_goods_spec` VALUES (3, '中辣', 1, '', 0.00, 0.00, 0.00, 5, 0, 0, '0', 2, '2020-07-10 09:30:11', '2020-07-10 09:30:11', 0);
INSERT INTO `kbsm_goods_spec` VALUES (4, '特辣', 1, '', 0.00, 0.00, 0.00, 100, 0, 0, '0', 2, '2020-07-10 09:30:17', '2020-07-10 09:30:17', 0);
INSERT INTO `kbsm_goods_spec` VALUES (5, 'test', 2, '', 7.00, 1.00, 0.00, 86, 2, 0, '2', 0, '2020-07-10 09:29:59', '2020-07-10 09:29:59', 17);
INSERT INTO `kbsm_goods_spec` VALUES (6, 'test', 3, '', 6.00, 2.00, 0.00, 4, 0, 0, '3', 0, '2020-07-10 09:29:59', '2020-07-10 09:29:59', 12);
INSERT INTO `kbsm_goods_spec` VALUES (7, 'test', 4, '', 3.00, 3.00, 0.00, 12, 0, 0, '4', 0, '2020-07-10 09:29:59', '2020-07-10 09:29:59', 0);
INSERT INTO `kbsm_goods_spec` VALUES (8, 'test', 5, '', 4.00, 0.10, 0.00, 13, 0, 0, '5', 0, '2020-07-10 09:29:59', '2020-07-10 09:29:59', 0);
INSERT INTO `kbsm_goods_spec` VALUES (9, '辣椒炒肉', 1, '', 3.00, 0.10, 0.00, 89, 0, 0, '1', 0, '2020-07-10 09:30:17', '2020-07-10 09:30:17', 31);
INSERT INTO `kbsm_goods_spec` VALUES (10, 'test', 6, '', 4.00, 3.00, 0.00, 100, 0, 0, '6', 0, '2020-07-10 09:29:59', '2020-07-10 09:29:59', 18);

-- ----------------------------
-- Table structure for kbsm_goods_spec_group
-- ----------------------------
DROP TABLE IF EXISTS `kbsm_goods_spec_group`;
CREATE TABLE `kbsm_goods_spec_group`  (
  `id` int(10) UNSIGNED NOT NULL AUTO_INCREMENT COMMENT '主键(group_id)',
  `group_name` varchar(255) CHARACTER SET utf8 COLLATE utf8_general_ci NULL DEFAULT NULL COMMENT '名称',
  `goods_id` int(11) UNSIGNED NOT NULL DEFAULT 0 COMMENT '商品id',
  `wxapp_id` int(11) UNSIGNED NOT NULL DEFAULT 0 COMMENT '小程序id',
  `type` tinyint(3) UNSIGNED NOT NULL DEFAULT 1 COMMENT '1无影响库存规格  2影响库存规格',
  `gmt_create` datetime(0) NOT NULL DEFAULT CURRENT_TIMESTAMP(0) COMMENT '创建时间',
  `gmt_modified` datetime(0) NOT NULL DEFAULT CURRENT_TIMESTAMP(0) COMMENT '更新时间',
  PRIMARY KEY (`id`) USING BTREE
) ENGINE = InnoDB AUTO_INCREMENT = 3 CHARACTER SET = utf8 COLLATE = utf8_general_ci ROW_FORMAT = DYNAMIC;

-- ----------------------------
-- Records of kbsm_goods_spec_group
-- ----------------------------
INSERT INTO `kbsm_goods_spec_group` VALUES (2, '口味', 1, 0, 1, '2020-07-09 17:47:27', '2020-07-09 17:47:27');

-- ----------------------------
-- Table structure for kbsm_order
-- ----------------------------
DROP TABLE IF EXISTS `kbsm_order`;
CREATE TABLE `kbsm_order`  (
  `id` int(11) UNSIGNED NOT NULL AUTO_INCREMENT COMMENT '订单id',
  `order_no` bigint(20) NOT NULL COMMENT '订单号',
  `row_no` int(11) UNSIGNED NOT NULL DEFAULT 0 COMMENT '订单排号',
  `shop_id` int(11) UNSIGNED NOT NULL DEFAULT 0 COMMENT '门店id',
  `table_id` int(11) UNSIGNED NOT NULL DEFAULT 0 COMMENT '餐桌/包间id( 1店内就餐 2打包带走 3外卖直达 4到店自取)',
  `total_price` decimal(10, 2) UNSIGNED NOT NULL DEFAULT 0.00 COMMENT '商品总金额',
  `activity_price` decimal(10, 2) UNSIGNED NOT NULL DEFAULT 0.00 COMMENT '优惠价格',
  `pay_price` decimal(10, 2) UNSIGNED NOT NULL DEFAULT 0.00 COMMENT '订单实付款金额',
  `pay_status` tinyint(3) UNSIGNED NOT NULL DEFAULT 1 COMMENT '付款状态(1未付款 2已付款)',
  `pay_time` int(11) UNSIGNED NOT NULL DEFAULT 0 COMMENT '付款时间',
  `express_price` decimal(10, 2) UNSIGNED NOT NULL DEFAULT 0.00 COMMENT '配送费用',
  `pack_price` decimal(10, 2) UNSIGNED NOT NULL DEFAULT 0.00 COMMENT '餐盒费用',
  `ware_price` decimal(10, 2) UNSIGNED NOT NULL DEFAULT 0.00 COMMENT '餐具调料费',
  `people` tinyint(3) UNSIGNED NOT NULL DEFAULT 0 COMMENT '就餐人数',
  `shop_clerk_id` int(11) UNSIGNED NOT NULL DEFAULT 0 COMMENT '配送员',
  `flavor` varchar(255) CHARACTER SET utf8 COLLATE utf8_general_ci NOT NULL DEFAULT '' COMMENT '口味选项',
  `message` varchar(255) CHARACTER SET utf8 COLLATE utf8_general_ci NOT NULL DEFAULT '' COMMENT '买家留言',
  `arrive_time` datetime(0) NOT NULL DEFAULT '0000-00-00 00:00:00' COMMENT '自取到店时间',
  `delivery_status` tinyint(3) UNSIGNED NOT NULL DEFAULT 1 COMMENT '上餐状态(1烹制中 2上餐中)',
  `delivery_time` int(11) UNSIGNED NOT NULL DEFAULT 0 COMMENT '上餐时间',
  `receipt_status` tinyint(3) UNSIGNED NOT NULL DEFAULT 1 COMMENT '用餐状态(1用餐中 2用餐完毕)',
  `receipt_time` int(11) UNSIGNED NOT NULL DEFAULT 0 COMMENT '用餐完毕时间',
  `order_status` tinyint(3) UNSIGNED NOT NULL DEFAULT 1 COMMENT '订单状态(1进行中 2取消 3待取消 4已完成)',
  `transaction_id` varchar(30) CHARACTER SET utf8 COLLATE utf8_general_ci NOT NULL DEFAULT '' COMMENT '微信支付交易号',
  `commission` decimal(10, 2) UNSIGNED NOT NULL DEFAULT 0.00 COMMENT '我的佣金',
  `deliver_mode` tinyint(3) UNSIGNED NOT NULL DEFAULT 0 COMMENT '配送模式(0自配 1顺丰 2达达 2UU)',
  `deliver_id` varchar(50) CHARACTER SET utf8 COLLATE utf8_general_ci NOT NULL DEFAULT '' COMMENT '第三方配送单号',
  `delivery_distance` int(11) UNSIGNED NOT NULL DEFAULT 0 COMMENT '配送距离',
  `deliver_price` decimal(10, 2) UNSIGNED NOT NULL DEFAULT 0.00 COMMENT '第三方配送费用',
  `deliver_name` varchar(50) CHARACTER SET utf8 COLLATE utf8_general_ci NOT NULL DEFAULT '' COMMENT '骑手姓名',
  `deliver_mobile` varchar(50) CHARACTER SET utf8 COLLATE utf8_general_ci NOT NULL DEFAULT '' COMMENT '骑手电话',
  `user_id` int(11) UNSIGNED NOT NULL DEFAULT 0 COMMENT '用户id',
  `wxapp_id` int(11) UNSIGNED NOT NULL DEFAULT 0 COMMENT '小程序id',
  `gmt_create` datetime(0) NOT NULL DEFAULT CURRENT_TIMESTAMP(0) COMMENT '创建时间',
  `gmt_modified` datetime(0) NOT NULL DEFAULT CURRENT_TIMESTAMP(0) COMMENT '更新时间',
  PRIMARY KEY (`id`) USING BTREE,
  UNIQUE INDEX `order_no`(`order_no`) USING BTREE
) ENGINE = InnoDB AUTO_INCREMENT = 15 CHARACTER SET = utf8 COLLATE = utf8_general_ci ROW_FORMAT = DYNAMIC;

-- ----------------------------
-- Records of kbsm_order
-- ----------------------------
INSERT INTO `kbsm_order` VALUES (1, 1293091237393469440, 0, 1, 3, 3.00, 0.00, 3.00, 2, 0, 0.00, 0.00, 4.00, 0, 0, '', '', '2020-08-11 00:00:00', 1, 0, 1, 0, 1, '', 0.00, 0, '', 0, 0.00, '', '', 1, 1, '2020-08-11 15:45:50', '2020-08-11 15:45:50');
INSERT INTO `kbsm_order` VALUES (2, 1293094768045330432, 0, 1, 3, 0.10, 0.00, 0.10, 2, 0, 0.00, 0.00, 4.00, 0, 0, '', '', '2020-08-11 00:00:00', 1, 0, 1, 0, 1, '', 0.00, 0, '', 0, 0.00, '', '', 1, 1, '2020-08-11 15:59:51', '2020-08-11 15:59:51');
INSERT INTO `kbsm_order` VALUES (3, 1293095051462840320, 0, 1, 3, 0.10, 0.00, 0.10, 2, 0, 0.00, 0.00, 4.00, 0, 0, '', '', '2020-08-11 00:00:00', 1, 0, 1, 0, 1, '', 0.00, 0, '', 0, 0.00, '', '', 1, 1, '2020-08-11 16:00:59', '2020-08-11 16:00:59');
INSERT INTO `kbsm_order` VALUES (4, 1293095526622957568, 0, 1, 3, 0.10, 0.00, 0.10, 2, 0, 0.00, 0.00, 4.00, 0, 0, '', '', '2020-08-11 00:00:00', 1, 0, 1, 0, 1, '', 0.00, 0, '', 0, 0.00, '', '', 1, 1, '2020-08-11 16:02:52', '2020-08-11 16:02:52');
INSERT INTO `kbsm_order` VALUES (5, 1293095574006009856, 0, 1, 3, 0.10, 0.00, 0.10, 2, 0, 0.00, 0.00, 4.00, 0, 0, '', '', '2020-08-11 00:00:00', 1, 0, 1, 0, 1, '', 0.00, 0, '', 0, 0.00, '', '', 1, 1, '2020-08-11 16:03:04', '2020-08-11 16:03:04');
INSERT INTO `kbsm_order` VALUES (6, 1321365712379449344, 0, 1, 3, 0.10, 0.00, 0.10, 2, 0, 0.00, 0.00, 4.00, 0, 0, '', '', '2020-10-28 00:00:00', 1, 0, 1, 0, 1, '', 0.00, 0, '', 0, 0.00, '', '', 5, 1, '2020-10-28 16:18:43', '2020-10-28 16:18:43');
INSERT INTO `kbsm_order` VALUES (7, 1321365782759870464, 0, 1, 3, 0.10, 0.00, 0.10, 2, 0, 0.00, 0.00, 4.00, 0, 0, '', '', '2020-10-28 00:00:00', 1, 0, 1, 0, 1, '', 0.00, 0, '', 0, 0.00, '', '', 5, 1, '2020-10-28 16:18:50', '2020-10-28 16:18:50');
INSERT INTO `kbsm_order` VALUES (8, 1321365873306505216, 0, 1, 3, 0.10, 0.00, 0.10, 2, 0, 0.00, 0.00, 4.00, 0, 0, '', '', '2020-10-28 00:00:00', 1, 0, 1, 0, 1, '', 0.00, 0, '', 0, 0.00, '', '', 5, 1, '2020-10-28 16:19:08', '2020-10-28 16:19:08');
INSERT INTO `kbsm_order` VALUES (9, 1321366656563417088, 0, 1, 3, 0.10, 0.00, 0.10, 2, 0, 0.00, 0.00, 4.00, 0, 0, '', '', '2020-10-28 00:00:00', 1, 0, 1, 0, 1, '', 0.00, 0, '', 0, 0.00, '', '', 5, 1, '2020-10-28 16:22:15', '2020-10-28 16:22:15');
INSERT INTO `kbsm_order` VALUES (10, 1321366698208661504, 0, 1, 3, 0.10, 0.00, 0.10, 2, 0, 0.00, 0.00, 4.00, 0, 0, '', '', '2020-10-28 00:00:00', 1, 0, 1, 0, 1, '', 0.00, 0, '', 0, 0.00, '', '', 5, 1, '2020-10-28 16:22:25', '2020-10-28 16:22:25');
INSERT INTO `kbsm_order` VALUES (11, 1321368185886347264, 0, 1, 3, 0.10, 0.00, 0.10, 1, 0, 0.00, 0.00, 4.00, 0, 0, '', '', '2020-10-28 00:00:00', 1, 0, 1, 0, 1, '', 0.00, 0, '', 0, 0.00, '', '', 5, 1, '2020-10-28 16:28:20', '2020-10-28 16:28:20');
INSERT INTO `kbsm_order` VALUES (12, 1321372800681906176, 0, 1, 3, 0.10, 0.00, 0.10, 1, 0, 0.00, 0.00, 4.00, 0, 0, '', '', '2020-10-28 00:00:00', 1, 0, 1, 0, 1, '', 0.00, 0, '', 0, 0.00, '', '', 5, 1, '2020-10-28 16:46:40', '2020-10-28 16:46:40');
INSERT INTO `kbsm_order` VALUES (13, 1321376601593745408, 0, 1, 3, 2.00, 0.00, 2.00, 1, 0, 0.00, 0.00, 4.00, 0, 0, '', '', '2020-10-28 00:00:00', 1, 0, 1, 0, 1, '', 0.00, 0, '', 0, 0.00, '', '', 5, 1, '2020-10-28 17:01:49', '2020-10-28 17:01:49');
INSERT INTO `kbsm_order` VALUES (14, 1321632058774261760, 0, 1, 3, 2.00, 0.00, 2.00, 1, 0, 0.00, 0.00, 4.00, 0, 0, '', '', '2020-10-29 00:00:00', 1, 0, 1, 0, 1, '', 0.00, 0, '', 0, 0.00, '', '', 5, 1, '2020-10-29 09:56:52', '2020-10-29 09:56:52');

-- ----------------------------
-- Table structure for kbsm_order_address
-- ----------------------------
DROP TABLE IF EXISTS `kbsm_order_address`;
CREATE TABLE `kbsm_order_address`  (
  `id` int(11) UNSIGNED NOT NULL AUTO_INCREMENT COMMENT '地址id',
  `name` varchar(30) CHARACTER SET utf8 COLLATE utf8_general_ci NOT NULL DEFAULT '' COMMENT '收货人姓名',
  `phone` varchar(20) CHARACTER SET utf8 COLLATE utf8_general_ci NOT NULL DEFAULT '' COMMENT '联系电话',
  `location` varchar(50) CHARACTER SET utf8 COLLATE utf8_general_ci NOT NULL DEFAULT '' COMMENT '位置坐标',
  `province` varchar(20) CHARACTER SET utf8 COLLATE utf8_general_ci NOT NULL DEFAULT '' COMMENT '所在省份',
  `city` varchar(20) CHARACTER SET utf8 COLLATE utf8_general_ci NOT NULL DEFAULT '' COMMENT '所在城市',
  `district` varchar(20) CHARACTER SET utf8 COLLATE utf8_general_ci NOT NULL DEFAULT '' COMMENT '所在区/县',
  `detail` varchar(255) CHARACTER SET utf8 COLLATE utf8_general_ci NOT NULL DEFAULT '' COMMENT '详细地址',
  `order_no` bigint(11) UNSIGNED NOT NULL DEFAULT 0 COMMENT '订单id',
  `user_id` int(11) UNSIGNED NOT NULL DEFAULT 0 COMMENT '用户id',
  `wxapp_id` int(11) UNSIGNED NOT NULL DEFAULT 0 COMMENT '小程序id',
  `gmt_create` datetime(0) NOT NULL DEFAULT CURRENT_TIMESTAMP(0) COMMENT '创建时间',
  `gmt_modified` datetime(0) NOT NULL DEFAULT CURRENT_TIMESTAMP(0) COMMENT '更新时间',
  PRIMARY KEY (`id`) USING BTREE
) ENGINE = InnoDB AUTO_INCREMENT = 42 CHARACTER SET = utf8 COLLATE = utf8_general_ci ROW_FORMAT = DYNAMIC;

-- ----------------------------
-- Records of kbsm_order_address
-- ----------------------------
INSERT INTO `kbsm_order_address` VALUES (1, '', ' 1333333333', '', 'xx省', 'xx市', 'xx县', 'xx栋', 1, 1, 0, '2020-07-20 14:25:55', '2020-07-20 14:25:55');
INSERT INTO `kbsm_order_address` VALUES (2, 'dfff', '15555555555', '28.23529,112.93134', '湖南省', '长沙市', '岳麓区', 'ttt', 0, 1, 1, '2020-07-27 16:15:02', '2020-07-27 16:15:02');
INSERT INTO `kbsm_order_address` VALUES (3, 'dfff', '15555555555', '28.23529,112.93134', '湖南省', '长沙市', '岳麓区', 'ttt', 1287664711936118784, 1, 1, '2020-07-27 16:22:45', '2020-07-27 16:22:45');
INSERT INTO `kbsm_order_address` VALUES (4, 'dfff', '15555555555', '28.23529,112.93134', '湖南省', '长沙市', '岳麓区', 'ttt', 1287684157438300160, 1, 1, '2020-07-27 17:40:01', '2020-07-27 17:40:01');
INSERT INTO `kbsm_order_address` VALUES (5, 'dfff', '15555555555', '28.23529,112.93134', '湖南省', '长沙市', '岳麓区', 'ttt', 1287684469737787392, 1, 1, '2020-07-27 17:41:16', '2020-07-27 17:41:16');
INSERT INTO `kbsm_order_address` VALUES (6, 'dfff', '15555555555', '28.23529,112.93134', '湖南省', '长沙市', '岳麓区', 'ttt', 1288046390236286976, 1, 1, '2020-07-28 17:39:24', '2020-07-28 17:39:24');
INSERT INTO `kbsm_order_address` VALUES (7, 'dfff', '15555555555', '28.23529,112.93134', '湖南省', '长沙市', '岳麓区', 'ttt', 1288786310751981568, 1, 1, '2020-07-30 18:39:35', '2020-07-30 18:39:35');
INSERT INTO `kbsm_order_address` VALUES (8, 'dfff', '15555555555', '28.23529,112.93134', '湖南省', '长沙市', '岳麓区', 'ttt', 1290837852439056384, 1, 1, '2020-08-05 10:31:41', '2020-08-05 10:31:41');
INSERT INTO `kbsm_order_address` VALUES (9, 'dfff', '15555555555', '28.23529,112.93134', '湖南省', '长沙市', '岳麓区', 'ttt', 1290851039553130496, 1, 1, '2020-08-05 11:24:05', '2020-08-05 11:24:05');
INSERT INTO `kbsm_order_address` VALUES (10, 'dfff', '15555555555', '28.23529,112.93134', '湖南省', '长沙市', '岳麓区', 'ttt', 1290851124437454848, 1, 1, '2020-08-05 11:24:25', '2020-08-05 11:24:25');
INSERT INTO `kbsm_order_address` VALUES (11, '', '', '', '', '', '', '', 1290860662024704000, 0, 0, '2020-08-05 12:02:19', '2020-08-05 12:02:19');
INSERT INTO `kbsm_order_address` VALUES (12, '', '', '', '', '', '', '', 1291952311920365568, 0, 0, '2020-08-08 12:20:09', '2020-08-08 12:20:09');
INSERT INTO `kbsm_order_address` VALUES (13, '', '', '', '', '', '', '', 1291952525783732224, 0, 0, '2020-08-08 12:21:00', '2020-08-08 12:21:00');
INSERT INTO `kbsm_order_address` VALUES (14, '', '', '', '', '', '', '', 1291952664980099072, 0, 0, '2020-08-08 12:21:33', '2020-08-08 12:21:33');
INSERT INTO `kbsm_order_address` VALUES (15, 'dfff', '15555555555', '28.23529,112.93134', '湖南省', '长沙市', '岳麓区', 'ttt', 1291952944161361920, 1, 1, '2020-08-08 12:22:39', '2020-08-08 12:22:39');
INSERT INTO `kbsm_order_address` VALUES (16, 'dfff', '15555555555', '28.23529,112.93134', '湖南省', '长沙市', '岳麓区', 'ttt', 1291953106782916608, 1, 1, '2020-08-08 12:23:18', '2020-08-08 12:23:18');
INSERT INTO `kbsm_order_address` VALUES (17, '', '', '', '', '', '', '', 1291961920110333952, 0, 0, '2020-08-08 12:58:19', '2020-08-08 12:58:19');
INSERT INTO `kbsm_order_address` VALUES (18, '', '', '', '', '', '', '', 1291962096153661440, 0, 0, '2020-08-08 12:59:01', '2020-08-08 12:59:01');
INSERT INTO `kbsm_order_address` VALUES (19, '', '', '', '', '', '', '', 1291963090283401216, 0, 0, '2020-08-08 13:02:58', '2020-08-08 13:02:58');
INSERT INTO `kbsm_order_address` VALUES (20, '', '', '', '', '', '', '', 1291963287772205056, 0, 0, '2020-08-08 13:03:46', '2020-08-08 13:03:46');
INSERT INTO `kbsm_order_address` VALUES (21, 'dfff', '15555555555', '28.23529,112.93134', '湖南省', '长沙市', '岳麓区', 'ttt', 1293091237393469440, 1, 1, '2020-08-11 15:45:50', '2020-08-11 15:45:50');
INSERT INTO `kbsm_order_address` VALUES (22, 'dfff', '15555555555', '28.23529,112.93134', '湖南省', '长沙市', '岳麓区', 'ttt', 1293094768045330432, 1, 1, '2020-08-11 15:59:51', '2020-08-11 15:59:51');
INSERT INTO `kbsm_order_address` VALUES (23, 'dfff', '15555555555', '28.23529,112.93134', '湖南省', '长沙市', '岳麓区', 'ttt', 1293095051462840320, 1, 1, '2020-08-11 16:00:59', '2020-08-11 16:00:59');
INSERT INTO `kbsm_order_address` VALUES (24, 'dfff', '15555555555', '28.23529,112.93134', '湖南省', '长沙市', '岳麓区', 'ttt', 1293095526622957568, 1, 1, '2020-08-11 16:02:52', '2020-08-11 16:02:52');
INSERT INTO `kbsm_order_address` VALUES (25, 'dfff', '15555555555', '28.23529,112.93134', '湖南省', '长沙市', '岳麓区', 'ttt', 1293095574006009856, 1, 1, '2020-08-11 16:03:04', '2020-08-11 16:03:04');
INSERT INTO `kbsm_order_address` VALUES (26, '', '', '', '', '', '', '', 1321365712379449344, 0, 0, '2020-10-28 16:18:43', '2020-10-28 16:18:43');
INSERT INTO `kbsm_order_address` VALUES (27, '', '', '', '', '', '', '', 1321365782759870464, 0, 0, '2020-10-28 16:18:50', '2020-10-28 16:18:50');
INSERT INTO `kbsm_order_address` VALUES (28, '', '', '', '', '', '', '', 1321365873306505216, 0, 0, '2020-10-28 16:19:08', '2020-10-28 16:19:08');
INSERT INTO `kbsm_order_address` VALUES (29, '', '', '', '', '', '', '', 1321366656563417088, 0, 0, '2020-10-28 16:22:15', '2020-10-28 16:22:15');
INSERT INTO `kbsm_order_address` VALUES (30, '', '', '', '', '', '', '', 1321366698208661504, 0, 0, '2020-10-28 16:22:25', '2020-10-28 16:22:25');
INSERT INTO `kbsm_order_address` VALUES (31, '', '', '', '', '', '', '', 1321368185886347264, 0, 0, '2020-10-28 16:28:20', '2020-10-28 16:28:20');
INSERT INTO `kbsm_order_address` VALUES (32, '', '', '', '', '', '', '', 1321372800681906176, 0, 0, '2020-10-28 16:46:40', '2020-10-28 16:46:40');
INSERT INTO `kbsm_order_address` VALUES (40, '', '', '', '', '', '', '', 1321376601593745408, 0, 0, '2020-10-28 17:01:47', '2020-10-28 17:01:47');
INSERT INTO `kbsm_order_address` VALUES (41, '', '', '', '', '', '', '', 1321632058774261760, 0, 0, '2020-10-29 09:56:52', '2020-10-29 09:56:52');

-- ----------------------------
-- Table structure for kbsm_order_goods
-- ----------------------------
DROP TABLE IF EXISTS `kbsm_order_goods`;
CREATE TABLE `kbsm_order_goods`  (
  `id` int(11) UNSIGNED NOT NULL AUTO_INCREMENT COMMENT '主键id',
  `goods_id` int(11) UNSIGNED NOT NULL DEFAULT 0 COMMENT '商品id',
  `goods_name` varchar(255) CHARACTER SET utf8 COLLATE utf8_general_ci NOT NULL DEFAULT '' COMMENT '商品名称',
  `image_id` int(11) UNSIGNED NOT NULL DEFAULT 0 COMMENT '商品封面图id',
  `deduct_stock_type` tinyint(3) UNSIGNED NOT NULL DEFAULT 2 COMMENT '库存计算方式(1下单减库存 2付款减库存)',
  `spec_type` tinyint(3) UNSIGNED NOT NULL DEFAULT 1 COMMENT '规格类型(1单规格 2多规格)',
  `spec_sku_id` varchar(255) CHARACTER SET utf8 COLLATE utf8_general_ci NOT NULL DEFAULT '' COMMENT '商品sku标识',
  `goods_spec_id` int(11) UNSIGNED NOT NULL DEFAULT 0 COMMENT '商品规格id',
  `goods_attr` varchar(500) CHARACTER SET utf8 COLLATE utf8_general_ci NOT NULL DEFAULT '' COMMENT '商品规格信息',
  `content` varchar(1024) CHARACTER SET utf8 COLLATE utf8_general_ci NOT NULL DEFAULT '' COMMENT '商品详情',
  `goods_no` varchar(100) CHARACTER SET utf8 COLLATE utf8_general_ci NOT NULL DEFAULT '' COMMENT '商品编码',
  `goods_price` decimal(10, 2) UNSIGNED NOT NULL DEFAULT 0.00 COMMENT '商品售价',
  `line_price` decimal(10, 2) UNSIGNED NOT NULL DEFAULT 0.00 COMMENT '商品划线价',
  `total_num` int(11) UNSIGNED NOT NULL DEFAULT 0 COMMENT '购买数量',
  `total_price` decimal(10, 2) UNSIGNED NOT NULL DEFAULT 0.00 COMMENT '商品总价',
  `order_no` bigint(11) UNSIGNED NOT NULL DEFAULT 0 COMMENT '订单号',
  `user_id` int(11) UNSIGNED NOT NULL DEFAULT 0 COMMENT '用户id',
  `wxapp_id` int(11) UNSIGNED NOT NULL DEFAULT 0 COMMENT '小程序id',
  `gmt_create` datetime(0) NOT NULL DEFAULT CURRENT_TIMESTAMP(0) COMMENT '创建时间',
  `gmt_modified` datetime(0) NOT NULL DEFAULT CURRENT_TIMESTAMP(0) COMMENT '更新时间',
  PRIMARY KEY (`id`) USING BTREE
) ENGINE = InnoDB AUTO_INCREMENT = 40 CHARACTER SET = utf8 COLLATE = utf8_general_ci ROW_FORMAT = DYNAMIC;

-- ----------------------------
-- Records of kbsm_order_goods
-- ----------------------------
INSERT INTO `kbsm_order_goods` VALUES (6, 6, '腐竹炒肉', 13, 2, 1, '6', 10, '', '', '', 3.00, 0.00, 1, 0.00, 1293091237393469440, 1, 1, '2020-07-09 18:15:36', '2020-07-09 18:15:36');
INSERT INTO `kbsm_order_goods` VALUES (7, 1, '辣椒炒肉', 13, 2, 2, '1', 9, '无辣椒', '', '', 0.10, 0.00, 1, 0.00, 1293094768045330432, 1, 1, '2020-07-09 18:15:36', '2020-07-09 18:15:36');
INSERT INTO `kbsm_order_goods` VALUES (8, 1, '辣椒炒肉', 13, 2, 2, '1', 9, '无辣椒', '', '', 0.10, 0.00, 1, 0.00, 1293095051462840320, 1, 1, '2020-07-09 18:15:36', '2020-07-09 18:15:36');
INSERT INTO `kbsm_order_goods` VALUES (9, 1, '辣椒炒肉', 13, 2, 2, '1', 9, '无辣椒', '', '', 0.10, 0.00, 1, 0.00, 1293095526622957568, 1, 1, '2020-07-09 18:15:36', '2020-07-09 18:15:36');
INSERT INTO `kbsm_order_goods` VALUES (10, 1, '辣椒炒肉', 13, 2, 2, '1', 9, '无辣椒', '', '', 0.10, 0.00, 1, 0.00, 1293095574006009856, 1, 1, '2020-07-09 18:15:36', '2020-07-09 18:15:36');
INSERT INTO `kbsm_order_goods` VALUES (24, 1, '辣椒炒肉', 13, 2, 2, '1', 9, '无辣椒', '', '', 0.10, 0.00, 1, 0.00, 1321365712379449344, 5, 1, '2020-07-09 18:15:36', '2020-07-09 18:15:36');
INSERT INTO `kbsm_order_goods` VALUES (25, 1, '辣椒炒肉', 13, 2, 2, '1', 9, '无辣椒', '', '', 0.10, 0.00, 1, 0.00, 1321365782759870464, 5, 1, '2020-07-09 18:15:36', '2020-07-09 18:15:36');
INSERT INTO `kbsm_order_goods` VALUES (26, 1, '辣椒炒肉', 13, 2, 2, '1', 9, '无辣椒', '', '', 0.10, 0.00, 1, 0.00, 1321365873306505216, 5, 1, '2020-07-09 18:15:36', '2020-07-09 18:15:36');
INSERT INTO `kbsm_order_goods` VALUES (27, 1, '辣椒炒肉', 13, 2, 2, '1', 9, '无辣椒', '', '', 0.10, 0.00, 1, 0.00, 1321366656563417088, 5, 1, '2020-07-09 18:15:36', '2020-07-09 18:15:36');
INSERT INTO `kbsm_order_goods` VALUES (28, 1, '辣椒炒肉', 13, 2, 2, '1', 9, '无辣椒', '', '', 0.10, 0.00, 1, 0.00, 1321366698208661504, 5, 1, '2020-07-09 18:15:36', '2020-07-09 18:15:36');
INSERT INTO `kbsm_order_goods` VALUES (29, 1, '辣椒炒肉', 13, 2, 2, '1', 9, '无辣椒', '', '', 0.10, 0.00, 1, 0.00, 1321368185886347264, 5, 1, '2020-07-09 18:15:36', '2020-07-09 18:15:36');
INSERT INTO `kbsm_order_goods` VALUES (30, 1, '辣椒炒肉', 13, 2, 2, '1', 9, '无辣椒', '', '', 0.10, 0.00, 1, 0.00, 1321372800681906176, 5, 1, '2020-07-09 18:15:36', '2020-07-09 18:15:36');
INSERT INTO `kbsm_order_goods` VALUES (38, 2, '香干炒肉', 13, 2, 1, '2', 5, '', '', '', 1.00, 0.00, 2, 0.00, 1321376601593745408, 5, 1, '2020-07-09 18:15:36', '2020-07-09 18:15:36');
INSERT INTO `kbsm_order_goods` VALUES (39, 3, '香菇炒肉', 13, 2, 1, '3', 6, '', '', '', 2.00, 0.00, 1, 0.00, 1321632058774261760, 5, 1, '2020-07-09 18:15:36', '2020-07-09 18:15:36');

-- ----------------------------
-- Table structure for kbsm_recharge
-- ----------------------------
DROP TABLE IF EXISTS `kbsm_recharge`;
CREATE TABLE `kbsm_recharge`  (
  `id` int(11) UNSIGNED NOT NULL AUTO_INCREMENT COMMENT '充值id',
  `mode` tinyint(3) UNSIGNED NOT NULL DEFAULT 1 COMMENT '充值方式(1自助充值 2后台充值)',
  `order_no` bigint(20) NOT NULL COMMENT '订单号',
  `money` int(11) UNSIGNED NOT NULL DEFAULT 0 COMMENT '充值金额',
  `gift_money` int(11) UNSIGNED NOT NULL DEFAULT 0 COMMENT '赠送金额',
  `recharge_plan_id` int(11) UNSIGNED NOT NULL DEFAULT 0 COMMENT '套餐ID',
  `user_id` int(11) UNSIGNED NOT NULL DEFAULT 0 COMMENT '用户ID',
  `pay_status` tinyint(3) UNSIGNED NOT NULL DEFAULT 1 COMMENT '支付状态(1待付款 2已付款)',
  `pay_time` int(11) UNSIGNED NOT NULL DEFAULT 0 COMMENT '支付时间',
  `transaction_id` varchar(30) CHARACTER SET utf8 COLLATE utf8_general_ci NOT NULL DEFAULT '' COMMENT '微信支付交易号',
  `shop_id` int(11) UNSIGNED NOT NULL DEFAULT 0 COMMENT '门店id',
  `wxapp_id` int(11) UNSIGNED NOT NULL DEFAULT 0 COMMENT '小程序id',
  `gmt_create` datetime(0) NOT NULL DEFAULT CURRENT_TIMESTAMP(0) COMMENT '创建时间',
  `gmt_modified` datetime(0) NOT NULL DEFAULT CURRENT_TIMESTAMP(0) COMMENT '更新时间',
  PRIMARY KEY (`id`) USING BTREE,
  UNIQUE INDEX `order_no`(`order_no`) USING BTREE
) ENGINE = InnoDB AUTO_INCREMENT = 14 CHARACTER SET = utf8 COLLATE = utf8_general_ci ROW_FORMAT = DYNAMIC;

-- ----------------------------
-- Records of kbsm_recharge
-- ----------------------------
INSERT INTO `kbsm_recharge` VALUES (1, 1, 1285775417407574016, 50, 2, 1, 1, 1, 0, '', 0, 1, '2020-07-22 11:15:22', '2020-07-22 11:15:22');
INSERT INTO `kbsm_recharge` VALUES (2, 1, 1285775591139840000, 50, 2, 1, 1, 1, 0, '', 0, 1, '2020-07-22 11:16:04', '2020-07-22 11:16:04');
INSERT INTO `kbsm_recharge` VALUES (3, 1, 1285775613923299328, 50, 2, 1, 1, 1, 0, '', 0, 1, '2020-07-22 11:16:09', '2020-07-22 11:16:09');
INSERT INTO `kbsm_recharge` VALUES (4, 1, 1285775826331242496, 50, 2, 1, 1, 1, 0, '', 0, 1, '2020-07-22 11:17:00', '2020-07-22 11:17:00');
INSERT INTO `kbsm_recharge` VALUES (5, 1, 1285776019592187904, 50, 2, 1, 1, 1, 0, '', 0, 1, '2020-07-22 11:17:46', '2020-07-22 11:17:46');
INSERT INTO `kbsm_recharge` VALUES (6, 1, 1285776039280250880, 50, 2, 1, 1, 1, 0, '', 0, 1, '2020-07-22 11:17:51', '2020-07-22 11:17:51');
INSERT INTO `kbsm_recharge` VALUES (7, 1, 1285776116040208384, 50, 2, 1, 1, 1, 0, '', 0, 1, '2020-07-22 11:18:09', '2020-07-22 11:18:09');
INSERT INTO `kbsm_recharge` VALUES (8, 1, 1285776413814820864, 50, 2, 1, 1, 1, 0, '', 0, 1, '2020-07-22 11:19:20', '2020-07-22 11:19:20');
INSERT INTO `kbsm_recharge` VALUES (9, 1, 1285794292266307584, 50, 2, 1, 1, 1, 0, '', 0, 1, '2020-07-22 12:30:22', '2020-07-22 12:30:22');
INSERT INTO `kbsm_recharge` VALUES (10, 1, 1285794320896626688, 50, 2, 1, 1, 1, 0, '', 0, 1, '2020-07-22 12:30:29', '2020-07-22 12:30:29');
INSERT INTO `kbsm_recharge` VALUES (11, 1, 1285795424459952128, 1, 1, 2, 1, 2, 0, '', 0, 1, '2020-07-22 12:34:52', '2020-07-22 12:34:52');
INSERT INTO `kbsm_recharge` VALUES (12, 1, 1321651299854454784, 50, 2, 1, 5, 1, 0, '', 1, 1, '2020-10-29 11:13:19', '2020-10-29 11:13:19');
INSERT INTO `kbsm_recharge` VALUES (13, 1, 1321651499683680256, 50, 2, 1, 5, 1, 0, '', 1, 1, '2020-10-29 11:14:07', '2020-10-29 11:14:07');

-- ----------------------------
-- Table structure for kbsm_recharge_plan
-- ----------------------------
DROP TABLE IF EXISTS `kbsm_recharge_plan`;
CREATE TABLE `kbsm_recharge_plan`  (
  `id` int(11) UNSIGNED NOT NULL AUTO_INCREMENT COMMENT '充值套餐id',
  `plan_name` varchar(50) CHARACTER SET utf8 COLLATE utf8_general_ci NOT NULL DEFAULT '' COMMENT '套餐名称',
  `money` int(11) UNSIGNED NOT NULL DEFAULT 0 COMMENT '充值金额',
  `gift_money` int(11) UNSIGNED NOT NULL DEFAULT 0 COMMENT '赠送金额',
  `sort` int(11) UNSIGNED NOT NULL DEFAULT 100 COMMENT '排序方式(数字越小越靠前)',
  `wxapp_id` int(11) UNSIGNED NOT NULL DEFAULT 0 COMMENT '小程序id',
  `gmt_create` datetime(0) NOT NULL DEFAULT CURRENT_TIMESTAMP(0) COMMENT '创建时间',
  `gmt_modified` datetime(0) NOT NULL DEFAULT CURRENT_TIMESTAMP(0) COMMENT '更新时间',
  PRIMARY KEY (`id`) USING BTREE
) ENGINE = InnoDB AUTO_INCREMENT = 3 CHARACTER SET = utf8 COLLATE = utf8_general_ci ROW_FORMAT = DYNAMIC;

-- ----------------------------
-- Records of kbsm_recharge_plan
-- ----------------------------
INSERT INTO `kbsm_recharge_plan` VALUES (1, '满50减赠送2元', 50, 2, 100, 1, '2020-07-22 10:12:41', '2020-07-22 10:12:41');
INSERT INTO `kbsm_recharge_plan` VALUES (2, '测试冲1送1', 1, 1, 100, 1, '2020-07-22 12:31:15', '2020-07-22 12:31:15');

-- ----------------------------
-- Table structure for kbsm_shop
-- ----------------------------
DROP TABLE IF EXISTS `kbsm_shop`;
CREATE TABLE `kbsm_shop`  (
  `id` int(11) UNSIGNED NOT NULL AUTO_INCREMENT COMMENT '主键',
  `shop_name` varchar(50) CHARACTER SET utf8 COLLATE utf8_general_ci NOT NULL DEFAULT '' COMMENT '门店名称',
  `logo_image_id` int(11) UNSIGNED NOT NULL DEFAULT 0 COMMENT '门店logo',
  `linkman` varchar(20) CHARACTER SET utf8 COLLATE utf8_general_ci NOT NULL DEFAULT '' COMMENT '联系人',
  `phone` varchar(20) CHARACTER SET utf8 COLLATE utf8_general_ci NOT NULL DEFAULT '' COMMENT '联系电话',
  `shop_hours` varchar(20) CHARACTER SET utf8 COLLATE utf8_general_ci NOT NULL DEFAULT '' COMMENT '营业时间',
  `province` varchar(20) CHARACTER SET utf8 COLLATE utf8_general_ci NOT NULL DEFAULT '' COMMENT '所在省份',
  `city` varchar(20) CHARACTER SET utf8 COLLATE utf8_general_ci NOT NULL DEFAULT '' COMMENT '所在城市',
  `district` varchar(20) CHARACTER SET utf8 COLLATE utf8_general_ci NOT NULL DEFAULT '' COMMENT '所在区/县',
  `address` varchar(50) CHARACTER SET utf8 COLLATE utf8_general_ci NOT NULL DEFAULT '' COMMENT '详细地址',
  `coordinate` varchar(50) CHARACTER SET utf8 COLLATE utf8_general_ci NOT NULL DEFAULT '' COMMENT '门店坐标',
  `summary` varchar(255) CHARACTER SET utf8 COLLATE utf8_general_ci NOT NULL DEFAULT '' COMMENT '门店简介',
  `food_mode` varchar(255) CHARACTER SET utf8 COLLATE utf8_general_ci NOT NULL DEFAULT '[\"1\",\"2\",\"3\"]' COMMENT '点餐模式 1店内就餐 2打包带走 3外卖直达 4到店自取',
  `tang_mode` tinyint(3) UNSIGNED NOT NULL DEFAULT 1 COMMENT '堂食模式(1选桌 2排号)',
  `is_check` tinyint(3) UNSIGNED NOT NULL DEFAULT 1 COMMENT '自提核销(1开启 0关闭)',
  `status` tinyint(3) UNSIGNED NOT NULL DEFAULT 1 COMMENT '门店状态(1开启 0关闭)',
  `sort` int(11) UNSIGNED NOT NULL DEFAULT 100 COMMENT '排序(数字越小越靠前)',
  `wxapp_id` bigint(11) UNSIGNED NOT NULL DEFAULT 0 COMMENT '小程序id',
  `gmt_create` datetime(0) NOT NULL DEFAULT CURRENT_TIMESTAMP(0) COMMENT '创建时间',
  `gmt_modified` datetime(0) NOT NULL DEFAULT CURRENT_TIMESTAMP(0) COMMENT '更新时间',
  PRIMARY KEY (`id`) USING BTREE
) ENGINE = InnoDB AUTO_INCREMENT = 3 CHARACTER SET = utf8 COLLATE = utf8_general_ci ROW_FORMAT = DYNAMIC;

-- ----------------------------
-- Records of kbsm_shop
-- ----------------------------
INSERT INTO `kbsm_shop` VALUES (1, '店铺1', 13, '联系人', '1555555555', '9:00-20:00', '湖南省', '长沙市', '岳麓区', '湖南省长沙市岳麓区', '28.1223,112.93134', '门店简介', '[\"1\",\"2\",\"3\",\"9\"]', 1, 1, 1, 100, 1, '2020-07-04 19:29:34', '2020-07-04 19:29:34');
INSERT INTO `kbsm_shop` VALUES (2, '店铺2', 13, '联系人', '1555555555', '9:00-20:00', '湖南省', '长沙市', '岳麓区', '湖南省长沙市岳麓区', '28.1223,112.93134', '门店简介', '[\"1\",\"2\",\"3\",\"9\"]', 1, 1, 1, 100, 1, '2020-07-04 19:29:34', '2020-07-04 19:29:34');

-- ----------------------------
-- Table structure for kbsm_shop_clerk
-- ----------------------------
DROP TABLE IF EXISTS `kbsm_shop_clerk`;
CREATE TABLE `kbsm_shop_clerk`  (
  `id` int(11) UNSIGNED NOT NULL AUTO_INCREMENT COMMENT '主键',
  `union_id` varchar(50) CHARACTER SET utf8 COLLATE utf8_general_ci NOT NULL DEFAULT '' COMMENT '开放平台识别号',
  `user_id` int(11) UNSIGNED NOT NULL DEFAULT 0 COMMENT '用户ID',
  `shop_id` int(11) UNSIGNED NOT NULL DEFAULT 0 COMMENT '门店ID',
  `real_name` varchar(20) CHARACTER SET utf8 COLLATE utf8_general_ci NOT NULL DEFAULT '' COMMENT '店员姓名',
  `mobile` varchar(20) CHARACTER SET utf8 COLLATE utf8_general_ci NOT NULL DEFAULT '' COMMENT '手机号',
  `pwd` varchar(50) CHARACTER SET utf8 COLLATE utf8_general_ci NOT NULL DEFAULT '' COMMENT '密码',
  `status` tinyint(3) UNSIGNED NOT NULL DEFAULT 1 COMMENT '身份(1店员 2店长 3 配送)',
  `wxapp_id` int(11) UNSIGNED NOT NULL DEFAULT 0 COMMENT '小程序id',
  `gmt_create` datetime(0) NOT NULL DEFAULT CURRENT_TIMESTAMP(0) COMMENT '创建时间',
  `gmt_modified` datetime(0) NOT NULL DEFAULT CURRENT_TIMESTAMP(0) COMMENT '更新时间',
  PRIMARY KEY (`id`) USING BTREE
) ENGINE = InnoDB AUTO_INCREMENT = 2 CHARACTER SET = utf8 COLLATE = utf8_general_ci ROW_FORMAT = DYNAMIC;

-- ----------------------------
-- Records of kbsm_shop_clerk
-- ----------------------------
INSERT INTO `kbsm_shop_clerk` VALUES (1, '', 1, 1, 'test', '1733333333', '', 1, 0, '2020-07-22 10:12:07', '2020-07-22 10:12:07');

-- ----------------------------
-- Table structure for kbsm_table
-- ----------------------------
DROP TABLE IF EXISTS `kbsm_table`;
CREATE TABLE `kbsm_table`  (
  `id` int(11) UNSIGNED NOT NULL AUTO_INCREMENT COMMENT '餐桌id',
  `table_name` varchar(50) CHARACTER SET utf8 COLLATE utf8_general_ci NOT NULL DEFAULT '' COMMENT '餐桌名称',
  `people` int(11) UNSIGNED NOT NULL DEFAULT 0 COMMENT '容纳人数',
  `consume` decimal(10, 2) UNSIGNED NOT NULL DEFAULT 0.00 COMMENT '最低消费',
  `ware_price` decimal(10, 2) UNSIGNED NOT NULL DEFAULT 0.00 COMMENT '餐具调料费',
  `status` tinyint(3) UNSIGNED NOT NULL DEFAULT 1 COMMENT '状态(1闲 2忙)',
  `sort` int(11) UNSIGNED NOT NULL DEFAULT 100 COMMENT '排序方式(数字越小越靠前)',
  `shop_id` int(11) UNSIGNED NOT NULL DEFAULT 0 COMMENT '门店ID',
  `wxapp_id` int(11) UNSIGNED NOT NULL DEFAULT 0 COMMENT '小程序id',
  `gmt_create` datetime(0) NOT NULL DEFAULT CURRENT_TIMESTAMP(0) COMMENT '创建时间',
  `gmt_modified` datetime(0) NOT NULL DEFAULT CURRENT_TIMESTAMP(0) COMMENT '更新时间',
  PRIMARY KEY (`id`) USING BTREE
) ENGINE = InnoDB AUTO_INCREMENT = 2 CHARACTER SET = utf8 COLLATE = utf8_general_ci ROW_FORMAT = DYNAMIC;

-- ----------------------------
-- Records of kbsm_table
-- ----------------------------
INSERT INTO `kbsm_table` VALUES (1, '1号桌', 0, 0.00, 0.00, 1, 100, 0, 0, '2020-08-04 15:01:16', '2020-08-04 15:01:16');

-- ----------------------------
-- Table structure for kbsm_upload_file
-- ----------------------------
DROP TABLE IF EXISTS `kbsm_upload_file`;
CREATE TABLE `kbsm_upload_file`  (
  `id` int(11) UNSIGNED NOT NULL AUTO_INCREMENT COMMENT '文件id',
  `storage` varchar(20) CHARACTER SET utf8 COLLATE utf8_general_ci NOT NULL DEFAULT '' COMMENT '存储方式',
  `group_id` int(11) UNSIGNED NOT NULL DEFAULT 0 COMMENT '文件分组id',
  `file_url` varchar(255) CHARACTER SET utf8 COLLATE utf8_general_ci NOT NULL DEFAULT '' COMMENT '存储域名',
  `file_name` varchar(255) CHARACTER SET utf8 COLLATE utf8_general_ci NOT NULL DEFAULT '' COMMENT '文件路径',
  `file_size` int(11) UNSIGNED NOT NULL DEFAULT 0 COMMENT '文件大小(字节)',
  `file_type` varchar(20) CHARACTER SET utf8 COLLATE utf8_general_ci NOT NULL DEFAULT '' COMMENT '文件类型',
  `extension` varchar(20) CHARACTER SET utf8 COLLATE utf8_general_ci NOT NULL DEFAULT '' COMMENT '文件扩展名',
  `is_delete` tinyint(3) UNSIGNED NOT NULL DEFAULT 0 COMMENT '软删除',
  `wxapp_id` int(11) UNSIGNED NOT NULL DEFAULT 0 COMMENT '小程序id',
  `gmt_create` datetime(0) NOT NULL DEFAULT CURRENT_TIMESTAMP(0) COMMENT '创建时间',
  `gmt_modified` datetime(0) NOT NULL DEFAULT CURRENT_TIMESTAMP(0) COMMENT '更新时间',
  PRIMARY KEY (`id`) USING BTREE,
  UNIQUE INDEX `path_idx`(`file_name`) USING BTREE
) ENGINE = InnoDB AUTO_INCREMENT = 14 CHARACTER SET = utf8 COLLATE = utf8_general_ci ROW_FORMAT = DYNAMIC;

-- ----------------------------
-- Records of kbsm_upload_file
-- ----------------------------
INSERT INTO `kbsm_upload_file` VALUES (1, '', 0, '/res/', 'cp.png', 0, '', '', 0, 0, '2020-08-05 16:03:04', '2020-08-05 16:03:04');
INSERT INTO `kbsm_upload_file` VALUES (2, '', 0, 'http://localhost:8082/profile/upload/2020/08/09/3e7ae028-f331-469d-b5c5-a9421d10c48d.png', '/profile/upload/2020/08/09/3e7ae028-f331-469d-b5c5-a9421d10c48d.png', 0, '', '', 0, 0, '2020-08-09 19:04:33', '2020-08-09 19:04:33');
INSERT INTO `kbsm_upload_file` VALUES (3, '', 0, 'http://localhost:8082/profile/upload/2020/08/09/38586768-9fab-4db9-a00e-9d1edf451112.png', '/profile/upload/2020/08/09/38586768-9fab-4db9-a00e-9d1edf451112.png', 0, '', '', 0, 0, '2020-08-09 19:04:48', '2020-08-09 19:04:48');
INSERT INTO `kbsm_upload_file` VALUES (4, '', 0, 'http://localhost:8082/profile/upload/2020/08/09/5561e55e-df7a-45d3-813b-fdce6205163f.png', '/profile/upload/2020/08/09/5561e55e-df7a-45d3-813b-fdce6205163f.png', 0, '', '', 0, 0, '2020-08-09 19:07:07', '2020-08-09 19:07:07');
INSERT INTO `kbsm_upload_file` VALUES (5, '', 0, 'http://localhost:8082/profile/upload/2020/08/09/b68ff646-98f4-4f75-aeed-82d5faf34760.png', '/profile/upload/2020/08/09/b68ff646-98f4-4f75-aeed-82d5faf34760.png', 0, '', '', 0, 0, '2020-08-09 19:19:07', '2020-08-09 19:19:07');
INSERT INTO `kbsm_upload_file` VALUES (6, '', 0, 'http://localhost:8082/profile/upload/2020/08/10/4b11f86f-5a4a-4624-b102-592aae67b9b8.png', '/profile/upload/2020/08/10/4b11f86f-5a4a-4624-b102-592aae67b9b8.png', 0, '', '', 0, 0, '2020-08-10 10:31:24', '2020-08-10 10:31:24');
INSERT INTO `kbsm_upload_file` VALUES (7, '', 0, 'http://localhost:8082/profile/upload/2020/08/10/f77f9a51-29c7-4c3c-9983-14404f98dd98.jpg', '/profile/upload/2020/08/10/f77f9a51-29c7-4c3c-9983-14404f98dd98.jpg', 0, '', '', 0, 0, '2020-08-10 17:52:40', '2020-08-10 17:52:40');
INSERT INTO `kbsm_upload_file` VALUES (8, '', 0, 'http://localhost:8082/profile/upload/2020/08/10/638a810e-e244-4fbd-a8ae-b08fa9ebd9e5.png', '/profile/upload/2020/08/10/638a810e-e244-4fbd-a8ae-b08fa9ebd9e5.png', 0, '', '', 0, 0, '2020-08-10 17:54:27', '2020-08-10 17:54:27');
INSERT INTO `kbsm_upload_file` VALUES (9, '', 0, 'http://localhost:8082/profile/upload/2020/08/10/d7276dec-2f77-4dd4-93e4-aaa6ed362597.png', '/profile/upload/2020/08/10/d7276dec-2f77-4dd4-93e4-aaa6ed362597.png', 0, '', '', 0, 0, '2020-08-10 17:54:30', '2020-08-10 17:54:30');
INSERT INTO `kbsm_upload_file` VALUES (10, '', 0, 'http://localhost:8082/profile/upload/2020/08/10/76e2eff3-e35a-498d-8a91-69a517f1711f.png', '/profile/upload/2020/08/10/76e2eff3-e35a-498d-8a91-69a517f1711f.png', 0, '', '', 0, 0, '2020-08-10 18:04:17', '2020-08-10 18:04:17');
INSERT INTO `kbsm_upload_file` VALUES (11, '', 0, 'http://localhost:8082/profile/upload/2020/08/10/37d0be7a-b2c6-4969-884a-0e68cfba830c.png', '/profile/upload/2020/08/10/37d0be7a-b2c6-4969-884a-0e68cfba830c.png', 0, '', '', 0, 0, '2020-08-10 18:05:09', '2020-08-10 18:05:09');
INSERT INTO `kbsm_upload_file` VALUES (12, '', 0, 'http://localhost:8082/profile/upload/2020/08/10/bfff20e5-8858-4f28-8556-6907ad2738b2.png', '/profile/upload/2020/08/10/bfff20e5-8858-4f28-8556-6907ad2738b2.png', 0, '', '', 0, 0, '2020-08-10 18:05:11', '2020-08-10 18:05:11');
INSERT INTO `kbsm_upload_file` VALUES (13, '', 0, 'http://localhost:8082/profile/upload/2020/08/10/1132cd3d-5a4f-4e08-9da1-e741757075ed.jpg', '/profile/upload/2020/08/10/1132cd3d-5a4f-4e08-9da1-e741757075ed.jpg', 0, '', '', 0, 0, '2020-08-10 18:07:21', '2020-08-10 18:07:21');

-- ----------------------------
-- Table structure for kbsm_upload_group
-- ----------------------------
DROP TABLE IF EXISTS `kbsm_upload_group`;
CREATE TABLE `kbsm_upload_group`  (
  `group_id` int(11) UNSIGNED NOT NULL AUTO_INCREMENT COMMENT '分类id',
  `group_type` varchar(10) CHARACTER SET utf8 COLLATE utf8_general_ci NOT NULL DEFAULT '' COMMENT '文件类型',
  `group_name` varchar(30) CHARACTER SET utf8 COLLATE utf8_general_ci NOT NULL DEFAULT '' COMMENT '分类名称',
  `sort` int(11) UNSIGNED NOT NULL DEFAULT 0 COMMENT '分类排序(数字越小越靠前)',
  `wxapp_id` int(11) UNSIGNED NOT NULL DEFAULT 0 COMMENT '小程序id',
  `create_time` int(11) UNSIGNED NOT NULL DEFAULT 0 COMMENT '创建时间',
  `update_time` int(11) UNSIGNED NOT NULL DEFAULT 0 COMMENT '更新时间',
  PRIMARY KEY (`group_id`) USING BTREE,
  INDEX `type_index`(`group_type`) USING BTREE
) ENGINE = InnoDB AUTO_INCREMENT = 1 CHARACTER SET = utf8 COLLATE = utf8_general_ci ROW_FORMAT = DYNAMIC;

-- ----------------------------
-- Records of kbsm_upload_group
-- ----------------------------

-- ----------------------------
-- Table structure for kbsm_user
-- ----------------------------
DROP TABLE IF EXISTS `kbsm_user`;
CREATE TABLE `kbsm_user`  (
  `id` int(20) UNSIGNED NOT NULL AUTO_INCREMENT COMMENT '用户id（主键）',
  `scene` int(11) UNSIGNED NOT NULL DEFAULT 1001 COMMENT '进入场景',
  `union_id` varchar(255) CHARACTER SET utf8 COLLATE utf8_general_ci NOT NULL DEFAULT '' COMMENT '开放平台唯一标示',
  `open_id` varchar(255) CHARACTER SET utf8 COLLATE utf8_general_ci NOT NULL DEFAULT '' COMMENT '微信openid(唯一标示)',
  `type` tinyint(3) UNSIGNED NOT NULL DEFAULT 1 COMMENT '用户类型 1小程序，2公众号',
  `nickName` varchar(255) CHARACTER SET utf8 COLLATE utf8_general_ci NOT NULL DEFAULT '' COMMENT '微信昵称',
  `avatarUrl` varchar(255) CHARACTER SET utf8 COLLATE utf8_general_ci NOT NULL DEFAULT '' COMMENT '微信头像',
  `gender` tinyint(3) UNSIGNED NOT NULL DEFAULT 3 COMMENT '性别(1男，2女，3保密)',
  `country` varchar(50) CHARACTER SET utf8 COLLATE utf8_general_ci NOT NULL DEFAULT '' COMMENT '国家',
  `province` varchar(50) CHARACTER SET utf8 COLLATE utf8_general_ci NOT NULL DEFAULT '' COMMENT '省份',
  `city` varchar(50) CHARACTER SET utf8 COLLATE utf8_general_ci NOT NULL DEFAULT '' COMMENT '城市',
  `subscribe` tinyint(3) UNSIGNED NOT NULL DEFAULT 0 COMMENT '是否关注公众号1=关注，0=取消关注',
  `address_id` int(11) UNSIGNED NOT NULL DEFAULT 0 COMMENT '默认收货地址',
  `user_grade_id` int(11) UNSIGNED NOT NULL DEFAULT 0 COMMENT '用户等级id',
  `wallet` decimal(10, 2) UNSIGNED NOT NULL DEFAULT 0.00 COMMENT '钱包余额',
  `pay` decimal(10, 2) UNSIGNED NULL DEFAULT 0.00 COMMENT '消费金额',
  `score` int(11) UNSIGNED NOT NULL DEFAULT 0 COMMENT '用户积分',
  `mobile` varchar(15) CHARACTER SET utf8 COLLATE utf8_general_ci NOT NULL DEFAULT '' COMMENT '手机号码',
  `commission` decimal(10, 2) UNSIGNED NOT NULL DEFAULT 0.00 COMMENT '我的佣金',
  `recommender` int(11) UNSIGNED NOT NULL DEFAULT 0 COMMENT '推荐人',
  `is_dealer` tinyint(3) UNSIGNED NOT NULL DEFAULT 0 COMMENT '是否是分销商1=是，0=不是',
  `login_count` int(11) UNSIGNED NOT NULL DEFAULT 0 COMMENT '登录次数',
  `wxapp_id` int(11) UNSIGNED NOT NULL DEFAULT 0 COMMENT '小程序id',
  `gmt_create` datetime(0) NOT NULL DEFAULT CURRENT_TIMESTAMP(0) COMMENT '创建时间',
  `gmt_modified` datetime(0) NOT NULL DEFAULT CURRENT_TIMESTAMP(0) COMMENT '更新时间',
  PRIMARY KEY (`id`) USING BTREE,
  UNIQUE INDEX `openid`(`open_id`) USING BTREE
) ENGINE = InnoDB AUTO_INCREMENT = 6 CHARACTER SET = utf8 COLLATE = utf8_general_ci ROW_FORMAT = DYNAMIC;

-- ----------------------------
-- Records of kbsm_user
-- ----------------------------
INSERT INTO `kbsm_user` VALUES (1, 1044, '', 'ovFK_4qXRob2vrk5UMBTht1Fb7cw', 1, '', '', 3, '', '', '', 0, 2, 1, 2.00, 0.00, 10, '14444444444', 0.00, 0, 0, 0, 1, '2020-07-16 16:17:54', '2020-07-16 16:17:54');
INSERT INTO `kbsm_user` VALUES (2, 1001, '', 'ovFK_4nJ7YsDWQd5GEs0fgw0kqCk', 1, '', '', 3, '', '', '', 0, 0, 0, 0.00, 0.00, 0, '', 0.00, 10001, 0, 0, 1, '2020-08-05 11:45:37', '2020-08-05 11:45:37');
INSERT INTO `kbsm_user` VALUES (3, 1001, '', 'ovFK_4glcQa9mETWUX2trhY_Xors', 1, '', '', 3, '', '', '', 0, 0, 0, 0.00, 0.00, 0, '', 0.00, 10001, 0, 0, 1, '2020-08-08 12:57:08', '2020-08-08 12:57:08');
INSERT INTO `kbsm_user` VALUES (4, 1001, '', 'ovFK_4mDbv2JfgzBpSoFv2UgMLRU', 1, '', '', 3, '', '', '', 0, 0, 0, 0.00, 0.00, 0, '', 0.00, 10001, 0, 0, 1, '2020-08-08 13:02:36', '2020-08-08 13:02:36');
INSERT INTO `kbsm_user` VALUES (5, 1001, '', 'oHSav5-1sVxMX5PJrMm8ArvHigC0', 1, '', '', 3, '', '', '', 0, 4, 0, 0.00, 0.00, 0, '', 0.00, 0, 0, 0, 1, '2020-10-28 10:35:08', '2020-10-28 10:35:08');

-- ----------------------------
-- Table structure for kbsm_user_address
-- ----------------------------
DROP TABLE IF EXISTS `kbsm_user_address`;
CREATE TABLE `kbsm_user_address`  (
  `id` int(11) UNSIGNED NOT NULL AUTO_INCREMENT COMMENT '主键id',
  `name` varchar(30) CHARACTER SET utf8 COLLATE utf8_general_ci NOT NULL DEFAULT '' COMMENT '收货人姓名',
  `phone` varchar(20) CHARACTER SET utf8 COLLATE utf8_general_ci NOT NULL DEFAULT '' COMMENT '联系电话',
  `location` varchar(50) CHARACTER SET utf8 COLLATE utf8_general_ci NOT NULL DEFAULT '' COMMENT '位置坐标',
  `province` varchar(20) CHARACTER SET utf8 COLLATE utf8_general_ci NOT NULL DEFAULT '' COMMENT '所在省份',
  `city` varchar(20) CHARACTER SET utf8 COLLATE utf8_general_ci NOT NULL DEFAULT '' COMMENT '所在城市',
  `district` varchar(20) CHARACTER SET utf8 COLLATE utf8_general_ci NOT NULL DEFAULT '' COMMENT '所在区/县',
  `street` varchar(30) CHARACTER SET utf8 COLLATE utf8_general_ci NOT NULL DEFAULT '' COMMENT '街道',
  `recommend` varchar(255) CHARACTER SET utf8 COLLATE utf8_general_ci NOT NULL DEFAULT '' COMMENT '人性化地址',
  `detail` varchar(255) CHARACTER SET utf8 COLLATE utf8_general_ci NOT NULL DEFAULT '' COMMENT '详细地址',
  `user_id` int(11) UNSIGNED NOT NULL DEFAULT 0 COMMENT '用户id',
  `wxapp_id` int(11) UNSIGNED NOT NULL DEFAULT 0 COMMENT '小程序id',
  `create_time` int(11) UNSIGNED NOT NULL DEFAULT 0 COMMENT '创建时间',
  `update_time` int(11) UNSIGNED NOT NULL DEFAULT 0 COMMENT '更新时间',
  PRIMARY KEY (`id`) USING BTREE
) ENGINE = InnoDB AUTO_INCREMENT = 5 CHARACTER SET = utf8 COLLATE = utf8_general_ci ROW_FORMAT = DYNAMIC;

-- ----------------------------
-- Records of kbsm_user_address
-- ----------------------------
INSERT INTO `kbsm_user_address` VALUES (2, 'dfff', '15555555555', '28.23529,112.93134', '湖南省', '长沙市', '岳麓区', '', '', 'ttt', 1, 1, 0, 0);
INSERT INTO `kbsm_user_address` VALUES (3, 'aaa', '15555555555', '28.23529,112.93134', '湖南省', '长沙市', '岳麓区', '', '', 'eeee', 1, 1, 0, 0);
INSERT INTO `kbsm_user_address` VALUES (4, '111', '13800138000', '30.64242,104.04311', '四川省', '成都市', '武侯区', '', '', '333', 5, 1, 0, 0);

-- ----------------------------
-- Table structure for kbsm_user_grade
-- ----------------------------
DROP TABLE IF EXISTS `kbsm_user_grade`;
CREATE TABLE `kbsm_user_grade`  (
  `id` int(11) UNSIGNED NOT NULL AUTO_INCREMENT COMMENT '用户等级id',
  `name` varchar(50) CHARACTER SET utf8 COLLATE utf8_general_ci NOT NULL DEFAULT '' COMMENT '等级名称',
  `score` int(11) NOT NULL DEFAULT 0 COMMENT '所需积分',
  `discount` int(11) UNSIGNED NOT NULL DEFAULT 100 COMMENT '享受折扣',
  `sort` int(11) UNSIGNED NOT NULL DEFAULT 100 COMMENT '排序(数字越小越靠前)',
  `wxapp_id` int(11) UNSIGNED NOT NULL DEFAULT 0 COMMENT '小程序id',
  `gmt_create` datetime(0) NOT NULL DEFAULT CURRENT_TIMESTAMP(0) COMMENT '创建时间',
  `gmt_modified` datetime(0) NOT NULL DEFAULT CURRENT_TIMESTAMP(0) COMMENT '更新时间',
  PRIMARY KEY (`id`) USING BTREE
) ENGINE = InnoDB AUTO_INCREMENT = 3 CHARACTER SET = utf8 COLLATE = utf8_general_ci ROW_FORMAT = DYNAMIC;

-- ----------------------------
-- Records of kbsm_user_grade
-- ----------------------------
INSERT INTO `kbsm_user_grade` VALUES (1, '会员', 10, 98, 100, 1, '2020-07-26 17:04:48', '2020-07-26 17:04:48');
INSERT INTO `kbsm_user_grade` VALUES (2, '白金会员', 50, 95, 100, 1, '2020-07-26 17:34:47', '2020-07-26 17:34:47');

-- ----------------------------
-- Table structure for kbsm_wxapp
-- ----------------------------
DROP TABLE IF EXISTS `kbsm_wxapp`;
CREATE TABLE `kbsm_wxapp`  (
  `id` int(20) UNSIGNED NOT NULL AUTO_INCREMENT COMMENT '微信小程序id（主键）',
  `app_type` tinyint(3) UNSIGNED NOT NULL DEFAULT 0 COMMENT '应用类型(1餐饮 2商城)',
  `shop_mode` tinyint(3) UNSIGNED NOT NULL DEFAULT 1 COMMENT '门店模式（1单门店 2多门店）',
  `source` tinyint(3) UNSIGNED NOT NULL DEFAULT 1 COMMENT '账号来源，1=自助注册，2=平台注册',
  `is_empower` tinyint(3) UNSIGNED NOT NULL DEFAULT 0 COMMENT '是否授权(0否 1是)',
  `app_name` varchar(50) CHARACTER SET utf8 COLLATE utf8_general_ci NOT NULL DEFAULT '' COMMENT '小程序名称',
  `head_img` varchar(255) CHARACTER SET utf8 COLLATE utf8_general_ci NOT NULL DEFAULT '' COMMENT '小程序头像',
  `user_name` varchar(50) CHARACTER SET utf8 COLLATE utf8_general_ci NOT NULL DEFAULT '' COMMENT '原始ID',
  `app_id` varchar(50) CHARACTER SET utf8 COLLATE utf8_general_ci NOT NULL DEFAULT '' COMMENT '小程序AppID',
  `principal_name` varchar(255) CHARACTER SET utf8 COLLATE utf8_general_ci NOT NULL DEFAULT '' COMMENT '主体名称',
  `api_domain` varchar(255) CHARACTER SET utf8 COLLATE utf8_general_ci NOT NULL DEFAULT '' COMMENT '服务器域名',
  `signature` varchar(255) CHARACTER SET utf8 COLLATE utf8_general_ci NOT NULL DEFAULT '' COMMENT '功能介绍',
  `mchid` varchar(50) CHARACTER SET utf8 COLLATE utf8_general_ci NOT NULL DEFAULT '' COMMENT '微信商户号id',
  `apikey` varchar(255) CHARACTER SET utf8 COLLATE utf8_general_ci NOT NULL DEFAULT '' COMMENT '微信支付密钥',
  `cert_pem` varchar(255) CHARACTER SET utf8 COLLATE utf8_general_ci NOT NULL DEFAULT '' COMMENT '微信支付证书',
  `key_pem` varchar(255) CHARACTER SET utf8 COLLATE utf8_general_ci NOT NULL DEFAULT '' COMMENT '微信支付证书',
  `is_collection` tinyint(3) UNSIGNED NOT NULL DEFAULT 0 COMMENT '收藏提醒(0关闭 1开启)',
  `is_wechat` tinyint(3) UNSIGNED NOT NULL DEFAULT 0 COMMENT '关注公众号提醒(0关闭 1开启)',
  `phone` varchar(20) CHARACTER SET utf8 COLLATE utf8_general_ci NOT NULL DEFAULT '' COMMENT '商家客服电话',
  `access_token` varchar(255) CHARACTER SET utf8 COLLATE utf8_general_ci NOT NULL DEFAULT '' COMMENT '令牌凭证',
  `expires_in` int(11) UNSIGNED NOT NULL DEFAULT 0 COMMENT '令牌到期时间',
  `authorizer_refresh_token` varchar(255) CHARACTER SET utf8 COLLATE utf8_general_ci NOT NULL DEFAULT '' COMMENT '刷新令牌',
  `template` int(11) NOT NULL DEFAULT 0 COMMENT '模板ID',
  `is_copyright` tinyint(3) UNSIGNED NOT NULL DEFAULT 0 COMMENT '自定义版权(0关闭 1开启)',
  `copyright` varchar(50) CHARACTER SET utf8 COLLATE utf8_general_ci NOT NULL DEFAULT '' COMMENT '小程序底部版权',
  `store_user_id` int(11) UNSIGNED NOT NULL DEFAULT 0 COMMENT '商户ID',
  `expire_time` datetime(0) NULL DEFAULT NULL COMMENT '小程序到期时间',
  `gmt_create` datetime(0) NOT NULL DEFAULT CURRENT_TIMESTAMP(0) COMMENT '创建时间',
  `gmt_modified` datetime(0) NOT NULL DEFAULT CURRENT_TIMESTAMP(0) COMMENT '更新时间',
  PRIMARY KEY (`id`) USING BTREE
) ENGINE = InnoDB AUTO_INCREMENT = 2 CHARACTER SET = utf8 COLLATE = utf8_general_ci ROW_FORMAT = DYNAMIC;

-- ----------------------------
-- Records of kbsm_wxapp
-- ----------------------------
INSERT INTO `kbsm_wxapp` VALUES (1, 0, 1, 1, 0, '', '', '', 'wx373580d7ccb5e52b', '', '', '', '', '', '', '', 0, 0, '13800138000', '', 0, '', 0, 0, '', 0, NULL, '2020-07-01 15:56:28', '2020-07-01 15:56:28');

-- ----------------------------
-- Table structure for kbsm_wxapp_help
-- ----------------------------
DROP TABLE IF EXISTS `kbsm_wxapp_help`;
CREATE TABLE `kbsm_wxapp_help`  (
  `id` int(11) UNSIGNED NOT NULL AUTO_INCREMENT COMMENT '主键id',
  `title` varchar(255) CHARACTER SET utf8 COLLATE utf8_general_ci NOT NULL DEFAULT '' COMMENT '帮助标题',
  `content` text CHARACTER SET utf8 COLLATE utf8_general_ci NOT NULL COMMENT '帮助内容',
  `sort` int(11) UNSIGNED NOT NULL DEFAULT 0 COMMENT '排序(数字越小越靠前)',
  `wxapp_id` int(11) UNSIGNED NOT NULL DEFAULT 0 COMMENT '小程序id',
  `create_time` int(11) UNSIGNED NOT NULL DEFAULT 0 COMMENT '创建时间',
  `update_time` int(11) UNSIGNED NOT NULL DEFAULT 0 COMMENT '更新时间',
  PRIMARY KEY (`id`) USING BTREE
) ENGINE = InnoDB AUTO_INCREMENT = 2 CHARACTER SET = utf8 COLLATE = utf8_general_ci ROW_FORMAT = DYNAMIC;

-- ----------------------------
-- Records of kbsm_wxapp_help
-- ----------------------------
INSERT INTO `kbsm_wxapp_help` VALUES (1, '测试标题', '测试内容', 0, 1, 0, 0);

-- ----------------------------
-- Table structure for kbsm_wxapp_page
-- ----------------------------
DROP TABLE IF EXISTS `kbsm_wxapp_page`;
CREATE TABLE `kbsm_wxapp_page`  (
  `id` int(20) UNSIGNED NOT NULL AUTO_INCREMENT COMMENT '页面id(主键)',
  `page_type` tinyint(3) UNSIGNED NOT NULL DEFAULT 1 COMMENT '页面类型(1首页 2自定义页，3模板页)',
  `page_data` longtext CHARACTER SET utf8 COLLATE utf8_general_ci NOT NULL COMMENT '页面数据',
  `wxapp_id` int(11) UNSIGNED NOT NULL DEFAULT 0 COMMENT '微信小程序id',
  `gmt_create` datetime(0) NOT NULL DEFAULT CURRENT_TIMESTAMP(0) COMMENT '创建时间',
  `gmt_modified` datetime(0) NOT NULL DEFAULT CURRENT_TIMESTAMP(0) COMMENT '更新时间',
  PRIMARY KEY (`id`) USING BTREE
) ENGINE = InnoDB AUTO_INCREMENT = 5 CHARACTER SET = utf8 COLLATE = utf8_general_ci ROW_FORMAT = DYNAMIC;

-- ----------------------------
-- Records of kbsm_wxapp_page
-- ----------------------------
INSERT INTO `kbsm_wxapp_page` VALUES (1, 1, '{\"pageType\":1,\"page\":{\"type\":\"page\",\"name\":\"页面设置\",\"params\":{\"name\":\"默认首页\",\"title\":\"测试123\",\"shareTitle\":\"分享标题\",\"shareImage\":\"分享图片\"},\"style\":{\"titleTextColor\":\"black\",\"titleBackgroundColor\":\"#ffffff\"},\"id\":\"page\"},\"items\":[{\"name\":\"banner轮播\",\"type\":\"banner\",\"style\":{\"btnColor\":\"#ffffff\",\"btnShape\":\"round\"},\"params\":{\"interval\":\"2800\"},\"data\":[{\"imgUrl\":\"http://localhost:8082/profile/upload/2020/08/10/d3ec7508-7418-4f92-ad7e-583e8ad3d294.jpg\",\"linkUrl\":\"\"}]},{\"name\":\"单图组\",\"type\":\"imageSingle\",\"style\":{\"borderRadius\":\"0\",\"paddingTop\":\"0\",\"paddingLeft\":\"0\",\"background\":\"#ffffff\"},\"data\":[]},{\"name\":\"图片橱窗\",\"type\":\"window\",\"style\":{\"borderRadius\":\"0\",\"paddingTop\":\"0\",\"paddingLeft\":\"0\",\"background\":\"#ffffff\",\"layout\":\"2\"},\"data\":[],\"dataNum\":4},{\"name\":\"视频组\",\"type\":\"video1111\",\"params\":{\"videoUrl\":\"\",\"poster\":\"\",\"autoplay\":\"0\"},\"style\":{\"paddingTop\":\"0\",\"height\":\"190\"}},{\"name\":\"导航组\",\"type\":\"navBar\",\"style\":{\"background\":\"#ffffff\",\"rowsNum\":\"4\"},\"data\":[{\"imgUrl\":\"http://localhost:8082/profile/upload/2020/08/10/f1b185ac-3bf8-481a-8099-6568e3e6d22d.png\",\"imgName\":\"icon-1.png\",\"linkUrl\":\"9\",\"text\":\"扫码点单\",\"color\":\"#666666\"},{\"imgUrl\":\"http://localhost:8082/profile/upload/2020/08/10/2017a684-088a-4b7c-a5c3-ca80c6ebebbc.png\",\"imgName\":\"icon-2.png\",\"linkUrl\":\"3\",\"text\":\"外卖\",\"color\":\"#666666\"}]},{\"name\":\"在线客服\",\"type\":\"service\",\"params\":{\"type\":\"chat\",\"image\":\"http://localhost:8082/profile/upload/2020/08/10/78d8f5de-a7f8-4f9f-b295-8dcb5fd71b52.png\",\"phone_num\":\"15555555555\"},\"style\":{\"right\":\"1\",\"bottom\":\"10\",\"opacity\":\"100\"}},{\"name\":\"辅助空白\",\"type\":\"blank\",\"style\":{\"background\":\"#ffffff\",\"height\":\"100\"}}]}', 1, '2020-07-01 15:55:53', '2020-07-01 15:55:53');
INSERT INTO `kbsm_wxapp_page` VALUES (2, 3, '{\r\n                \"pageType\": 1,\r\n                \"page\": {\r\n                    \"type\": \"page\",\r\n                    \"name\": \"页面设置\",\r\n                    \"params\": {\r\n                        \"name\": \"默认首页\",\r\n                        \"title\": \"页面标题\",\r\n                        \"shareTitle\": \"分享标题\",\r\n                        \"shareImage\": \"分享图片\"\r\n                    },\r\n                    \"style\": {\r\n                        \"titleTextColor\": \"black\",\r\n                        \"titleBackgroundColor\": \"#ffffff\"\r\n                    },\r\n                    \"id\": \"page\"\r\n                },\r\n                \"items\": [\r\n                    {\r\n                        \"name\": \"banner轮播\",\r\n                        \"type\": \"banner\",\r\n                        \"style\": {\r\n                            \"btnColor\": \"#ffffff\",\r\n                            \"btnShape\": \"round\"\r\n                        },\r\n                        \"params\": {\r\n                            \"interval\": \"2800\"\r\n                        },\r\n                        \"data\": [\r\n                            {\r\n                                \"imgUrl\": \"\",\r\n                                \"linkUrl\": \"\"\r\n                            },\r\n                            {\r\n                                \"imgUrl\": \"\",\r\n                                \"linkUrl\": \"\"\r\n                            }\r\n                        ]\r\n                    },\r\n                    {\r\n                        \"name\": \"单图组\",\r\n                        \"type\": \"imageSingle\",\r\n                        \"style\": {\r\n                            \"borderRadius\": \"0\",\r\n                            \"paddingTop\": \"0\",\r\n                            \"paddingLeft\": \"0\",\r\n                            \"background\": \"#ffffff\"\r\n                        },\r\n                        \"data\": [\r\n                            {\r\n                                \"imgUrl\": \"\",\r\n                                \"imgName\": \"\",\r\n                                \"linkUrl\": \"\"\r\n                            }\r\n                        ]\r\n                    },\r\n                    {\r\n                        \"name\": \"图片橱窗\",\r\n                        \"type\": \"window\",\r\n                        \"style\": {\r\n                            \"borderRadius\": \"0\",\r\n                            \"paddingTop\": \"0\",\r\n                            \"paddingLeft\": \"0\",\r\n                            \"background\": \"#ffffff\",\r\n                            \"layout\": \"2\"\r\n                        },\r\n                        \"data\": [\r\n                            {\r\n                                \"imgUrl\": \"\",\r\n                                \"linkUrl\": \"\"\r\n                            },\r\n                            {\r\n                                \"imgUrl\": \"\",\r\n                                \"linkUrl\": \"\"\r\n                            }\r\n                        ],\r\n                        \"dataNum\": 4\r\n                    },\r\n                    {\r\n                        \"name\": \"视频组\",\r\n                        \"type\": \"video\",\r\n                        \"params\": {\r\n                            \"videoUrl\": \"\",\r\n                            \"poster\": \"\",\r\n                            \"autoplay\": \"0\"\r\n                        },\r\n                        \"style\": {\r\n                            \"paddingTop\": \"0\",\r\n                            \"height\": \"190\"\r\n                        }\r\n                    },\r\n                    {\r\n                        \"name\": \"导航组\",\r\n                        \"type\": \"navBar\",\r\n                        \"style\": {\r\n                            \"background\": \"#ffffff\",\r\n                            \"rowsNum\": \"4\"\r\n                        },\r\n                        \"data\": [\r\n                            {\r\n                                \"imgUrl\": \"\",\r\n                                \"imgName\": \"icon-1.png\",\r\n                                \"linkUrl\": \"9\",\r\n                                \"text\": \"扫码点单\",\r\n                                \"color\": \"#666666\"\r\n                            },\r\n                            {\r\n                                \"imgUrl\": \"\",\r\n                                \"imgName\": \"icon-2.png\",\r\n                                \"linkUrl\": \"3\",\r\n                                \"text\": \"外卖\",\r\n                                \"color\": \"#666666\"\r\n                            },\r\n                            {\r\n                                \"imgUrl\": \"\",\r\n                                \"imgName\": \"icon-3.png\",\r\n                                \"linkUrl\": \"\",\r\n                                \"text\": \"\",\r\n                                \"color\": \"#666666\"\r\n                            },\r\n                            {\r\n                                \"imgUrl\": \"\",\r\n                                \"imgName\": \"icon-4.png\",\r\n                                \"linkUrl\": \"\",\r\n                                \"text\": \"\",\r\n                                \"color\": \"#666666\"\r\n                            }\r\n                        ]\r\n                    },\r\n                    {\r\n                        \"name\": \"在线客服\",\r\n                        \"type\": \"service\",\r\n                        \"params\": {\r\n                            \"type\": \"chat\",\r\n                            \"image\": \"\",\r\n                            \"phone_num\": \"15555555555\"\r\n                        },\r\n                        \"style\": {\r\n                            \"right\": \"1\",\r\n                            \"bottom\": \"10\",\r\n                            \"opacity\": \"100\"\r\n                        }\r\n                    },\r\n                    {\r\n                        \"name\": \"辅助空白\",\r\n                        \"type\": \"blank\",\r\n                        \"style\": {\r\n                            \"background\": \"#ffffff\",\r\n                            \"height\": \"100\"\r\n                        }\r\n                    }\r\n                ]\r\n            }', 0, '2020-07-01 15:55:53', '2020-07-01 15:55:53');
INSERT INTO `kbsm_wxapp_page` VALUES (3, 1, '{\r\n                \"pageType\": 1,\r\n                \"page\": {\r\n                    \"type\": \"page\",\r\n                    \"name\": \"页面设置\",\r\n                    \"params\": {\r\n                        \"name\": \"默认首页\",\r\n                        \"title\": \"页面标题\",\r\n                        \"shareTitle\": \"分享标题\",\r\n                        \"shareImage\": \"分享图片\"\r\n                    },\r\n                    \"style\": {\r\n                        \"titleTextColor\": \"black\",\r\n                        \"titleBackgroundColor\": \"#ffffff\"\r\n                    },\r\n                    \"id\": \"page\"\r\n                },\r\n                \"items\": [\r\n                    {\r\n                        \"name\": \"banner轮播\",\r\n                        \"type\": \"banner\",\r\n                        \"style\": {\r\n                            \"btnColor\": \"#ffffff\",\r\n                            \"btnShape\": \"round\"\r\n                        },\r\n                        \"params\": {\r\n                            \"interval\": \"2800\"\r\n                        },\r\n                        \"data\": [\r\n                            {\r\n                                \"imgUrl\": \"\",\r\n                                \"linkUrl\": \"\"\r\n                            },\r\n                            {\r\n                                \"imgUrl\": \"\",\r\n                                \"linkUrl\": \"\"\r\n                            }\r\n                        ]\r\n                    },\r\n                    {\r\n                        \"name\": \"单图组\",\r\n                        \"type\": \"imageSingle\",\r\n                        \"style\": {\r\n                            \"borderRadius\": \"0\",\r\n                            \"paddingTop\": \"0\",\r\n                            \"paddingLeft\": \"0\",\r\n                            \"background\": \"#ffffff\"\r\n                        },\r\n                        \"data\": [\r\n                            {\r\n                                \"imgUrl\": \"\",\r\n                                \"imgName\": \"\",\r\n                                \"linkUrl\": \"\"\r\n                            }\r\n                        ]\r\n                    },\r\n                    {\r\n                        \"name\": \"图片橱窗\",\r\n                        \"type\": \"window\",\r\n                        \"style\": {\r\n                            \"borderRadius\": \"0\",\r\n                            \"paddingTop\": \"0\",\r\n                            \"paddingLeft\": \"0\",\r\n                            \"background\": \"#ffffff\",\r\n                            \"layout\": \"2\"\r\n                        },\r\n                        \"data\": [\r\n                            {\r\n                                \"imgUrl\": \"\",\r\n                                \"linkUrl\": \"\"\r\n                            },\r\n                            {\r\n                                \"imgUrl\": \"\",\r\n                                \"linkUrl\": \"\"\r\n                            }\r\n                        ],\r\n                        \"dataNum\": 4\r\n                    },\r\n                    {\r\n                        \"name\": \"视频组\",\r\n                        \"type\": \"video\",\r\n                        \"params\": {\r\n                            \"videoUrl\": \"\",\r\n                            \"poster\": \"\",\r\n                            \"autoplay\": \"0\"\r\n                        },\r\n                        \"style\": {\r\n                            \"paddingTop\": \"0\",\r\n                            \"height\": \"190\"\r\n                        }\r\n                    },\r\n                    {\r\n                        \"name\": \"导航组\",\r\n                        \"type\": \"navBar\",\r\n                        \"style\": {\r\n                            \"background\": \"#ffffff\",\r\n                            \"rowsNum\": \"4\"\r\n                        },\r\n                        \"data\": [\r\n                            {\r\n                                \"imgUrl\": \"\",\r\n                                \"imgName\": \"icon-1.png\",\r\n                                \"linkUrl\": \"9\",\r\n                                \"text\": \"扫码点单\",\r\n                                \"color\": \"#666666\"\r\n                            },\r\n                            {\r\n                                \"imgUrl\": \"\",\r\n                                \"imgName\": \"icon-2.png\",\r\n                                \"linkUrl\": \"3\",\r\n                                \"text\": \"外卖\",\r\n                                \"color\": \"#666666\"\r\n                            },\r\n                            {\r\n                                \"imgUrl\": \"\",\r\n                                \"imgName\": \"icon-3.png\",\r\n                                \"linkUrl\": \"\",\r\n                                \"text\": \"\",\r\n                                \"color\": \"#666666\"\r\n                            },\r\n                            {\r\n                                \"imgUrl\": \"\",\r\n                                \"imgName\": \"icon-4.png\",\r\n                                \"linkUrl\": \"\",\r\n                                \"text\": \"\",\r\n                                \"color\": \"#666666\"\r\n                            }\r\n                        ]\r\n                    },\r\n                    {\r\n                        \"name\": \"在线客服\",\r\n                        \"type\": \"service\",\r\n                        \"params\": {\r\n                            \"type\": \"chat\",\r\n                            \"image\": \"\",\r\n                            \"phone_num\": \"15555555555\"\r\n                        },\r\n                        \"style\": {\r\n                            \"right\": \"1\",\r\n                            \"bottom\": \"10\",\r\n                            \"opacity\": \"100\"\r\n                        }\r\n                    },\r\n                    {\r\n                        \"name\": \"辅助空白\",\r\n                        \"type\": \"blank\",\r\n                        \"style\": {\r\n                            \"background\": \"#ffffff\",\r\n                            \"height\": \"100\"\r\n                        }\r\n                    }\r\n                ]\r\n            }', 2, '2020-08-08 16:15:35', '2020-08-08 16:15:35');
INSERT INTO `kbsm_wxapp_page` VALUES (4, 1, '{\r\n                \"pageType\": 1,\r\n                \"page\": {\r\n                    \"type\": \"page\",\r\n                    \"name\": \"页面设置\",\r\n                    \"params\": {\r\n                        \"name\": \"默认首页\",\r\n                        \"title\": \"页面标题\",\r\n                        \"shareTitle\": \"分享标题\",\r\n                        \"shareImage\": \"分享图片\"\r\n                    },\r\n                    \"style\": {\r\n                        \"titleTextColor\": \"black\",\r\n                        \"titleBackgroundColor\": \"#ffffff\"\r\n                    },\r\n                    \"id\": \"page\"\r\n                },\r\n                \"items\": [\r\n                    {\r\n                        \"name\": \"banner轮播\",\r\n                        \"type\": \"banner\",\r\n                        \"style\": {\r\n                            \"btnColor\": \"#ffffff\",\r\n                            \"btnShape\": \"round\"\r\n                        },\r\n                        \"params\": {\r\n                            \"interval\": \"2800\"\r\n                        },\r\n                        \"data\": [\r\n                            {\r\n                                \"imgUrl\": \"\",\r\n                                \"linkUrl\": \"\"\r\n                            },\r\n                            {\r\n                                \"imgUrl\": \"\",\r\n                                \"linkUrl\": \"\"\r\n                            }\r\n                        ]\r\n                    },\r\n                    {\r\n                        \"name\": \"单图组\",\r\n                        \"type\": \"imageSingle\",\r\n                        \"style\": {\r\n                            \"borderRadius\": \"0\",\r\n                            \"paddingTop\": \"0\",\r\n                            \"paddingLeft\": \"0\",\r\n                            \"background\": \"#ffffff\"\r\n                        },\r\n                        \"data\": [\r\n                            {\r\n                                \"imgUrl\": \"\",\r\n                                \"imgName\": \"\",\r\n                                \"linkUrl\": \"\"\r\n                            }\r\n                        ]\r\n                    },\r\n                    {\r\n                        \"name\": \"图片橱窗\",\r\n                        \"type\": \"window\",\r\n                        \"style\": {\r\n                            \"borderRadius\": \"0\",\r\n                            \"paddingTop\": \"0\",\r\n                            \"paddingLeft\": \"0\",\r\n                            \"background\": \"#ffffff\",\r\n                            \"layout\": \"2\"\r\n                        },\r\n                        \"data\": [\r\n                            {\r\n                                \"imgUrl\": \"\",\r\n                                \"linkUrl\": \"\"\r\n                            },\r\n                            {\r\n                                \"imgUrl\": \"\",\r\n                                \"linkUrl\": \"\"\r\n                            }\r\n                        ],\r\n                        \"dataNum\": 4\r\n                    },\r\n                    {\r\n                        \"name\": \"视频组\",\r\n                        \"type\": \"video\",\r\n                        \"params\": {\r\n                            \"videoUrl\": \"\",\r\n                            \"poster\": \"\",\r\n                            \"autoplay\": \"0\"\r\n                        },\r\n                        \"style\": {\r\n                            \"paddingTop\": \"0\",\r\n                            \"height\": \"190\"\r\n                        }\r\n                    },\r\n                    {\r\n                        \"name\": \"导航组\",\r\n                        \"type\": \"navBar\",\r\n                        \"style\": {\r\n                            \"background\": \"#ffffff\",\r\n                            \"rowsNum\": \"4\"\r\n                        },\r\n                        \"data\": [\r\n                            {\r\n                                \"imgUrl\": \"\",\r\n                                \"imgName\": \"icon-1.png\",\r\n                                \"linkUrl\": \"9\",\r\n                                \"text\": \"扫码点单\",\r\n                                \"color\": \"#666666\"\r\n                            },\r\n                            {\r\n                                \"imgUrl\": \"\",\r\n                                \"imgName\": \"icon-2.png\",\r\n                                \"linkUrl\": \"3\",\r\n                                \"text\": \"外卖\",\r\n                                \"color\": \"#666666\"\r\n                            },\r\n                            {\r\n                                \"imgUrl\": \"\",\r\n                                \"imgName\": \"icon-3.png\",\r\n                                \"linkUrl\": \"\",\r\n                                \"text\": \"\",\r\n                                \"color\": \"#666666\"\r\n                            },\r\n                            {\r\n                                \"imgUrl\": \"\",\r\n                                \"imgName\": \"icon-4.png\",\r\n                                \"linkUrl\": \"\",\r\n                                \"text\": \"\",\r\n                                \"color\": \"#666666\"\r\n                            }\r\n                        ]\r\n                    },\r\n                    {\r\n                        \"name\": \"在线客服\",\r\n                        \"type\": \"service\",\r\n                        \"params\": {\r\n                            \"type\": \"chat\",\r\n                            \"image\": \"\",\r\n                            \"phone_num\": \"15555555555\"\r\n                        },\r\n                        \"style\": {\r\n                            \"right\": \"1\",\r\n                            \"bottom\": \"10\",\r\n                            \"opacity\": \"100\"\r\n                        }\r\n                    },\r\n                    {\r\n                        \"name\": \"辅助空白\",\r\n                        \"type\": \"blank\",\r\n                        \"style\": {\r\n                            \"background\": \"#ffffff\",\r\n                            \"height\": \"100\"\r\n                        }\r\n                    }\r\n                ]\r\n            }', 3, '2020-08-08 17:16:31', '2020-08-08 17:16:31');

-- ----------------------------
-- Table structure for qrtz_blob_triggers
-- ----------------------------
DROP TABLE IF EXISTS `qrtz_blob_triggers`;
CREATE TABLE `qrtz_blob_triggers`  (
  `sched_name` varchar(120) CHARACTER SET utf8mb4 COLLATE utf8mb4_general_ci NOT NULL,
  `trigger_name` varchar(200) CHARACTER SET utf8mb4 COLLATE utf8mb4_general_ci NOT NULL,
  `trigger_group` varchar(200) CHARACTER SET utf8mb4 COLLATE utf8mb4_general_ci NOT NULL,
  `blob_data` blob NULL,
  PRIMARY KEY (`sched_name`, `trigger_name`, `trigger_group`) USING BTREE,
  CONSTRAINT `qrtz_blob_triggers_ibfk_1` FOREIGN KEY (`sched_name`, `trigger_name`, `trigger_group`) REFERENCES `qrtz_triggers` (`sched_name`, `trigger_name`, `trigger_group`) ON DELETE RESTRICT ON UPDATE RESTRICT
) ENGINE = InnoDB CHARACTER SET = utf8mb4 COLLATE = utf8mb4_general_ci ROW_FORMAT = Dynamic;

-- ----------------------------
-- Records of qrtz_blob_triggers
-- ----------------------------

-- ----------------------------
-- Table structure for qrtz_calendars
-- ----------------------------
DROP TABLE IF EXISTS `qrtz_calendars`;
CREATE TABLE `qrtz_calendars`  (
  `sched_name` varchar(120) CHARACTER SET utf8mb4 COLLATE utf8mb4_general_ci NOT NULL,
  `calendar_name` varchar(200) CHARACTER SET utf8mb4 COLLATE utf8mb4_general_ci NOT NULL,
  `calendar` blob NOT NULL,
  PRIMARY KEY (`sched_name`, `calendar_name`) USING BTREE
) ENGINE = InnoDB CHARACTER SET = utf8mb4 COLLATE = utf8mb4_general_ci ROW_FORMAT = Dynamic;

-- ----------------------------
-- Records of qrtz_calendars
-- ----------------------------

-- ----------------------------
-- Table structure for qrtz_cron_triggers
-- ----------------------------
DROP TABLE IF EXISTS `qrtz_cron_triggers`;
CREATE TABLE `qrtz_cron_triggers`  (
  `sched_name` varchar(120) CHARACTER SET utf8mb4 COLLATE utf8mb4_general_ci NOT NULL,
  `trigger_name` varchar(200) CHARACTER SET utf8mb4 COLLATE utf8mb4_general_ci NOT NULL,
  `trigger_group` varchar(200) CHARACTER SET utf8mb4 COLLATE utf8mb4_general_ci NOT NULL,
  `cron_expression` varchar(200) CHARACTER SET utf8mb4 COLLATE utf8mb4_general_ci NOT NULL,
  `time_zone_id` varchar(80) CHARACTER SET utf8mb4 COLLATE utf8mb4_general_ci NULL DEFAULT NULL,
  PRIMARY KEY (`sched_name`, `trigger_name`, `trigger_group`) USING BTREE,
  CONSTRAINT `qrtz_cron_triggers_ibfk_1` FOREIGN KEY (`sched_name`, `trigger_name`, `trigger_group`) REFERENCES `qrtz_triggers` (`sched_name`, `trigger_name`, `trigger_group`) ON DELETE RESTRICT ON UPDATE RESTRICT
) ENGINE = InnoDB CHARACTER SET = utf8mb4 COLLATE = utf8mb4_general_ci ROW_FORMAT = Dynamic;

-- ----------------------------
-- Records of qrtz_cron_triggers
-- ----------------------------
INSERT INTO `qrtz_cron_triggers` VALUES ('RuoyiScheduler', 'TASK_CLASS_NAME1', 'DEFAULT', '0/10 * * * * ?', 'Asia/Shanghai');
INSERT INTO `qrtz_cron_triggers` VALUES ('RuoyiScheduler', 'TASK_CLASS_NAME2', 'DEFAULT', '0/15 * * * * ?', 'Asia/Shanghai');
INSERT INTO `qrtz_cron_triggers` VALUES ('RuoyiScheduler', 'TASK_CLASS_NAME3', 'DEFAULT', '0/20 * * * * ?', 'Asia/Shanghai');

-- ----------------------------
-- Table structure for qrtz_fired_triggers
-- ----------------------------
DROP TABLE IF EXISTS `qrtz_fired_triggers`;
CREATE TABLE `qrtz_fired_triggers`  (
  `sched_name` varchar(120) CHARACTER SET utf8mb4 COLLATE utf8mb4_general_ci NOT NULL,
  `entry_id` varchar(95) CHARACTER SET utf8mb4 COLLATE utf8mb4_general_ci NOT NULL,
  `trigger_name` varchar(200) CHARACTER SET utf8mb4 COLLATE utf8mb4_general_ci NOT NULL,
  `trigger_group` varchar(200) CHARACTER SET utf8mb4 COLLATE utf8mb4_general_ci NOT NULL,
  `instance_name` varchar(200) CHARACTER SET utf8mb4 COLLATE utf8mb4_general_ci NOT NULL,
  `fired_time` bigint(13) NOT NULL,
  `sched_time` bigint(13) NOT NULL,
  `priority` int(11) NOT NULL,
  `state` varchar(16) CHARACTER SET utf8mb4 COLLATE utf8mb4_general_ci NOT NULL,
  `job_name` varchar(200) CHARACTER SET utf8mb4 COLLATE utf8mb4_general_ci NULL DEFAULT NULL,
  `job_group` varchar(200) CHARACTER SET utf8mb4 COLLATE utf8mb4_general_ci NULL DEFAULT NULL,
  `is_nonconcurrent` varchar(1) CHARACTER SET utf8mb4 COLLATE utf8mb4_general_ci NULL DEFAULT NULL,
  `requests_recovery` varchar(1) CHARACTER SET utf8mb4 COLLATE utf8mb4_general_ci NULL DEFAULT NULL,
  PRIMARY KEY (`sched_name`, `entry_id`) USING BTREE
) ENGINE = InnoDB CHARACTER SET = utf8mb4 COLLATE = utf8mb4_general_ci ROW_FORMAT = Dynamic;

-- ----------------------------
-- Records of qrtz_fired_triggers
-- ----------------------------

-- ----------------------------
-- Table structure for qrtz_job_details
-- ----------------------------
DROP TABLE IF EXISTS `qrtz_job_details`;
CREATE TABLE `qrtz_job_details`  (
  `sched_name` varchar(120) CHARACTER SET utf8mb4 COLLATE utf8mb4_general_ci NOT NULL,
  `job_name` varchar(200) CHARACTER SET utf8mb4 COLLATE utf8mb4_general_ci NOT NULL,
  `job_group` varchar(200) CHARACTER SET utf8mb4 COLLATE utf8mb4_general_ci NOT NULL,
  `description` varchar(250) CHARACTER SET utf8mb4 COLLATE utf8mb4_general_ci NULL DEFAULT NULL,
  `job_class_name` varchar(250) CHARACTER SET utf8mb4 COLLATE utf8mb4_general_ci NOT NULL,
  `is_durable` varchar(1) CHARACTER SET utf8mb4 COLLATE utf8mb4_general_ci NOT NULL,
  `is_nonconcurrent` varchar(1) CHARACTER SET utf8mb4 COLLATE utf8mb4_general_ci NOT NULL,
  `is_update_data` varchar(1) CHARACTER SET utf8mb4 COLLATE utf8mb4_general_ci NOT NULL,
  `requests_recovery` varchar(1) CHARACTER SET utf8mb4 COLLATE utf8mb4_general_ci NOT NULL,
  `job_data` blob NULL,
  PRIMARY KEY (`sched_name`, `job_name`, `job_group`) USING BTREE
) ENGINE = InnoDB CHARACTER SET = utf8mb4 COLLATE = utf8mb4_general_ci ROW_FORMAT = Dynamic;

-- ----------------------------
-- Records of qrtz_job_details
-- ----------------------------
INSERT INTO `qrtz_job_details` VALUES ('RuoyiScheduler', 'TASK_CLASS_NAME1', 'DEFAULT', NULL, 'com.ruoyi.quartz.util.QuartzDisallowConcurrentExecution', '0', '1', '0', '0', 0xACED0005737200156F72672E71756172747A2E4A6F62446174614D61709FB083E8BFA9B0CB020000787200266F72672E71756172747A2E7574696C732E537472696E674B65794469727479466C61674D61708208E8C3FBC55D280200015A0013616C6C6F77735472616E7369656E74446174617872001D6F72672E71756172747A2E7574696C732E4469727479466C61674D617013E62EAD28760ACE0200025A000564697274794C00036D617074000F4C6A6176612F7574696C2F4D61703B787001737200116A6176612E7574696C2E486173684D61700507DAC1C31660D103000246000A6C6F6164466163746F724900097468726573686F6C6478703F4000000000000C7708000000100000000174000F5441534B5F50524F504552544945537372001E636F6D2E72756F79692E71756172747A2E646F6D61696E2E5379734A6F6200000000000000010200084C000A636F6E63757272656E747400124C6A6176612F6C616E672F537472696E673B4C000E63726F6E45787072657373696F6E71007E00094C000C696E766F6B6554617267657471007E00094C00086A6F6247726F757071007E00094C00056A6F6249647400104C6A6176612F6C616E672F4C6F6E673B4C00076A6F624E616D6571007E00094C000D6D697366697265506F6C69637971007E00094C000673746174757371007E000978720027636F6D2E72756F79692E636F6D6D6F6E2E636F72652E646F6D61696E2E42617365456E7469747900000000000000010200074C0008637265617465427971007E00094C000A63726561746554696D657400104C6A6176612F7574696C2F446174653B4C0006706172616D7371007E00034C000672656D61726B71007E00094C000B73656172636856616C756571007E00094C0008757064617465427971007E00094C000A75706461746554696D6571007E000C787074000561646D696E7372000E6A6176612E7574696C2E44617465686A81014B597419030000787077080000017567A7787078707400007070707400013174000E302F3130202A202A202A202A203F74001172795461736B2E72794E6F506172616D7374000744454641554C547372000E6A6176612E6C616E672E4C6F6E673B8BE490CC8F23DF0200014A000576616C7565787200106A6176612E6C616E672E4E756D62657286AC951D0B94E08B02000078700000000000000001740018E7B3BBE7BB9FE9BB98E8AEA4EFBC88E697A0E58F82EFBC8974000133740001317800);
INSERT INTO `qrtz_job_details` VALUES ('RuoyiScheduler', 'TASK_CLASS_NAME2', 'DEFAULT', NULL, 'com.ruoyi.quartz.util.QuartzDisallowConcurrentExecution', '0', '1', '0', '0', 0xACED0005737200156F72672E71756172747A2E4A6F62446174614D61709FB083E8BFA9B0CB020000787200266F72672E71756172747A2E7574696C732E537472696E674B65794469727479466C61674D61708208E8C3FBC55D280200015A0013616C6C6F77735472616E7369656E74446174617872001D6F72672E71756172747A2E7574696C732E4469727479466C61674D617013E62EAD28760ACE0200025A000564697274794C00036D617074000F4C6A6176612F7574696C2F4D61703B787001737200116A6176612E7574696C2E486173684D61700507DAC1C31660D103000246000A6C6F6164466163746F724900097468726573686F6C6478703F4000000000000C7708000000100000000174000F5441534B5F50524F504552544945537372001E636F6D2E72756F79692E71756172747A2E646F6D61696E2E5379734A6F6200000000000000010200084C000A636F6E63757272656E747400124C6A6176612F6C616E672F537472696E673B4C000E63726F6E45787072657373696F6E71007E00094C000C696E766F6B6554617267657471007E00094C00086A6F6247726F757071007E00094C00056A6F6249647400104C6A6176612F6C616E672F4C6F6E673B4C00076A6F624E616D6571007E00094C000D6D697366697265506F6C69637971007E00094C000673746174757371007E000978720027636F6D2E72756F79692E636F6D6D6F6E2E636F72652E646F6D61696E2E42617365456E7469747900000000000000010200074C0008637265617465427971007E00094C000A63726561746554696D657400104C6A6176612F7574696C2F446174653B4C0006706172616D7371007E00034C000672656D61726B71007E00094C000B73656172636856616C756571007E00094C0008757064617465427971007E00094C000A75706461746554696D6571007E000C787074000561646D696E7372000E6A6176612E7574696C2E44617465686A81014B597419030000787077080000017567A7787078707400007070707400013174000E302F3135202A202A202A202A203F74001572795461736B2E7279506172616D7328277279272974000744454641554C547372000E6A6176612E6C616E672E4C6F6E673B8BE490CC8F23DF0200014A000576616C7565787200106A6176612E6C616E672E4E756D62657286AC951D0B94E08B02000078700000000000000002740018E7B3BBE7BB9FE9BB98E8AEA4EFBC88E69C89E58F82EFBC8974000133740001317800);
INSERT INTO `qrtz_job_details` VALUES ('RuoyiScheduler', 'TASK_CLASS_NAME3', 'DEFAULT', NULL, 'com.ruoyi.quartz.util.QuartzDisallowConcurrentExecution', '0', '1', '0', '0', 0xACED0005737200156F72672E71756172747A2E4A6F62446174614D61709FB083E8BFA9B0CB020000787200266F72672E71756172747A2E7574696C732E537472696E674B65794469727479466C61674D61708208E8C3FBC55D280200015A0013616C6C6F77735472616E7369656E74446174617872001D6F72672E71756172747A2E7574696C732E4469727479466C61674D617013E62EAD28760ACE0200025A000564697274794C00036D617074000F4C6A6176612F7574696C2F4D61703B787001737200116A6176612E7574696C2E486173684D61700507DAC1C31660D103000246000A6C6F6164466163746F724900097468726573686F6C6478703F4000000000000C7708000000100000000174000F5441534B5F50524F504552544945537372001E636F6D2E72756F79692E71756172747A2E646F6D61696E2E5379734A6F6200000000000000010200084C000A636F6E63757272656E747400124C6A6176612F6C616E672F537472696E673B4C000E63726F6E45787072657373696F6E71007E00094C000C696E766F6B6554617267657471007E00094C00086A6F6247726F757071007E00094C00056A6F6249647400104C6A6176612F6C616E672F4C6F6E673B4C00076A6F624E616D6571007E00094C000D6D697366697265506F6C69637971007E00094C000673746174757371007E000978720027636F6D2E72756F79692E636F6D6D6F6E2E636F72652E646F6D61696E2E42617365456E7469747900000000000000010200074C0008637265617465427971007E00094C000A63726561746554696D657400104C6A6176612F7574696C2F446174653B4C0006706172616D7371007E00034C000672656D61726B71007E00094C000B73656172636856616C756571007E00094C0008757064617465427971007E00094C000A75706461746554696D6571007E000C787074000561646D696E7372000E6A6176612E7574696C2E44617465686A81014B597419030000787077080000017567A7787078707400007070707400013174000E302F3230202A202A202A202A203F74003872795461736B2E72794D756C7469706C65506172616D7328277279272C20747275652C20323030304C2C203331362E3530442C203130302974000744454641554C547372000E6A6176612E6C616E672E4C6F6E673B8BE490CC8F23DF0200014A000576616C7565787200106A6176612E6C616E672E4E756D62657286AC951D0B94E08B02000078700000000000000003740018E7B3BBE7BB9FE9BB98E8AEA4EFBC88E5A49AE58F82EFBC8974000133740001317800);

-- ----------------------------
-- Table structure for qrtz_locks
-- ----------------------------
DROP TABLE IF EXISTS `qrtz_locks`;
CREATE TABLE `qrtz_locks`  (
  `sched_name` varchar(120) CHARACTER SET utf8mb4 COLLATE utf8mb4_general_ci NOT NULL,
  `lock_name` varchar(40) CHARACTER SET utf8mb4 COLLATE utf8mb4_general_ci NOT NULL,
  PRIMARY KEY (`sched_name`, `lock_name`) USING BTREE
) ENGINE = InnoDB CHARACTER SET = utf8mb4 COLLATE = utf8mb4_general_ci ROW_FORMAT = Dynamic;

-- ----------------------------
-- Records of qrtz_locks
-- ----------------------------
INSERT INTO `qrtz_locks` VALUES ('RuoyiScheduler', 'STATE_ACCESS');
INSERT INTO `qrtz_locks` VALUES ('RuoyiScheduler', 'TRIGGER_ACCESS');

-- ----------------------------
-- Table structure for qrtz_paused_trigger_grps
-- ----------------------------
DROP TABLE IF EXISTS `qrtz_paused_trigger_grps`;
CREATE TABLE `qrtz_paused_trigger_grps`  (
  `sched_name` varchar(120) CHARACTER SET utf8mb4 COLLATE utf8mb4_general_ci NOT NULL,
  `trigger_group` varchar(200) CHARACTER SET utf8mb4 COLLATE utf8mb4_general_ci NOT NULL,
  PRIMARY KEY (`sched_name`, `trigger_group`) USING BTREE
) ENGINE = InnoDB CHARACTER SET = utf8mb4 COLLATE = utf8mb4_general_ci ROW_FORMAT = Dynamic;

-- ----------------------------
-- Records of qrtz_paused_trigger_grps
-- ----------------------------

-- ----------------------------
-- Table structure for qrtz_scheduler_state
-- ----------------------------
DROP TABLE IF EXISTS `qrtz_scheduler_state`;
CREATE TABLE `qrtz_scheduler_state`  (
  `sched_name` varchar(120) CHARACTER SET utf8mb4 COLLATE utf8mb4_general_ci NOT NULL,
  `instance_name` varchar(200) CHARACTER SET utf8mb4 COLLATE utf8mb4_general_ci NOT NULL,
  `last_checkin_time` bigint(13) NOT NULL,
  `checkin_interval` bigint(13) NOT NULL,
  PRIMARY KEY (`sched_name`, `instance_name`) USING BTREE
) ENGINE = InnoDB CHARACTER SET = utf8mb4 COLLATE = utf8mb4_general_ci ROW_FORMAT = Dynamic;

-- ----------------------------
-- Records of qrtz_scheduler_state
-- ----------------------------
INSERT INTO `qrtz_scheduler_state` VALUES ('RuoyiScheduler', 'DESKTOP-7G8IG0O1603942229427', 1603942388113, 15000);

-- ----------------------------
-- Table structure for qrtz_simple_triggers
-- ----------------------------
DROP TABLE IF EXISTS `qrtz_simple_triggers`;
CREATE TABLE `qrtz_simple_triggers`  (
  `sched_name` varchar(120) CHARACTER SET utf8mb4 COLLATE utf8mb4_general_ci NOT NULL,
  `trigger_name` varchar(200) CHARACTER SET utf8mb4 COLLATE utf8mb4_general_ci NOT NULL,
  `trigger_group` varchar(200) CHARACTER SET utf8mb4 COLLATE utf8mb4_general_ci NOT NULL,
  `repeat_count` bigint(7) NOT NULL,
  `repeat_interval` bigint(12) NOT NULL,
  `times_triggered` bigint(10) NOT NULL,
  PRIMARY KEY (`sched_name`, `trigger_name`, `trigger_group`) USING BTREE,
  CONSTRAINT `qrtz_simple_triggers_ibfk_1` FOREIGN KEY (`sched_name`, `trigger_name`, `trigger_group`) REFERENCES `qrtz_triggers` (`sched_name`, `trigger_name`, `trigger_group`) ON DELETE RESTRICT ON UPDATE RESTRICT
) ENGINE = InnoDB CHARACTER SET = utf8mb4 COLLATE = utf8mb4_general_ci ROW_FORMAT = Dynamic;

-- ----------------------------
-- Records of qrtz_simple_triggers
-- ----------------------------

-- ----------------------------
-- Table structure for qrtz_simprop_triggers
-- ----------------------------
DROP TABLE IF EXISTS `qrtz_simprop_triggers`;
CREATE TABLE `qrtz_simprop_triggers`  (
  `sched_name` varchar(120) CHARACTER SET utf8mb4 COLLATE utf8mb4_general_ci NOT NULL,
  `trigger_name` varchar(200) CHARACTER SET utf8mb4 COLLATE utf8mb4_general_ci NOT NULL,
  `trigger_group` varchar(200) CHARACTER SET utf8mb4 COLLATE utf8mb4_general_ci NOT NULL,
  `str_prop_1` varchar(512) CHARACTER SET utf8mb4 COLLATE utf8mb4_general_ci NULL DEFAULT NULL,
  `str_prop_2` varchar(512) CHARACTER SET utf8mb4 COLLATE utf8mb4_general_ci NULL DEFAULT NULL,
  `str_prop_3` varchar(512) CHARACTER SET utf8mb4 COLLATE utf8mb4_general_ci NULL DEFAULT NULL,
  `int_prop_1` int(11) NULL DEFAULT NULL,
  `int_prop_2` int(11) NULL DEFAULT NULL,
  `long_prop_1` bigint(20) NULL DEFAULT NULL,
  `long_prop_2` bigint(20) NULL DEFAULT NULL,
  `dec_prop_1` decimal(13, 4) NULL DEFAULT NULL,
  `dec_prop_2` decimal(13, 4) NULL DEFAULT NULL,
  `bool_prop_1` varchar(1) CHARACTER SET utf8mb4 COLLATE utf8mb4_general_ci NULL DEFAULT NULL,
  `bool_prop_2` varchar(1) CHARACTER SET utf8mb4 COLLATE utf8mb4_general_ci NULL DEFAULT NULL,
  PRIMARY KEY (`sched_name`, `trigger_name`, `trigger_group`) USING BTREE,
  CONSTRAINT `qrtz_simprop_triggers_ibfk_1` FOREIGN KEY (`sched_name`, `trigger_name`, `trigger_group`) REFERENCES `qrtz_triggers` (`sched_name`, `trigger_name`, `trigger_group`) ON DELETE RESTRICT ON UPDATE RESTRICT
) ENGINE = InnoDB CHARACTER SET = utf8mb4 COLLATE = utf8mb4_general_ci ROW_FORMAT = Dynamic;

-- ----------------------------
-- Records of qrtz_simprop_triggers
-- ----------------------------

-- ----------------------------
-- Table structure for qrtz_triggers
-- ----------------------------
DROP TABLE IF EXISTS `qrtz_triggers`;
CREATE TABLE `qrtz_triggers`  (
  `sched_name` varchar(120) CHARACTER SET utf8mb4 COLLATE utf8mb4_general_ci NOT NULL,
  `trigger_name` varchar(200) CHARACTER SET utf8mb4 COLLATE utf8mb4_general_ci NOT NULL,
  `trigger_group` varchar(200) CHARACTER SET utf8mb4 COLLATE utf8mb4_general_ci NOT NULL,
  `job_name` varchar(200) CHARACTER SET utf8mb4 COLLATE utf8mb4_general_ci NOT NULL,
  `job_group` varchar(200) CHARACTER SET utf8mb4 COLLATE utf8mb4_general_ci NOT NULL,
  `description` varchar(250) CHARACTER SET utf8mb4 COLLATE utf8mb4_general_ci NULL DEFAULT NULL,
  `next_fire_time` bigint(13) NULL DEFAULT NULL,
  `prev_fire_time` bigint(13) NULL DEFAULT NULL,
  `priority` int(11) NULL DEFAULT NULL,
  `trigger_state` varchar(16) CHARACTER SET utf8mb4 COLLATE utf8mb4_general_ci NOT NULL,
  `trigger_type` varchar(8) CHARACTER SET utf8mb4 COLLATE utf8mb4_general_ci NOT NULL,
  `start_time` bigint(13) NOT NULL,
  `end_time` bigint(13) NULL DEFAULT NULL,
  `calendar_name` varchar(200) CHARACTER SET utf8mb4 COLLATE utf8mb4_general_ci NULL DEFAULT NULL,
  `misfire_instr` smallint(2) NULL DEFAULT NULL,
  `job_data` blob NULL,
  PRIMARY KEY (`sched_name`, `trigger_name`, `trigger_group`) USING BTREE,
  INDEX `sched_name`(`sched_name`, `job_name`, `job_group`) USING BTREE,
  CONSTRAINT `qrtz_triggers_ibfk_1` FOREIGN KEY (`sched_name`, `job_name`, `job_group`) REFERENCES `qrtz_job_details` (`sched_name`, `job_name`, `job_group`) ON DELETE RESTRICT ON UPDATE RESTRICT
) ENGINE = InnoDB CHARACTER SET = utf8mb4 COLLATE = utf8mb4_general_ci ROW_FORMAT = Dynamic;

-- ----------------------------
-- Records of qrtz_triggers
-- ----------------------------
INSERT INTO `qrtz_triggers` VALUES ('RuoyiScheduler', 'TASK_CLASS_NAME1', 'DEFAULT', 'TASK_CLASS_NAME1', 'DEFAULT', NULL, 1603942230000, -1, 5, 'PAUSED', 'CRON', 1603942229000, 0, NULL, 2, '');
INSERT INTO `qrtz_triggers` VALUES ('RuoyiScheduler', 'TASK_CLASS_NAME2', 'DEFAULT', 'TASK_CLASS_NAME2', 'DEFAULT', NULL, 1603942230000, -1, 5, 'PAUSED', 'CRON', 1603942229000, 0, NULL, 2, '');
INSERT INTO `qrtz_triggers` VALUES ('RuoyiScheduler', 'TASK_CLASS_NAME3', 'DEFAULT', 'TASK_CLASS_NAME3', 'DEFAULT', NULL, 1603942240000, -1, 5, 'PAUSED', 'CRON', 1603942229000, 0, NULL, 2, '');

-- ----------------------------
-- Table structure for sys_config
-- ----------------------------
DROP TABLE IF EXISTS `sys_config`;
CREATE TABLE `sys_config`  (
  `config_id` int(5) NOT NULL AUTO_INCREMENT COMMENT '参数主键',
  `config_name` varchar(100) CHARACTER SET utf8mb4 COLLATE utf8mb4_general_ci NULL DEFAULT '' COMMENT '参数名称',
  `config_key` varchar(100) CHARACTER SET utf8mb4 COLLATE utf8mb4_general_ci NULL DEFAULT '' COMMENT '参数键名',
  `config_value` varchar(500) CHARACTER SET utf8mb4 COLLATE utf8mb4_general_ci NULL DEFAULT '' COMMENT '参数键值',
  `config_type` char(1) CHARACTER SET utf8mb4 COLLATE utf8mb4_general_ci NULL DEFAULT 'N' COMMENT '系统内置（Y是 N否）',
  `create_by` varchar(64) CHARACTER SET utf8mb4 COLLATE utf8mb4_general_ci NULL DEFAULT '' COMMENT '创建者',
  `create_time` datetime(0) NULL DEFAULT NULL COMMENT '创建时间',
  `update_by` varchar(64) CHARACTER SET utf8mb4 COLLATE utf8mb4_general_ci NULL DEFAULT '' COMMENT '更新者',
  `update_time` datetime(0) NULL DEFAULT NULL COMMENT '更新时间',
  `remark` varchar(500) CHARACTER SET utf8mb4 COLLATE utf8mb4_general_ci NULL DEFAULT NULL COMMENT '备注',
  PRIMARY KEY (`config_id`) USING BTREE
) ENGINE = InnoDB AUTO_INCREMENT = 100 CHARACTER SET = utf8mb4 COLLATE = utf8mb4_general_ci COMMENT = '参数配置表' ROW_FORMAT = Dynamic;

-- ----------------------------
-- Records of sys_config
-- ----------------------------
INSERT INTO `sys_config` VALUES (1, '主框架页-默认皮肤样式名称', 'sys.index.skinName', 'skin-blue', 'Y', 'admin', '2020-10-27 09:23:50', '', NULL, '蓝色 skin-blue、绿色 skin-green、紫色 skin-purple、红色 skin-red、黄色 skin-yellow');
INSERT INTO `sys_config` VALUES (2, '用户管理-账号初始密码', 'sys.user.initPassword', '123456', 'Y', 'admin', '2020-10-27 09:23:50', '', NULL, '初始化密码 123456');
INSERT INTO `sys_config` VALUES (3, '主框架页-侧边栏主题', 'sys.index.sideTheme', 'theme-dark', 'Y', 'admin', '2020-10-27 09:23:50', '', NULL, '深黑主题theme-dark，浅色主题theme-light，深蓝主题theme-blue');
INSERT INTO `sys_config` VALUES (4, '账号自助-是否开启用户注册功能', 'sys.account.registerUser', 'false', 'Y', 'admin', '2020-10-27 09:23:50', '', NULL, '是否开启注册用户功能（true开启，false关闭）');
INSERT INTO `sys_config` VALUES (5, '用户管理-密码字符范围', 'sys.account.chrtype', '0', 'Y', 'admin', '2020-10-27 09:23:50', '', NULL, '默认任意字符范围，0任意（密码可以输入任意字符），1数字（密码只能为0-9数字），2英文字母（密码只能为a-z和A-Z字母），3字母和数字（密码必须包含字母，数字）,4字母数字和特殊字符（目前支持的特殊字符包括：~!@#$%^&*()-=_+）');
INSERT INTO `sys_config` VALUES (6, '用户管理-初始密码修改策略', 'sys.account.initPasswordModify', '0', 'Y', 'admin', '2020-10-27 09:23:50', '', NULL, '0：初始密码修改策略关闭，没有任何提示，1：提醒用户，如果未修改初始密码，则在登录时就会提醒修改密码对话框');
INSERT INTO `sys_config` VALUES (7, '用户管理-账号密码更新周期', 'sys.account.passwordValidateDays', '0', 'Y', 'admin', '2020-10-27 09:23:50', '', NULL, '密码更新周期（填写数字，数据初始化值为0不限制，若修改必须为大于0小于365的正整数），如果超过这个周期登录系统时，则在登录时就会提醒修改密码对话框');
INSERT INTO `sys_config` VALUES (8, '主框架页-菜单导航显示风格', 'sys.index.menuStyle', 'default', 'Y', 'admin', '2020-10-27 09:23:50', '', NULL, '菜单导航显示风格（default为左侧导航菜单，topnav为顶部导航菜单）');
INSERT INTO `sys_config` VALUES (9, '主框架页-是否开启页脚', 'sys.index.ignoreFooter', 'true', 'Y', 'admin', '2020-10-27 09:23:50', '', NULL, '是否开启底部页脚显示（true显示，false隐藏）');

-- ----------------------------
-- Table structure for sys_dept
-- ----------------------------
DROP TABLE IF EXISTS `sys_dept`;
CREATE TABLE `sys_dept`  (
  `dept_id` bigint(20) NOT NULL AUTO_INCREMENT COMMENT '部门id',
  `parent_id` bigint(20) NULL DEFAULT 0 COMMENT '父部门id',
  `ancestors` varchar(50) CHARACTER SET utf8mb4 COLLATE utf8mb4_general_ci NULL DEFAULT '' COMMENT '祖级列表',
  `dept_name` varchar(30) CHARACTER SET utf8mb4 COLLATE utf8mb4_general_ci NULL DEFAULT '' COMMENT '部门名称',
  `order_num` int(4) NULL DEFAULT 0 COMMENT '显示顺序',
  `leader` varchar(20) CHARACTER SET utf8mb4 COLLATE utf8mb4_general_ci NULL DEFAULT NULL COMMENT '负责人',
  `phone` varchar(11) CHARACTER SET utf8mb4 COLLATE utf8mb4_general_ci NULL DEFAULT NULL COMMENT '联系电话',
  `email` varchar(50) CHARACTER SET utf8mb4 COLLATE utf8mb4_general_ci NULL DEFAULT NULL COMMENT '邮箱',
  `status` char(1) CHARACTER SET utf8mb4 COLLATE utf8mb4_general_ci NULL DEFAULT '0' COMMENT '部门状态（0正常 1停用）',
  `del_flag` char(1) CHARACTER SET utf8mb4 COLLATE utf8mb4_general_ci NULL DEFAULT '0' COMMENT '删除标志（0代表存在 2代表删除）',
  `create_by` varchar(64) CHARACTER SET utf8mb4 COLLATE utf8mb4_general_ci NULL DEFAULT '' COMMENT '创建者',
  `create_time` datetime(0) NULL DEFAULT NULL COMMENT '创建时间',
  `update_by` varchar(64) CHARACTER SET utf8mb4 COLLATE utf8mb4_general_ci NULL DEFAULT '' COMMENT '更新者',
  `update_time` datetime(0) NULL DEFAULT NULL COMMENT '更新时间',
  PRIMARY KEY (`dept_id`) USING BTREE
) ENGINE = InnoDB AUTO_INCREMENT = 200 CHARACTER SET = utf8mb4 COLLATE = utf8mb4_general_ci COMMENT = '部门表' ROW_FORMAT = Dynamic;

-- ----------------------------
-- Records of sys_dept
-- ----------------------------
INSERT INTO `sys_dept` VALUES (100, 0, '0', '若依科技', 0, '若依', '15888888888', 'ry@qq.com', '0', '0', 'admin', '2020-10-27 09:23:50', '', NULL);
INSERT INTO `sys_dept` VALUES (101, 100, '0,100', '深圳总公司', 1, '若依', '15888888888', 'ry@qq.com', '0', '0', 'admin', '2020-10-27 09:23:50', '', NULL);
INSERT INTO `sys_dept` VALUES (102, 100, '0,100', '长沙分公司', 2, '若依', '15888888888', 'ry@qq.com', '0', '0', 'admin', '2020-10-27 09:23:50', '', NULL);
INSERT INTO `sys_dept` VALUES (103, 101, '0,100,101', '研发部门', 1, '若依', '15888888888', 'ry@qq.com', '0', '0', 'admin', '2020-10-27 09:23:50', '', NULL);
INSERT INTO `sys_dept` VALUES (104, 101, '0,100,101', '市场部门', 2, '若依', '15888888888', 'ry@qq.com', '0', '0', 'admin', '2020-10-27 09:23:50', '', NULL);
INSERT INTO `sys_dept` VALUES (105, 101, '0,100,101', '测试部门', 3, '若依', '15888888888', 'ry@qq.com', '0', '0', 'admin', '2020-10-27 09:23:50', '', NULL);
INSERT INTO `sys_dept` VALUES (106, 101, '0,100,101', '财务部门', 4, '若依', '15888888888', 'ry@qq.com', '0', '0', 'admin', '2020-10-27 09:23:50', '', NULL);
INSERT INTO `sys_dept` VALUES (107, 101, '0,100,101', '运维部门', 5, '若依', '15888888888', 'ry@qq.com', '0', '0', 'admin', '2020-10-27 09:23:50', '', NULL);
INSERT INTO `sys_dept` VALUES (108, 102, '0,100,102', '市场部门', 1, '若依', '15888888888', 'ry@qq.com', '0', '0', 'admin', '2020-10-27 09:23:50', '', NULL);
INSERT INTO `sys_dept` VALUES (109, 102, '0,100,102', '财务部门', 2, '若依', '15888888888', 'ry@qq.com', '0', '0', 'admin', '2020-10-27 09:23:50', '', NULL);

-- ----------------------------
-- Table structure for sys_dict_data
-- ----------------------------
DROP TABLE IF EXISTS `sys_dict_data`;
CREATE TABLE `sys_dict_data`  (
  `dict_code` bigint(20) NOT NULL AUTO_INCREMENT COMMENT '字典编码',
  `dict_sort` int(4) NULL DEFAULT 0 COMMENT '字典排序',
  `dict_label` varchar(100) CHARACTER SET utf8mb4 COLLATE utf8mb4_general_ci NULL DEFAULT '' COMMENT '字典标签',
  `dict_value` varchar(100) CHARACTER SET utf8mb4 COLLATE utf8mb4_general_ci NULL DEFAULT '' COMMENT '字典键值',
  `dict_type` varchar(100) CHARACTER SET utf8mb4 COLLATE utf8mb4_general_ci NULL DEFAULT '' COMMENT '字典类型',
  `css_class` varchar(100) CHARACTER SET utf8mb4 COLLATE utf8mb4_general_ci NULL DEFAULT NULL COMMENT '样式属性（其他样式扩展）',
  `list_class` varchar(100) CHARACTER SET utf8mb4 COLLATE utf8mb4_general_ci NULL DEFAULT NULL COMMENT '表格回显样式',
  `is_default` char(1) CHARACTER SET utf8mb4 COLLATE utf8mb4_general_ci NULL DEFAULT 'N' COMMENT '是否默认（Y是 N否）',
  `status` char(1) CHARACTER SET utf8mb4 COLLATE utf8mb4_general_ci NULL DEFAULT '0' COMMENT '状态（0正常 1停用）',
  `create_by` varchar(64) CHARACTER SET utf8mb4 COLLATE utf8mb4_general_ci NULL DEFAULT '' COMMENT '创建者',
  `create_time` datetime(0) NULL DEFAULT NULL COMMENT '创建时间',
  `update_by` varchar(64) CHARACTER SET utf8mb4 COLLATE utf8mb4_general_ci NULL DEFAULT '' COMMENT '更新者',
  `update_time` datetime(0) NULL DEFAULT NULL COMMENT '更新时间',
  `remark` varchar(500) CHARACTER SET utf8mb4 COLLATE utf8mb4_general_ci NULL DEFAULT NULL COMMENT '备注',
  PRIMARY KEY (`dict_code`) USING BTREE
) ENGINE = InnoDB AUTO_INCREMENT = 102 CHARACTER SET = utf8mb4 COLLATE = utf8mb4_general_ci COMMENT = '字典数据表' ROW_FORMAT = Dynamic;

-- ----------------------------
-- Records of sys_dict_data
-- ----------------------------
INSERT INTO `sys_dict_data` VALUES (1, 1, '男', '0', 'sys_user_sex', '', '', 'Y', '0', 'admin', '2020-10-27 09:23:50', '', NULL, '性别男');
INSERT INTO `sys_dict_data` VALUES (2, 2, '女', '1', 'sys_user_sex', '', '', 'N', '0', 'admin', '2020-10-27 09:23:50', '', NULL, '性别女');
INSERT INTO `sys_dict_data` VALUES (3, 3, '未知', '2', 'sys_user_sex', '', '', 'N', '0', 'admin', '2020-10-27 09:23:50', '', NULL, '性别未知');
INSERT INTO `sys_dict_data` VALUES (4, 1, '显示', '0', 'sys_show_hide', '', 'primary', 'Y', '0', 'admin', '2020-10-27 09:23:50', '', NULL, '显示菜单');
INSERT INTO `sys_dict_data` VALUES (5, 2, '隐藏', '1', 'sys_show_hide', '', 'danger', 'N', '0', 'admin', '2020-10-27 09:23:50', '', NULL, '隐藏菜单');
INSERT INTO `sys_dict_data` VALUES (6, 1, '正常', '0', 'sys_normal_disable', '', 'primary', 'Y', '0', 'admin', '2020-10-27 09:23:50', '', NULL, '正常状态');
INSERT INTO `sys_dict_data` VALUES (7, 2, '停用', '1', 'sys_normal_disable', '', 'danger', 'N', '0', 'admin', '2020-10-27 09:23:50', '', NULL, '停用状态');
INSERT INTO `sys_dict_data` VALUES (8, 1, '正常', '0', 'sys_job_status', '', 'primary', 'Y', '0', 'admin', '2020-10-27 09:23:50', '', NULL, '正常状态');
INSERT INTO `sys_dict_data` VALUES (9, 2, '暂停', '1', 'sys_job_status', '', 'danger', 'N', '0', 'admin', '2020-10-27 09:23:50', '', NULL, '停用状态');
INSERT INTO `sys_dict_data` VALUES (10, 1, '默认', 'DEFAULT', 'sys_job_group', '', '', 'Y', '0', 'admin', '2020-10-27 09:23:50', '', NULL, '默认分组');
INSERT INTO `sys_dict_data` VALUES (11, 2, '系统', 'SYSTEM', 'sys_job_group', '', '', 'N', '0', 'admin', '2020-10-27 09:23:50', '', NULL, '系统分组');
INSERT INTO `sys_dict_data` VALUES (12, 1, '是', 'Y', 'sys_yes_no', '', 'primary', 'Y', '0', 'admin', '2020-10-27 09:23:50', '', NULL, '系统默认是');
INSERT INTO `sys_dict_data` VALUES (13, 2, '否', 'N', 'sys_yes_no', '', 'danger', 'N', '0', 'admin', '2020-10-27 09:23:50', '', NULL, '系统默认否');
INSERT INTO `sys_dict_data` VALUES (14, 1, '通知', '1', 'sys_notice_type', '', 'warning', 'Y', '0', 'admin', '2020-10-27 09:23:50', '', NULL, '通知');
INSERT INTO `sys_dict_data` VALUES (15, 2, '公告', '2', 'sys_notice_type', '', 'success', 'N', '0', 'admin', '2020-10-27 09:23:50', '', NULL, '公告');
INSERT INTO `sys_dict_data` VALUES (16, 1, '正常', '0', 'sys_notice_status', '', 'primary', 'Y', '0', 'admin', '2020-10-27 09:23:50', '', NULL, '正常状态');
INSERT INTO `sys_dict_data` VALUES (17, 2, '关闭', '1', 'sys_notice_status', '', 'danger', 'N', '0', 'admin', '2020-10-27 09:23:50', '', NULL, '关闭状态');
INSERT INTO `sys_dict_data` VALUES (18, 99, '其他', '0', 'sys_oper_type', '', 'info', 'N', '0', 'admin', '2020-10-27 09:23:50', '', NULL, '其他操作');
INSERT INTO `sys_dict_data` VALUES (19, 1, '新增', '1', 'sys_oper_type', '', 'info', 'N', '0', 'admin', '2020-10-27 09:23:50', '', NULL, '新增操作');
INSERT INTO `sys_dict_data` VALUES (20, 2, '修改', '2', 'sys_oper_type', '', 'info', 'N', '0', 'admin', '2020-10-27 09:23:50', '', NULL, '修改操作');
INSERT INTO `sys_dict_data` VALUES (21, 3, '删除', '3', 'sys_oper_type', '', 'danger', 'N', '0', 'admin', '2020-10-27 09:23:50', '', NULL, '删除操作');
INSERT INTO `sys_dict_data` VALUES (22, 4, '授权', '4', 'sys_oper_type', '', 'primary', 'N', '0', 'admin', '2020-10-27 09:23:50', '', NULL, '授权操作');
INSERT INTO `sys_dict_data` VALUES (23, 5, '导出', '5', 'sys_oper_type', '', 'warning', 'N', '0', 'admin', '2020-10-27 09:23:50', '', NULL, '导出操作');
INSERT INTO `sys_dict_data` VALUES (24, 6, '导入', '6', 'sys_oper_type', '', 'warning', 'N', '0', 'admin', '2020-10-27 09:23:50', '', NULL, '导入操作');
INSERT INTO `sys_dict_data` VALUES (25, 7, '强退', '7', 'sys_oper_type', '', 'danger', 'N', '0', 'admin', '2020-10-27 09:23:50', '', NULL, '强退操作');
INSERT INTO `sys_dict_data` VALUES (26, 8, '生成代码', '8', 'sys_oper_type', '', 'warning', 'N', '0', 'admin', '2020-10-27 09:23:50', '', NULL, '生成操作');
INSERT INTO `sys_dict_data` VALUES (27, 9, '清空数据', '9', 'sys_oper_type', '', 'danger', 'N', '0', 'admin', '2020-10-27 09:23:50', '', NULL, '清空操作');
INSERT INTO `sys_dict_data` VALUES (28, 1, '成功', '0', 'sys_common_status', '', 'primary', 'N', '0', 'admin', '2020-10-27 09:23:50', '', NULL, '正常状态');
INSERT INTO `sys_dict_data` VALUES (29, 2, '失败', '1', 'sys_common_status', '', 'danger', 'N', '0', 'admin', '2020-10-27 09:23:50', '', NULL, '停用状态');
INSERT INTO `sys_dict_data` VALUES (100, 2, '会签', 'leaveCounterSign', 'biz_leave_type', NULL, 'warning', 'Y', '0', 'admin', '2020-10-27 10:04:38', '', NULL, NULL);
INSERT INTO `sys_dict_data` VALUES (101, 1, '普通', 'leave', 'biz_leave_type', NULL, 'success', 'Y', '0', 'admin', '2020-10-27 10:04:57', '', NULL, NULL);

-- ----------------------------
-- Table structure for sys_dict_type
-- ----------------------------
DROP TABLE IF EXISTS `sys_dict_type`;
CREATE TABLE `sys_dict_type`  (
  `dict_id` bigint(20) NOT NULL AUTO_INCREMENT COMMENT '字典主键',
  `dict_name` varchar(100) CHARACTER SET utf8mb4 COLLATE utf8mb4_general_ci NULL DEFAULT '' COMMENT '字典名称',
  `dict_type` varchar(100) CHARACTER SET utf8mb4 COLLATE utf8mb4_general_ci NULL DEFAULT '' COMMENT '字典类型',
  `status` char(1) CHARACTER SET utf8mb4 COLLATE utf8mb4_general_ci NULL DEFAULT '0' COMMENT '状态（0正常 1停用）',
  `create_by` varchar(64) CHARACTER SET utf8mb4 COLLATE utf8mb4_general_ci NULL DEFAULT '' COMMENT '创建者',
  `create_time` datetime(0) NULL DEFAULT NULL COMMENT '创建时间',
  `update_by` varchar(64) CHARACTER SET utf8mb4 COLLATE utf8mb4_general_ci NULL DEFAULT '' COMMENT '更新者',
  `update_time` datetime(0) NULL DEFAULT NULL COMMENT '更新时间',
  `remark` varchar(500) CHARACTER SET utf8mb4 COLLATE utf8mb4_general_ci NULL DEFAULT NULL COMMENT '备注',
  PRIMARY KEY (`dict_id`) USING BTREE,
  UNIQUE INDEX `dict_type`(`dict_type`) USING BTREE
) ENGINE = InnoDB AUTO_INCREMENT = 101 CHARACTER SET = utf8mb4 COLLATE = utf8mb4_general_ci COMMENT = '字典类型表' ROW_FORMAT = Dynamic;

-- ----------------------------
-- Records of sys_dict_type
-- ----------------------------
INSERT INTO `sys_dict_type` VALUES (1, '用户性别', 'sys_user_sex', '0', 'admin', '2020-10-27 09:23:50', '', NULL, '用户性别列表');
INSERT INTO `sys_dict_type` VALUES (2, '菜单状态', 'sys_show_hide', '0', 'admin', '2020-10-27 09:23:50', '', NULL, '菜单状态列表');
INSERT INTO `sys_dict_type` VALUES (3, '系统开关', 'sys_normal_disable', '0', 'admin', '2020-10-27 09:23:50', '', NULL, '系统开关列表');
INSERT INTO `sys_dict_type` VALUES (4, '任务状态', 'sys_job_status', '0', 'admin', '2020-10-27 09:23:50', '', NULL, '任务状态列表');
INSERT INTO `sys_dict_type` VALUES (5, '任务分组', 'sys_job_group', '0', 'admin', '2020-10-27 09:23:50', '', NULL, '任务分组列表');
INSERT INTO `sys_dict_type` VALUES (6, '系统是否', 'sys_yes_no', '0', 'admin', '2020-10-27 09:23:50', '', NULL, '系统是否列表');
INSERT INTO `sys_dict_type` VALUES (7, '通知类型', 'sys_notice_type', '0', 'admin', '2020-10-27 09:23:50', '', NULL, '通知类型列表');
INSERT INTO `sys_dict_type` VALUES (8, '通知状态', 'sys_notice_status', '0', 'admin', '2020-10-27 09:23:50', '', NULL, '通知状态列表');
INSERT INTO `sys_dict_type` VALUES (9, '操作类型', 'sys_oper_type', '0', 'admin', '2020-10-27 09:23:50', '', NULL, '操作类型列表');
INSERT INTO `sys_dict_type` VALUES (10, '系统状态', 'sys_common_status', '0', 'admin', '2020-10-27 09:23:50', '', NULL, '登录状态列表');
INSERT INTO `sys_dict_type` VALUES (100, '请假类型', 'biz_leave_type', '0', 'admin', '2020-10-27 10:01:25', '', NULL, NULL);

-- ----------------------------
-- Table structure for sys_job
-- ----------------------------
DROP TABLE IF EXISTS `sys_job`;
CREATE TABLE `sys_job`  (
  `job_id` bigint(20) NOT NULL AUTO_INCREMENT COMMENT '任务ID',
  `job_name` varchar(64) CHARACTER SET utf8mb4 COLLATE utf8mb4_general_ci NOT NULL DEFAULT '' COMMENT '任务名称',
  `job_group` varchar(64) CHARACTER SET utf8mb4 COLLATE utf8mb4_general_ci NOT NULL DEFAULT 'DEFAULT' COMMENT '任务组名',
  `invoke_target` varchar(500) CHARACTER SET utf8mb4 COLLATE utf8mb4_general_ci NOT NULL COMMENT '调用目标字符串',
  `cron_expression` varchar(255) CHARACTER SET utf8mb4 COLLATE utf8mb4_general_ci NULL DEFAULT '' COMMENT 'cron执行表达式',
  `misfire_policy` varchar(20) CHARACTER SET utf8mb4 COLLATE utf8mb4_general_ci NULL DEFAULT '3' COMMENT '计划执行错误策略（1立即执行 2执行一次 3放弃执行）',
  `concurrent` char(1) CHARACTER SET utf8mb4 COLLATE utf8mb4_general_ci NULL DEFAULT '1' COMMENT '是否并发执行（0允许 1禁止）',
  `status` char(1) CHARACTER SET utf8mb4 COLLATE utf8mb4_general_ci NULL DEFAULT '0' COMMENT '状态（0正常 1暂停）',
  `create_by` varchar(64) CHARACTER SET utf8mb4 COLLATE utf8mb4_general_ci NULL DEFAULT '' COMMENT '创建者',
  `create_time` datetime(0) NULL DEFAULT NULL COMMENT '创建时间',
  `update_by` varchar(64) CHARACTER SET utf8mb4 COLLATE utf8mb4_general_ci NULL DEFAULT '' COMMENT '更新者',
  `update_time` datetime(0) NULL DEFAULT NULL COMMENT '更新时间',
  `remark` varchar(500) CHARACTER SET utf8mb4 COLLATE utf8mb4_general_ci NULL DEFAULT '' COMMENT '备注信息',
  PRIMARY KEY (`job_id`, `job_name`, `job_group`) USING BTREE
) ENGINE = InnoDB AUTO_INCREMENT = 100 CHARACTER SET = utf8mb4 COLLATE = utf8mb4_general_ci COMMENT = '定时任务调度表' ROW_FORMAT = Dynamic;

-- ----------------------------
-- Records of sys_job
-- ----------------------------
INSERT INTO `sys_job` VALUES (1, '系统默认（无参）', 'DEFAULT', 'ryTask.ryNoParams', '0/10 * * * * ?', '3', '1', '1', 'admin', '2020-10-27 09:23:50', '', NULL, '');
INSERT INTO `sys_job` VALUES (2, '系统默认（有参）', 'DEFAULT', 'ryTask.ryParams(\'ry\')', '0/15 * * * * ?', '3', '1', '1', 'admin', '2020-10-27 09:23:50', '', NULL, '');
INSERT INTO `sys_job` VALUES (3, '系统默认（多参）', 'DEFAULT', 'ryTask.ryMultipleParams(\'ry\', true, 2000L, 316.50D, 100)', '0/20 * * * * ?', '3', '1', '1', 'admin', '2020-10-27 09:23:50', '', NULL, '');

-- ----------------------------
-- Table structure for sys_job_log
-- ----------------------------
DROP TABLE IF EXISTS `sys_job_log`;
CREATE TABLE `sys_job_log`  (
  `job_log_id` bigint(20) NOT NULL AUTO_INCREMENT COMMENT '任务日志ID',
  `job_name` varchar(64) CHARACTER SET utf8mb4 COLLATE utf8mb4_general_ci NOT NULL COMMENT '任务名称',
  `job_group` varchar(64) CHARACTER SET utf8mb4 COLLATE utf8mb4_general_ci NOT NULL COMMENT '任务组名',
  `invoke_target` varchar(500) CHARACTER SET utf8mb4 COLLATE utf8mb4_general_ci NOT NULL COMMENT '调用目标字符串',
  `job_message` varchar(500) CHARACTER SET utf8mb4 COLLATE utf8mb4_general_ci NULL DEFAULT NULL COMMENT '日志信息',
  `status` char(1) CHARACTER SET utf8mb4 COLLATE utf8mb4_general_ci NULL DEFAULT '0' COMMENT '执行状态（0正常 1失败）',
  `exception_info` varchar(2000) CHARACTER SET utf8mb4 COLLATE utf8mb4_general_ci NULL DEFAULT '' COMMENT '异常信息',
  `create_time` datetime(0) NULL DEFAULT NULL COMMENT '创建时间',
  PRIMARY KEY (`job_log_id`) USING BTREE
) ENGINE = InnoDB AUTO_INCREMENT = 1 CHARACTER SET = utf8mb4 COLLATE = utf8mb4_general_ci COMMENT = '定时任务调度日志表' ROW_FORMAT = Dynamic;

-- ----------------------------
-- Records of sys_job_log
-- ----------------------------

-- ----------------------------
-- Table structure for sys_logininfor
-- ----------------------------
DROP TABLE IF EXISTS `sys_logininfor`;
CREATE TABLE `sys_logininfor`  (
  `info_id` bigint(20) NOT NULL AUTO_INCREMENT COMMENT '访问ID',
  `login_name` varchar(50) CHARACTER SET utf8mb4 COLLATE utf8mb4_general_ci NULL DEFAULT '' COMMENT '登录账号',
  `ipaddr` varchar(50) CHARACTER SET utf8mb4 COLLATE utf8mb4_general_ci NULL DEFAULT '' COMMENT '登录IP地址',
  `login_location` varchar(255) CHARACTER SET utf8mb4 COLLATE utf8mb4_general_ci NULL DEFAULT '' COMMENT '登录地点',
  `browser` varchar(50) CHARACTER SET utf8mb4 COLLATE utf8mb4_general_ci NULL DEFAULT '' COMMENT '浏览器类型',
  `os` varchar(50) CHARACTER SET utf8mb4 COLLATE utf8mb4_general_ci NULL DEFAULT '' COMMENT '操作系统',
  `status` char(1) CHARACTER SET utf8mb4 COLLATE utf8mb4_general_ci NULL DEFAULT '0' COMMENT '登录状态（0成功 1失败）',
  `msg` varchar(255) CHARACTER SET utf8mb4 COLLATE utf8mb4_general_ci NULL DEFAULT '' COMMENT '提示消息',
  `login_time` datetime(0) NULL DEFAULT NULL COMMENT '访问时间',
  PRIMARY KEY (`info_id`) USING BTREE
) ENGINE = InnoDB AUTO_INCREMENT = 152 CHARACTER SET = utf8mb4 COLLATE = utf8mb4_general_ci COMMENT = '系统访问记录' ROW_FORMAT = Dynamic;

-- ----------------------------
-- Records of sys_logininfor
-- ----------------------------
INSERT INTO `sys_logininfor` VALUES (100, 'admin', '127.0.0.1', '内网IP', 'Chrome 8', 'Windows 10', '0', '登录成功', '2020-10-27 09:48:47');
INSERT INTO `sys_logininfor` VALUES (101, 'admin', '127.0.0.1', '内网IP', 'Chrome 8', 'Windows 10', '1', '验证码错误', '2020-10-27 09:49:21');
INSERT INTO `sys_logininfor` VALUES (102, 'admin', '127.0.0.1', '内网IP', 'Chrome 8', 'Windows 10', '0', '登录成功', '2020-10-27 09:49:25');
INSERT INTO `sys_logininfor` VALUES (103, 'admin', '127.0.0.1', '内网IP', 'Chrome 8', 'Windows 10', '0', '登录成功', '2020-10-27 09:50:40');
INSERT INTO `sys_logininfor` VALUES (104, 'admin', '127.0.0.1', '内网IP', 'Chrome 8', 'Windows 10', '0', '登录成功', '2020-10-27 10:25:32');
INSERT INTO `sys_logininfor` VALUES (105, 'admin', '127.0.0.1', '内网IP', 'Chrome 8', 'Windows 10', '0', '退出成功', '2020-10-27 10:25:51');
INSERT INTO `sys_logininfor` VALUES (106, 'chengxy', '127.0.0.1', '内网IP', 'Chrome 8', 'Windows 10', '1', '验证码错误', '2020-10-27 10:25:56');
INSERT INTO `sys_logininfor` VALUES (107, 'chengxy', '127.0.0.1', '内网IP', 'Chrome 8', 'Windows 10', '0', '登录成功', '2020-10-27 10:25:59');
INSERT INTO `sys_logininfor` VALUES (108, 'chengxy', '127.0.0.1', '内网IP', 'Chrome 8', 'Windows 10', '0', '退出成功', '2020-10-27 10:26:28');
INSERT INTO `sys_logininfor` VALUES (109, 'axianlu', '127.0.0.1', '内网IP', 'Chrome 8', 'Windows 10', '0', '登录成功', '2020-10-27 10:26:41');
INSERT INTO `sys_logininfor` VALUES (110, 'axianlu', '127.0.0.1', '内网IP', 'Chrome 8', 'Windows 10', '0', '退出成功', '2020-10-27 10:26:52');
INSERT INTO `sys_logininfor` VALUES (111, 'rensm', '127.0.0.1', '内网IP', 'Chrome 8', 'Windows 10', '0', '登录成功', '2020-10-27 10:27:02');
INSERT INTO `sys_logininfor` VALUES (112, 'rensm', '127.0.0.1', '内网IP', 'Chrome 8', 'Windows 10', '0', '退出成功', '2020-10-27 10:27:17');
INSERT INTO `sys_logininfor` VALUES (113, 'axianlu', '127.0.0.1', '内网IP', 'Chrome 8', 'Windows 10', '0', '登录成功', '2020-10-27 10:27:30');
INSERT INTO `sys_logininfor` VALUES (114, 'axianlu', '127.0.0.1', '内网IP', 'Chrome 8', 'Windows 10', '0', '退出成功', '2020-10-27 10:27:52');
INSERT INTO `sys_logininfor` VALUES (115, 'chengxy', '127.0.0.1', '内网IP', 'Chrome 8', 'Windows 10', '0', '登录成功', '2020-10-27 10:27:58');
INSERT INTO `sys_logininfor` VALUES (116, 'chengxy', '127.0.0.1', '内网IP', 'Chrome 8', 'Windows 10', '0', '退出成功', '2020-10-27 10:28:50');
INSERT INTO `sys_logininfor` VALUES (117, 'axinlu', '127.0.0.1', '内网IP', 'Chrome 8', 'Windows 10', '1', '验证码错误', '2020-10-27 10:28:58');
INSERT INTO `sys_logininfor` VALUES (118, 'axinlu', '127.0.0.1', '内网IP', 'Chrome 8', 'Windows 10', '1', '用户不存在/密码错误', '2020-10-27 10:29:00');
INSERT INTO `sys_logininfor` VALUES (119, 'axianlu', '127.0.0.1', '内网IP', 'Chrome 8', 'Windows 10', '0', '登录成功', '2020-10-27 10:29:06');
INSERT INTO `sys_logininfor` VALUES (120, 'axianlu', '127.0.0.1', '内网IP', 'Chrome 8', 'Windows 10', '0', '退出成功', '2020-10-27 10:29:23');
INSERT INTO `sys_logininfor` VALUES (121, 'chengxy', '127.0.0.1', '内网IP', 'Chrome 8', 'Windows 10', '1', '验证码错误', '2020-10-27 10:29:28');
INSERT INTO `sys_logininfor` VALUES (122, 'chengxy', '127.0.0.1', '内网IP', 'Chrome 8', 'Windows 10', '0', '登录成功', '2020-10-27 10:29:30');
INSERT INTO `sys_logininfor` VALUES (123, 'chengxy', '127.0.0.1', '内网IP', 'Chrome 8', 'Windows 10', '0', '退出成功', '2020-10-27 10:30:59');
INSERT INTO `sys_logininfor` VALUES (124, 'axianlu', '127.0.0.1', '内网IP', 'Chrome 8', 'Windows 10', '1', '验证码错误', '2020-10-27 10:31:04');
INSERT INTO `sys_logininfor` VALUES (125, 'axianlu', '127.0.0.1', '内网IP', 'Chrome 8', 'Windows 10', '0', '登录成功', '2020-10-27 10:31:06');
INSERT INTO `sys_logininfor` VALUES (126, 'axianlu', '127.0.0.1', '内网IP', 'Chrome 8', 'Windows 10', '0', '退出成功', '2020-10-27 10:31:19');
INSERT INTO `sys_logininfor` VALUES (127, 'chengxy', '127.0.0.1', '内网IP', 'Chrome 8', 'Windows 10', '0', '登录成功', '2020-10-27 10:31:25');
INSERT INTO `sys_logininfor` VALUES (128, 'chengxy', '127.0.0.1', '内网IP', 'Chrome 8', 'Windows 10', '0', '退出成功', '2020-10-27 10:31:43');
INSERT INTO `sys_logininfor` VALUES (129, 'axianlu', '127.0.0.1', '内网IP', 'Chrome 8', 'Windows 10', '0', '登录成功', '2020-10-27 10:31:53');
INSERT INTO `sys_logininfor` VALUES (130, 'axianlu', '127.0.0.1', '内网IP', 'Chrome 8', 'Windows 10', '0', '退出成功', '2020-10-27 10:32:22');
INSERT INTO `sys_logininfor` VALUES (131, 'admin', '127.0.0.1', '内网IP', 'Chrome 8', 'Windows 10', '0', '登录成功', '2020-10-27 10:32:26');
INSERT INTO `sys_logininfor` VALUES (132, 'admin', '127.0.0.1', '内网IP', 'Chrome 8', 'Windows 10', '0', '登录成功', '2020-10-27 15:27:57');
INSERT INTO `sys_logininfor` VALUES (133, 'admin', '127.0.0.1', '内网IP', 'Chrome 8', 'Windows 10', '0', '登录成功', '2020-10-27 15:33:58');
INSERT INTO `sys_logininfor` VALUES (134, 'admin', '127.0.0.1', '内网IP', 'Chrome 8', 'Windows 10', '0', '登录成功', '2020-10-27 15:42:05');
INSERT INTO `sys_logininfor` VALUES (135, 'admin', '127.0.0.1', '内网IP', 'Chrome 8', 'Windows 10', '0', '登录成功', '2020-10-27 15:45:00');
INSERT INTO `sys_logininfor` VALUES (136, 'admin', '127.0.0.1', '内网IP', 'Chrome 8', 'Windows 10', '0', '登录成功', '2020-10-27 15:49:15');
INSERT INTO `sys_logininfor` VALUES (137, 'admin', '127.0.0.1', '内网IP', 'Chrome 8', 'Windows 10', '0', '登录成功', '2020-10-27 15:52:18');
INSERT INTO `sys_logininfor` VALUES (138, 'admin', '127.0.0.1', '内网IP', 'Chrome 8', 'Windows 10', '0', '登录成功', '2020-10-27 15:56:39');
INSERT INTO `sys_logininfor` VALUES (139, 'admin', '127.0.0.1', '内网IP', 'Chrome 8', 'Windows 10', '0', '登录成功', '2020-10-27 15:57:41');
INSERT INTO `sys_logininfor` VALUES (140, 'admin', '127.0.0.1', '内网IP', 'Chrome 8', 'Windows 10', '0', '登录成功', '2020-10-27 15:59:04');
INSERT INTO `sys_logininfor` VALUES (141, 'admin', '127.0.0.1', '内网IP', 'Chrome 8', 'Windows 10', '0', '登录成功', '2020-10-27 16:00:24');
INSERT INTO `sys_logininfor` VALUES (142, 'admin', '127.0.0.1', '内网IP', 'Chrome 8', 'Windows 10', '0', '登录成功', '2020-10-27 16:43:42');
INSERT INTO `sys_logininfor` VALUES (143, 'admin', '127.0.0.1', '内网IP', 'Chrome 8', 'Windows 10', '1', '验证码错误', '2020-10-27 17:35:09');
INSERT INTO `sys_logininfor` VALUES (144, 'admin', '127.0.0.1', '内网IP', 'Chrome 8', 'Windows 10', '0', '登录成功', '2020-10-27 17:35:13');
INSERT INTO `sys_logininfor` VALUES (145, 'admin', '127.0.0.1', '内网IP', 'Chrome 8', 'Windows 10', '0', '登录成功', '2020-10-28 09:27:59');
INSERT INTO `sys_logininfor` VALUES (146, 'admin', '127.0.0.1', '内网IP', 'Chrome 8', 'Windows 10', '1', '验证码错误', '2020-10-28 10:35:43');
INSERT INTO `sys_logininfor` VALUES (147, 'admin', '127.0.0.1', '内网IP', 'Chrome 8', 'Windows 10', '0', '登录成功', '2020-10-28 10:35:45');
INSERT INTO `sys_logininfor` VALUES (148, 'admin', '127.0.0.1', '内网IP', 'Chrome 8', 'Windows 10', '0', '登录成功', '2020-10-28 10:41:51');
INSERT INTO `sys_logininfor` VALUES (149, 'admin', '127.0.0.1', '内网IP', 'Chrome 8', 'Windows 10', '0', '登录成功', '2020-10-28 11:15:36');
INSERT INTO `sys_logininfor` VALUES (150, 'admin', '127.0.0.1', '内网IP', 'Chrome 8', 'Windows 10', '0', '登录成功', '2020-10-28 17:13:27');
INSERT INTO `sys_logininfor` VALUES (151, 'admin', '127.0.0.1', '内网IP', 'Chrome 8', 'Windows 10', '0', '登录成功', '2020-10-29 09:54:12');

-- ----------------------------
-- Table structure for sys_menu
-- ----------------------------
DROP TABLE IF EXISTS `sys_menu`;
CREATE TABLE `sys_menu`  (
  `menu_id` bigint(20) NOT NULL AUTO_INCREMENT COMMENT '菜单ID',
  `menu_name` varchar(50) CHARACTER SET utf8mb4 COLLATE utf8mb4_general_ci NOT NULL COMMENT '菜单名称',
  `parent_id` bigint(20) NULL DEFAULT 0 COMMENT '父菜单ID',
  `order_num` int(4) NULL DEFAULT 0 COMMENT '显示顺序',
  `url` varchar(200) CHARACTER SET utf8mb4 COLLATE utf8mb4_general_ci NULL DEFAULT '#' COMMENT '请求地址',
  `target` varchar(20) CHARACTER SET utf8mb4 COLLATE utf8mb4_general_ci NULL DEFAULT '' COMMENT '打开方式（menuItem页签 menuBlank新窗口）',
  `menu_type` char(1) CHARACTER SET utf8mb4 COLLATE utf8mb4_general_ci NULL DEFAULT '' COMMENT '菜单类型（M目录 C菜单 F按钮）',
  `visible` char(1) CHARACTER SET utf8mb4 COLLATE utf8mb4_general_ci NULL DEFAULT '0' COMMENT '菜单状态（0显示 1隐藏）',
  `perms` varchar(100) CHARACTER SET utf8mb4 COLLATE utf8mb4_general_ci NULL DEFAULT NULL COMMENT '权限标识',
  `icon` varchar(100) CHARACTER SET utf8mb4 COLLATE utf8mb4_general_ci NULL DEFAULT '#' COMMENT '菜单图标',
  `create_by` varchar(64) CHARACTER SET utf8mb4 COLLATE utf8mb4_general_ci NULL DEFAULT '' COMMENT '创建者',
  `create_time` datetime(0) NULL DEFAULT NULL COMMENT '创建时间',
  `update_by` varchar(64) CHARACTER SET utf8mb4 COLLATE utf8mb4_general_ci NULL DEFAULT '' COMMENT '更新者',
  `update_time` datetime(0) NULL DEFAULT NULL COMMENT '更新时间',
  `remark` varchar(500) CHARACTER SET utf8mb4 COLLATE utf8mb4_general_ci NULL DEFAULT '' COMMENT '备注',
  PRIMARY KEY (`menu_id`) USING BTREE
) ENGINE = InnoDB AUTO_INCREMENT = 2020 CHARACTER SET = utf8mb4 COLLATE = utf8mb4_general_ci COMMENT = '菜单权限表' ROW_FORMAT = Dynamic;

-- ----------------------------
-- Records of sys_menu
-- ----------------------------
INSERT INTO `sys_menu` VALUES (1, '系统管理', 0, 1, '#', '', 'M', '0', '', 'fa fa-gear', 'admin', '2020-10-27 09:23:50', '', NULL, '系统管理目录');
INSERT INTO `sys_menu` VALUES (2, '系统监控', 0, 2, '#', '', 'M', '0', '', 'fa fa-video-camera', 'admin', '2020-10-27 09:23:50', '', NULL, '系统监控目录');
INSERT INTO `sys_menu` VALUES (3, '系统工具', 0, 3, '#', '', 'M', '0', '', 'fa fa-bars', 'admin', '2020-10-27 09:23:50', '', NULL, '系统工具目录');
INSERT INTO `sys_menu` VALUES (4, '若依官网', 0, 4, 'http://ruoyi.vip', 'menuBlank', 'C', '0', '', 'fa fa-location-arrow', 'admin', '2020-10-27 09:23:50', '', NULL, '若依官网地址');
INSERT INTO `sys_menu` VALUES (100, '用户管理', 1, 1, '/system/user', '', 'C', '0', 'system:user:view', 'fa fa-user-o', 'admin', '2020-10-27 09:23:50', '', NULL, '用户管理菜单');
INSERT INTO `sys_menu` VALUES (101, '角色管理', 1, 2, '/system/role', '', 'C', '0', 'system:role:view', 'fa fa-user-secret', 'admin', '2020-10-27 09:23:50', '', NULL, '角色管理菜单');
INSERT INTO `sys_menu` VALUES (102, '菜单管理', 1, 3, '/system/menu', '', 'C', '0', 'system:menu:view', 'fa fa-th-list', 'admin', '2020-10-27 09:23:50', '', NULL, '菜单管理菜单');
INSERT INTO `sys_menu` VALUES (103, '部门管理', 1, 4, '/system/dept', '', 'C', '0', 'system:dept:view', 'fa fa-outdent', 'admin', '2020-10-27 09:23:50', '', NULL, '部门管理菜单');
INSERT INTO `sys_menu` VALUES (104, '岗位管理', 1, 5, '/system/post', '', 'C', '0', 'system:post:view', 'fa fa-address-card-o', 'admin', '2020-10-27 09:23:50', '', NULL, '岗位管理菜单');
INSERT INTO `sys_menu` VALUES (105, '字典管理', 1, 6, '/system/dict', '', 'C', '0', 'system:dict:view', 'fa fa-bookmark-o', 'admin', '2020-10-27 09:23:50', '', NULL, '字典管理菜单');
INSERT INTO `sys_menu` VALUES (106, '参数设置', 1, 7, '/system/config', '', 'C', '0', 'system:config:view', 'fa fa-sun-o', 'admin', '2020-10-27 09:23:50', '', NULL, '参数设置菜单');
INSERT INTO `sys_menu` VALUES (107, '通知公告', 1, 8, '/system/notice', '', 'C', '0', 'system:notice:view', 'fa fa-bullhorn', 'admin', '2020-10-27 09:23:50', '', NULL, '通知公告菜单');
INSERT INTO `sys_menu` VALUES (108, '日志管理', 1, 9, '#', '', 'M', '0', '', 'fa fa-pencil-square-o', 'admin', '2020-10-27 09:23:50', '', NULL, '日志管理菜单');
INSERT INTO `sys_menu` VALUES (109, '在线用户', 2, 1, '/monitor/online', '', 'C', '0', 'monitor:online:view', 'fa fa-user-circle', 'admin', '2020-10-27 09:23:50', '', NULL, '在线用户菜单');
INSERT INTO `sys_menu` VALUES (110, '定时任务', 2, 2, '/monitor/job', '', 'C', '0', 'monitor:job:view', 'fa fa-tasks', 'admin', '2020-10-27 09:23:50', '', NULL, '定时任务菜单');
INSERT INTO `sys_menu` VALUES (111, '数据监控', 2, 3, '/monitor/data', '', 'C', '0', 'monitor:data:view', 'fa fa-bug', 'admin', '2020-10-27 09:23:50', '', NULL, '数据监控菜单');
INSERT INTO `sys_menu` VALUES (112, '服务监控', 2, 3, '/monitor/server', '', 'C', '0', 'monitor:server:view', 'fa fa-server', 'admin', '2020-10-27 09:23:50', '', NULL, '服务监控菜单');
INSERT INTO `sys_menu` VALUES (113, '表单构建', 3, 1, '/tool/build', '', 'C', '0', 'tool:build:view', 'fa fa-wpforms', 'admin', '2020-10-27 09:23:50', '', NULL, '表单构建菜单');
INSERT INTO `sys_menu` VALUES (114, '代码生成', 3, 2, '/tool/gen', '', 'C', '0', 'tool:gen:view', 'fa fa-code', 'admin', '2020-10-27 09:23:50', '', NULL, '代码生成菜单');
INSERT INTO `sys_menu` VALUES (115, '系统接口', 3, 3, '/tool/swagger', '', 'C', '0', 'tool:swagger:view', 'fa fa-gg', 'admin', '2020-10-27 09:23:50', '', NULL, '系统接口菜单');
INSERT INTO `sys_menu` VALUES (500, '操作日志', 108, 1, '/monitor/operlog', '', 'C', '0', 'monitor:operlog:view', 'fa fa-address-book', 'admin', '2020-10-27 09:23:50', '', NULL, '操作日志菜单');
INSERT INTO `sys_menu` VALUES (501, '登录日志', 108, 2, '/monitor/logininfor', '', 'C', '0', 'monitor:logininfor:view', 'fa fa-file-image-o', 'admin', '2020-10-27 09:23:50', '', NULL, '登录日志菜单');
INSERT INTO `sys_menu` VALUES (1000, '用户查询', 100, 1, '#', '', 'F', '0', 'system:user:list', '#', 'admin', '2020-10-27 09:23:50', '', NULL, '');
INSERT INTO `sys_menu` VALUES (1001, '用户新增', 100, 2, '#', '', 'F', '0', 'system:user:add', '#', 'admin', '2020-10-27 09:23:50', '', NULL, '');
INSERT INTO `sys_menu` VALUES (1002, '用户修改', 100, 3, '#', '', 'F', '0', 'system:user:edit', '#', 'admin', '2020-10-27 09:23:50', '', NULL, '');
INSERT INTO `sys_menu` VALUES (1003, '用户删除', 100, 4, '#', '', 'F', '0', 'system:user:remove', '#', 'admin', '2020-10-27 09:23:50', '', NULL, '');
INSERT INTO `sys_menu` VALUES (1004, '用户导出', 100, 5, '#', '', 'F', '0', 'system:user:export', '#', 'admin', '2020-10-27 09:23:50', '', NULL, '');
INSERT INTO `sys_menu` VALUES (1005, '用户导入', 100, 6, '#', '', 'F', '0', 'system:user:import', '#', 'admin', '2020-10-27 09:23:50', '', NULL, '');
INSERT INTO `sys_menu` VALUES (1006, '重置密码', 100, 7, '#', '', 'F', '0', 'system:user:resetPwd', '#', 'admin', '2020-10-27 09:23:50', '', NULL, '');
INSERT INTO `sys_menu` VALUES (1007, '角色查询', 101, 1, '#', '', 'F', '0', 'system:role:list', '#', 'admin', '2020-10-27 09:23:50', '', NULL, '');
INSERT INTO `sys_menu` VALUES (1008, '角色新增', 101, 2, '#', '', 'F', '0', 'system:role:add', '#', 'admin', '2020-10-27 09:23:50', '', NULL, '');
INSERT INTO `sys_menu` VALUES (1009, '角色修改', 101, 3, '#', '', 'F', '0', 'system:role:edit', '#', 'admin', '2020-10-27 09:23:50', '', NULL, '');
INSERT INTO `sys_menu` VALUES (1010, '角色删除', 101, 4, '#', '', 'F', '0', 'system:role:remove', '#', 'admin', '2020-10-27 09:23:50', '', NULL, '');
INSERT INTO `sys_menu` VALUES (1011, '角色导出', 101, 5, '#', '', 'F', '0', 'system:role:export', '#', 'admin', '2020-10-27 09:23:50', '', NULL, '');
INSERT INTO `sys_menu` VALUES (1012, '菜单查询', 102, 1, '#', '', 'F', '0', 'system:menu:list', '#', 'admin', '2020-10-27 09:23:50', '', NULL, '');
INSERT INTO `sys_menu` VALUES (1013, '菜单新增', 102, 2, '#', '', 'F', '0', 'system:menu:add', '#', 'admin', '2020-10-27 09:23:50', '', NULL, '');
INSERT INTO `sys_menu` VALUES (1014, '菜单修改', 102, 3, '#', '', 'F', '0', 'system:menu:edit', '#', 'admin', '2020-10-27 09:23:50', '', NULL, '');
INSERT INTO `sys_menu` VALUES (1015, '菜单删除', 102, 4, '#', '', 'F', '0', 'system:menu:remove', '#', 'admin', '2020-10-27 09:23:50', '', NULL, '');
INSERT INTO `sys_menu` VALUES (1016, '部门查询', 103, 1, '#', '', 'F', '0', 'system:dept:list', '#', 'admin', '2020-10-27 09:23:50', '', NULL, '');
INSERT INTO `sys_menu` VALUES (1017, '部门新增', 103, 2, '#', '', 'F', '0', 'system:dept:add', '#', 'admin', '2020-10-27 09:23:50', '', NULL, '');
INSERT INTO `sys_menu` VALUES (1018, '部门修改', 103, 3, '#', '', 'F', '0', 'system:dept:edit', '#', 'admin', '2020-10-27 09:23:50', '', NULL, '');
INSERT INTO `sys_menu` VALUES (1019, '部门删除', 103, 4, '#', '', 'F', '0', 'system:dept:remove', '#', 'admin', '2020-10-27 09:23:50', '', NULL, '');
INSERT INTO `sys_menu` VALUES (1020, '岗位查询', 104, 1, '#', '', 'F', '0', 'system:post:list', '#', 'admin', '2020-10-27 09:23:50', '', NULL, '');
INSERT INTO `sys_menu` VALUES (1021, '岗位新增', 104, 2, '#', '', 'F', '0', 'system:post:add', '#', 'admin', '2020-10-27 09:23:50', '', NULL, '');
INSERT INTO `sys_menu` VALUES (1022, '岗位修改', 104, 3, '#', '', 'F', '0', 'system:post:edit', '#', 'admin', '2020-10-27 09:23:50', '', NULL, '');
INSERT INTO `sys_menu` VALUES (1023, '岗位删除', 104, 4, '#', '', 'F', '0', 'system:post:remove', '#', 'admin', '2020-10-27 09:23:50', '', NULL, '');
INSERT INTO `sys_menu` VALUES (1024, '岗位导出', 104, 5, '#', '', 'F', '0', 'system:post:export', '#', 'admin', '2020-10-27 09:23:50', '', NULL, '');
INSERT INTO `sys_menu` VALUES (1025, '字典查询', 105, 1, '#', '', 'F', '0', 'system:dict:list', '#', 'admin', '2020-10-27 09:23:50', '', NULL, '');
INSERT INTO `sys_menu` VALUES (1026, '字典新增', 105, 2, '#', '', 'F', '0', 'system:dict:add', '#', 'admin', '2020-10-27 09:23:50', '', NULL, '');
INSERT INTO `sys_menu` VALUES (1027, '字典修改', 105, 3, '#', '', 'F', '0', 'system:dict:edit', '#', 'admin', '2020-10-27 09:23:50', '', NULL, '');
INSERT INTO `sys_menu` VALUES (1028, '字典删除', 105, 4, '#', '', 'F', '0', 'system:dict:remove', '#', 'admin', '2020-10-27 09:23:50', '', NULL, '');
INSERT INTO `sys_menu` VALUES (1029, '字典导出', 105, 5, '#', '', 'F', '0', 'system:dict:export', '#', 'admin', '2020-10-27 09:23:50', '', NULL, '');
INSERT INTO `sys_menu` VALUES (1030, '参数查询', 106, 1, '#', '', 'F', '0', 'system:config:list', '#', 'admin', '2020-10-27 09:23:50', '', NULL, '');
INSERT INTO `sys_menu` VALUES (1031, '参数新增', 106, 2, '#', '', 'F', '0', 'system:config:add', '#', 'admin', '2020-10-27 09:23:50', '', NULL, '');
INSERT INTO `sys_menu` VALUES (1032, '参数修改', 106, 3, '#', '', 'F', '0', 'system:config:edit', '#', 'admin', '2020-10-27 09:23:50', '', NULL, '');
INSERT INTO `sys_menu` VALUES (1033, '参数删除', 106, 4, '#', '', 'F', '0', 'system:config:remove', '#', 'admin', '2020-10-27 09:23:50', '', NULL, '');
INSERT INTO `sys_menu` VALUES (1034, '参数导出', 106, 5, '#', '', 'F', '0', 'system:config:export', '#', 'admin', '2020-10-27 09:23:50', '', NULL, '');
INSERT INTO `sys_menu` VALUES (1035, '公告查询', 107, 1, '#', '', 'F', '0', 'system:notice:list', '#', 'admin', '2020-10-27 09:23:50', '', NULL, '');
INSERT INTO `sys_menu` VALUES (1036, '公告新增', 107, 2, '#', '', 'F', '0', 'system:notice:add', '#', 'admin', '2020-10-27 09:23:50', '', NULL, '');
INSERT INTO `sys_menu` VALUES (1037, '公告修改', 107, 3, '#', '', 'F', '0', 'system:notice:edit', '#', 'admin', '2020-10-27 09:23:50', '', NULL, '');
INSERT INTO `sys_menu` VALUES (1038, '公告删除', 107, 4, '#', '', 'F', '0', 'system:notice:remove', '#', 'admin', '2020-10-27 09:23:50', '', NULL, '');
INSERT INTO `sys_menu` VALUES (1039, '操作查询', 500, 1, '#', '', 'F', '0', 'monitor:operlog:list', '#', 'admin', '2020-10-27 09:23:50', '', NULL, '');
INSERT INTO `sys_menu` VALUES (1040, '操作删除', 500, 2, '#', '', 'F', '0', 'monitor:operlog:remove', '#', 'admin', '2020-10-27 09:23:50', '', NULL, '');
INSERT INTO `sys_menu` VALUES (1041, '详细信息', 500, 3, '#', '', 'F', '0', 'monitor:operlog:detail', '#', 'admin', '2020-10-27 09:23:50', '', NULL, '');
INSERT INTO `sys_menu` VALUES (1042, '日志导出', 500, 4, '#', '', 'F', '0', 'monitor:operlog:export', '#', 'admin', '2020-10-27 09:23:50', '', NULL, '');
INSERT INTO `sys_menu` VALUES (1043, '登录查询', 501, 1, '#', '', 'F', '0', 'monitor:logininfor:list', '#', 'admin', '2020-10-27 09:23:50', '', NULL, '');
INSERT INTO `sys_menu` VALUES (1044, '登录删除', 501, 2, '#', '', 'F', '0', 'monitor:logininfor:remove', '#', 'admin', '2020-10-27 09:23:50', '', NULL, '');
INSERT INTO `sys_menu` VALUES (1045, '日志导出', 501, 3, '#', '', 'F', '0', 'monitor:logininfor:export', '#', 'admin', '2020-10-27 09:23:50', '', NULL, '');
INSERT INTO `sys_menu` VALUES (1046, '账户解锁', 501, 4, '#', '', 'F', '0', 'monitor:logininfor:unlock', '#', 'admin', '2020-10-27 09:23:50', '', NULL, '');
INSERT INTO `sys_menu` VALUES (1047, '在线查询', 109, 1, '#', '', 'F', '0', 'monitor:online:list', '#', 'admin', '2020-10-27 09:23:50', '', NULL, '');
INSERT INTO `sys_menu` VALUES (1048, '批量强退', 109, 2, '#', '', 'F', '0', 'monitor:online:batchForceLogout', '#', 'admin', '2020-10-27 09:23:50', '', NULL, '');
INSERT INTO `sys_menu` VALUES (1049, '单条强退', 109, 3, '#', '', 'F', '0', 'monitor:online:forceLogout', '#', 'admin', '2020-10-27 09:23:50', '', NULL, '');
INSERT INTO `sys_menu` VALUES (1050, '任务查询', 110, 1, '#', '', 'F', '0', 'monitor:job:list', '#', 'admin', '2020-10-27 09:23:50', '', NULL, '');
INSERT INTO `sys_menu` VALUES (1051, '任务新增', 110, 2, '#', '', 'F', '0', 'monitor:job:add', '#', 'admin', '2020-10-27 09:23:50', '', NULL, '');
INSERT INTO `sys_menu` VALUES (1052, '任务修改', 110, 3, '#', '', 'F', '0', 'monitor:job:edit', '#', 'admin', '2020-10-27 09:23:50', '', NULL, '');
INSERT INTO `sys_menu` VALUES (1053, '任务删除', 110, 4, '#', '', 'F', '0', 'monitor:job:remove', '#', 'admin', '2020-10-27 09:23:50', '', NULL, '');
INSERT INTO `sys_menu` VALUES (1054, '状态修改', 110, 5, '#', '', 'F', '0', 'monitor:job:changeStatus', '#', 'admin', '2020-10-27 09:23:50', '', NULL, '');
INSERT INTO `sys_menu` VALUES (1055, '任务详细', 110, 6, '#', '', 'F', '0', 'monitor:job:detail', '#', 'admin', '2020-10-27 09:23:50', '', NULL, '');
INSERT INTO `sys_menu` VALUES (1056, '任务导出', 110, 7, '#', '', 'F', '0', 'monitor:job:export', '#', 'admin', '2020-10-27 09:23:50', '', NULL, '');
INSERT INTO `sys_menu` VALUES (1057, '生成查询', 114, 1, '#', '', 'F', '0', 'tool:gen:list', '#', 'admin', '2020-10-27 09:23:50', '', NULL, '');
INSERT INTO `sys_menu` VALUES (1058, '生成修改', 114, 2, '#', '', 'F', '0', 'tool:gen:edit', '#', 'admin', '2020-10-27 09:23:50', '', NULL, '');
INSERT INTO `sys_menu` VALUES (1059, '生成删除', 114, 3, '#', '', 'F', '0', 'tool:gen:remove', '#', 'admin', '2020-10-27 09:23:50', '', NULL, '');
INSERT INTO `sys_menu` VALUES (1060, '预览代码', 114, 4, '#', '', 'F', '0', 'tool:gen:preview', '#', 'admin', '2020-10-27 09:23:50', '', NULL, '');
INSERT INTO `sys_menu` VALUES (1061, '生成代码', 114, 5, '#', '', 'F', '0', 'tool:gen:code', '#', 'admin', '2020-10-27 09:23:50', '', NULL, '');
INSERT INTO `sys_menu` VALUES (1062, '门店管理', 0, 2, '#', 'menuItem', 'M', '0', NULL, 'fa fa-circle', 'admin', '2020-08-04 10:39:19', '', NULL, '');
INSERT INTO `sys_menu` VALUES (1063, '门店管理', 1062, 1, '/smdd/mdgl', 'menuItem', 'C', '0', 'smdd:mdgl', '#', 'admin', '2020-08-04 10:41:20', 'admin', '2020-08-04 12:00:17', '');
INSERT INTO `sys_menu` VALUES (1064, '店员管理', 1062, 2, '/smdd/dygl', 'menuItem', 'C', '0', 'smdd:dygl', '#', 'admin', '2020-08-04 11:59:29', 'admin', '2020-08-04 12:00:35', '');
INSERT INTO `sys_menu` VALUES (1065, '餐桌管理', 1062, 2, '/smdd/czgl', 'menuItem', 'C', '0', 'smdd:czgl', '#', 'admin', '2020-08-04 14:53:09', '', NULL, '');
INSERT INTO `sys_menu` VALUES (1066, '菜品管理', 1062, 2, '/smdd/cpgl', 'menuItem', 'C', '0', 'smdd:cpgl', '#', 'admin', '2020-08-04 15:14:06', '', NULL, '');
INSERT INTO `sys_menu` VALUES (1067, '菜品分类管理', 1062, 1, '/smdd/cpflgl', 'menuItem', 'C', '0', 'smdd:cpflgl', '#', 'admin', '2020-08-04 15:15:06', '', NULL, '');
INSERT INTO `sys_menu` VALUES (1068, '用户管理', 0, 2, '#', 'menuItem', 'M', '0', NULL, '#', 'admin', '2020-08-04 15:56:30', '', NULL, '');
INSERT INTO `sys_menu` VALUES (1069, '订单管理', 0, 2, '#', 'menuItem', 'M', '0', NULL, '#', 'admin', '2020-08-04 15:56:48', '', NULL, '');
INSERT INTO `sys_menu` VALUES (1070, '用户管理', 1068, 2, '/smdd/yhgl', 'menuItem', 'C', '0', 'smdd:yhgl', '#', 'admin', '2020-08-04 15:57:17', '', NULL, '');
INSERT INTO `sys_menu` VALUES (1071, '充值记录管理', 1068, 2, '/smdd/ddjlgl', 'menuItem', 'C', '0', 'smdd:ddjlgl', '#', 'admin', '2020-08-04 16:09:41', 'admin', '2020-08-04 16:21:24', '');
INSERT INTO `sys_menu` VALUES (1072, '订单管理', 1069, 2, '/smdd/ddgl', 'menuItem', 'C', '0', 'smdd:ddgl', '#', 'admin', '2020-08-04 16:21:58', '', NULL, '');
INSERT INTO `sys_menu` VALUES (1073, '小程序管理', 0, 2, '#', 'menuItem', 'M', '0', NULL, '#', 'admin', '2020-08-05 17:56:16', '', NULL, '');
INSERT INTO `sys_menu` VALUES (1074, '页面自定义', 1073, 2, '/smdd/ymzdy', 'menuItem', 'C', '0', 'smdd:ymzdy', '#', 'admin', '2020-08-05 17:57:14', '', NULL, '');
INSERT INTO `sys_menu` VALUES (1075, '小程序列表', 1073, 2, '/smdd/xcxlb', 'menuItem', 'C', '0', 'smdd:xcxlb', '#', 'admin', '2020-08-08 15:18:35', '', NULL, '');
INSERT INTO `sys_menu` VALUES (1076, '图片上传', 1066, 1, '#', 'menuItem', 'F', '0', 'common:upload:img', '#', 'admin', '2020-08-09 19:03:18', '', NULL, '');
INSERT INTO `sys_menu` VALUES (1077, '规格管理', 1062, 1, '/smdd/gggl', 'menuItem', 'C', '0', 'smdd:gggl', '#', 'admin', '2020-08-10 13:10:10', '', NULL, '');
INSERT INTO `sys_menu` VALUES (1078, '规格组管理', 1062, 1, '/smdd/ggzgl', 'menuItem', 'C', '0', 'smdd:ggzgl', '#', 'admin', '2020-08-10 13:10:41', '', NULL, '');
INSERT INTO `sys_menu` VALUES (2000, '流程菜单', 0, 4, '#', 'menuItem', 'M', '0', NULL, 'fa fa-cogs', 'admin', '2020-10-27 09:49:54', '', NULL, '');
INSERT INTO `sys_menu` VALUES (2001, '流程模型', 2000, 1, '/modeler/modelList', 'menuItem', 'C', '0', NULL, '#', 'admin', '2020-10-27 09:51:36', '', NULL, '');
INSERT INTO `sys_menu` VALUES (2002, '流程定义', 2000, 2, '/definition', 'menuItem', 'C', '0', NULL, '#', 'admin', '2020-10-27 09:52:10', '', NULL, '');
INSERT INTO `sys_menu` VALUES (2003, '流程用户', 2000, 3, '/user', 'menuItem', 'C', '0', NULL, '#', 'admin', '2020-10-27 09:52:32', '', NULL, '');
INSERT INTO `sys_menu` VALUES (2004, '流程用户组', 2000, 4, '/group', 'menuItem', 'C', '0', NULL, '#', 'admin', '2020-10-27 09:52:52', '', NULL, '');
INSERT INTO `sys_menu` VALUES (2005, '请假流程', 0, 5, '#', 'menuItem', 'M', '0', NULL, 'fa fa-send', 'admin', '2020-10-27 09:53:17', '', NULL, '');
INSERT INTO `sys_menu` VALUES (2006, '请假列表', 2005, 1, '/leave', 'menuItem', 'C', '0', NULL, '#', 'admin', '2020-10-27 09:53:42', '', NULL, '');
INSERT INTO `sys_menu` VALUES (2007, '我的待办', 2005, 2, '/leave/leaveTodo', 'menuItem', 'C', '0', NULL, '#', 'admin', '2020-10-27 09:54:19', '', NULL, '');
INSERT INTO `sys_menu` VALUES (2008, '我的已办', 2005, 3, '/leave/leaveDone', 'menuItem', 'C', '0', NULL, '#', 'admin', '2020-10-27 09:54:38', '', NULL, '');
INSERT INTO `sys_menu` VALUES (2009, '请假会签', 0, 6, '#', 'menuItem', 'M', '0', NULL, 'fa fa-commenting', 'admin', '2020-10-27 09:54:58', '', NULL, '');
INSERT INTO `sys_menu` VALUES (2010, '请假列表', 2009, 1, '/leaveCounterSign', 'menuItem', 'C', '0', NULL, '#', 'admin', '2020-10-27 09:55:22', '', NULL, '');
INSERT INTO `sys_menu` VALUES (2011, '我的待办', 2009, 2, '/leaveCounterSign/leaveTodo', 'menuItem', 'C', '0', NULL, '#', 'admin', '2020-10-27 09:55:41', '', NULL, '');
INSERT INTO `sys_menu` VALUES (2012, '我的已办', 2009, 3, '/leaveCounterSign/leaveDone', 'menuItem', 'C', '0', NULL, '#', 'admin', '2020-10-27 09:56:01', '', NULL, '');
INSERT INTO `sys_menu` VALUES (2013, '采购流程', 0, 7, '#', 'menuItem', 'M', '0', NULL, 'fa fa-cart-plus', 'admin', '2020-10-27 09:56:17', '', NULL, '');
INSERT INTO `sys_menu` VALUES (2014, '采购列表', 2013, 1, '/purchase', 'menuItem', 'C', '0', NULL, '#', 'admin', '2020-10-27 09:56:34', '', NULL, '');
INSERT INTO `sys_menu` VALUES (2015, '我的待办', 2013, 2, '/purchase/purchaseTodo', 'menuItem', 'C', '0', NULL, '#', 'admin', '2020-10-27 09:56:51', '', NULL, '');
INSERT INTO `sys_menu` VALUES (2016, '我的已办', 2013, 3, '/purchase/purchaseDone', 'menuItem', 'C', '0', NULL, '#', 'admin', '2020-10-27 09:57:08', '', NULL, '');
INSERT INTO `sys_menu` VALUES (2017, '待办事项', 0, 10, '#', 'menuItem', 'M', '0', NULL, 'fa fa-book', 'admin', '2020-10-27 09:57:30', '', NULL, '');
INSERT INTO `sys_menu` VALUES (2018, '我的待办', 2017, 1, '/todoitem', 'menuItem', 'C', '0', NULL, '#', 'admin', '2020-10-27 09:57:50', '', NULL, '');
INSERT INTO `sys_menu` VALUES (2019, '我的已办', 2017, 2, '/todoitem/doneitemView', 'menuItem', 'C', '0', NULL, '#', 'admin', '2020-10-27 09:58:09', '', NULL, '');

-- ----------------------------
-- Table structure for sys_notice
-- ----------------------------
DROP TABLE IF EXISTS `sys_notice`;
CREATE TABLE `sys_notice`  (
  `notice_id` int(4) NOT NULL AUTO_INCREMENT COMMENT '公告ID',
  `notice_title` varchar(50) CHARACTER SET utf8mb4 COLLATE utf8mb4_general_ci NOT NULL COMMENT '公告标题',
  `notice_type` char(1) CHARACTER SET utf8mb4 COLLATE utf8mb4_general_ci NOT NULL COMMENT '公告类型（1通知 2公告）',
  `notice_content` varchar(2000) CHARACTER SET utf8mb4 COLLATE utf8mb4_general_ci NULL DEFAULT NULL COMMENT '公告内容',
  `status` char(1) CHARACTER SET utf8mb4 COLLATE utf8mb4_general_ci NULL DEFAULT '0' COMMENT '公告状态（0正常 1关闭）',
  `create_by` varchar(64) CHARACTER SET utf8mb4 COLLATE utf8mb4_general_ci NULL DEFAULT '' COMMENT '创建者',
  `create_time` datetime(0) NULL DEFAULT NULL COMMENT '创建时间',
  `update_by` varchar(64) CHARACTER SET utf8mb4 COLLATE utf8mb4_general_ci NULL DEFAULT '' COMMENT '更新者',
  `update_time` datetime(0) NULL DEFAULT NULL COMMENT '更新时间',
  `remark` varchar(255) CHARACTER SET utf8mb4 COLLATE utf8mb4_general_ci NULL DEFAULT NULL COMMENT '备注',
  PRIMARY KEY (`notice_id`) USING BTREE
) ENGINE = InnoDB AUTO_INCREMENT = 10 CHARACTER SET = utf8mb4 COLLATE = utf8mb4_general_ci COMMENT = '通知公告表' ROW_FORMAT = Dynamic;

-- ----------------------------
-- Records of sys_notice
-- ----------------------------
INSERT INTO `sys_notice` VALUES (1, '温馨提醒：2018-07-01 若依新版本发布啦', '2', '新版本内容', '0', 'admin', '2020-10-27 09:23:50', '', NULL, '管理员');
INSERT INTO `sys_notice` VALUES (2, '维护通知：2018-07-01 若依系统凌晨维护', '1', '维护内容', '0', 'admin', '2020-10-27 09:23:50', '', NULL, '管理员');

-- ----------------------------
-- Table structure for sys_oper_log
-- ----------------------------
DROP TABLE IF EXISTS `sys_oper_log`;
CREATE TABLE `sys_oper_log`  (
  `oper_id` bigint(20) NOT NULL AUTO_INCREMENT COMMENT '日志主键',
  `title` varchar(50) CHARACTER SET utf8mb4 COLLATE utf8mb4_general_ci NULL DEFAULT '' COMMENT '模块标题',
  `business_type` int(2) NULL DEFAULT 0 COMMENT '业务类型（0其它 1新增 2修改 3删除）',
  `method` varchar(100) CHARACTER SET utf8mb4 COLLATE utf8mb4_general_ci NULL DEFAULT '' COMMENT '方法名称',
  `request_method` varchar(10) CHARACTER SET utf8mb4 COLLATE utf8mb4_general_ci NULL DEFAULT '' COMMENT '请求方式',
  `operator_type` int(1) NULL DEFAULT 0 COMMENT '操作类别（0其它 1后台用户 2手机端用户）',
  `oper_name` varchar(50) CHARACTER SET utf8mb4 COLLATE utf8mb4_general_ci NULL DEFAULT '' COMMENT '操作人员',
  `dept_name` varchar(50) CHARACTER SET utf8mb4 COLLATE utf8mb4_general_ci NULL DEFAULT '' COMMENT '部门名称',
  `oper_url` varchar(255) CHARACTER SET utf8mb4 COLLATE utf8mb4_general_ci NULL DEFAULT '' COMMENT '请求URL',
  `oper_ip` varchar(50) CHARACTER SET utf8mb4 COLLATE utf8mb4_general_ci NULL DEFAULT '' COMMENT '主机地址',
  `oper_location` varchar(255) CHARACTER SET utf8mb4 COLLATE utf8mb4_general_ci NULL DEFAULT '' COMMENT '操作地点',
  `oper_param` varchar(2000) CHARACTER SET utf8mb4 COLLATE utf8mb4_general_ci NULL DEFAULT '' COMMENT '请求参数',
  `json_result` varchar(2000) CHARACTER SET utf8mb4 COLLATE utf8mb4_general_ci NULL DEFAULT '' COMMENT '返回参数',
  `status` int(1) NULL DEFAULT 0 COMMENT '操作状态（0正常 1异常）',
  `error_msg` varchar(2000) CHARACTER SET utf8mb4 COLLATE utf8mb4_general_ci NULL DEFAULT '' COMMENT '错误消息',
  `oper_time` datetime(0) NULL DEFAULT NULL COMMENT '操作时间',
  PRIMARY KEY (`oper_id`) USING BTREE
) ENGINE = InnoDB AUTO_INCREMENT = 145 CHARACTER SET = utf8mb4 COLLATE = utf8mb4_general_ci COMMENT = '操作日志记录' ROW_FORMAT = Dynamic;

-- ----------------------------
-- Records of sys_oper_log
-- ----------------------------
INSERT INTO `sys_oper_log` VALUES (100, '菜单管理', 1, 'com.ruoyi.web.controller.system.SysMenuController.addSave()', 'POST', 1, 'admin', '研发部门', '/system/menu/add', '127.0.0.1', '内网IP', '{\"parentId\":[\"0\"],\"menuType\":[\"M\"],\"menuName\":[\"流程菜单\"],\"url\":[\"\"],\"target\":[\"menuItem\"],\"perms\":[\"\"],\"orderNum\":[\"4\"],\"icon\":[\"fa fa-cogs\"],\"visible\":[\"0\"]}', '{\r\n  \"msg\" : \"操作成功\",\r\n  \"code\" : 0\r\n}', 0, NULL, '2020-10-27 09:49:54');
INSERT INTO `sys_oper_log` VALUES (101, '菜单管理', 1, 'com.ruoyi.web.controller.system.SysMenuController.addSave()', 'POST', 1, 'admin', '研发部门', '/system/menu/add', '127.0.0.1', '内网IP', '{\"parentId\":[\"2000\"],\"menuType\":[\"C\"],\"menuName\":[\"流程模型\"],\"url\":[\"/modeler/modelList\"],\"target\":[\"menuItem\"],\"perms\":[\"\"],\"orderNum\":[\"1\"],\"icon\":[\"#\"],\"visible\":[\"0\"]}', '{\r\n  \"msg\" : \"操作成功\",\r\n  \"code\" : 0\r\n}', 0, NULL, '2020-10-27 09:51:36');
INSERT INTO `sys_oper_log` VALUES (102, '菜单管理', 1, 'com.ruoyi.web.controller.system.SysMenuController.addSave()', 'POST', 1, 'admin', '研发部门', '/system/menu/add', '127.0.0.1', '内网IP', '{\"parentId\":[\"2000\"],\"menuType\":[\"C\"],\"menuName\":[\"流程定义\"],\"url\":[\"/definition\"],\"target\":[\"menuItem\"],\"perms\":[\"\"],\"orderNum\":[\"2\"],\"icon\":[\"#\"],\"visible\":[\"0\"]}', '{\r\n  \"msg\" : \"操作成功\",\r\n  \"code\" : 0\r\n}', 0, NULL, '2020-10-27 09:52:10');
INSERT INTO `sys_oper_log` VALUES (103, '菜单管理', 1, 'com.ruoyi.web.controller.system.SysMenuController.addSave()', 'POST', 1, 'admin', '研发部门', '/system/menu/add', '127.0.0.1', '内网IP', '{\"parentId\":[\"2000\"],\"menuType\":[\"C\"],\"menuName\":[\"流程用户\"],\"url\":[\"/user\"],\"target\":[\"menuItem\"],\"perms\":[\"\"],\"orderNum\":[\"3\"],\"icon\":[\"#\"],\"visible\":[\"0\"]}', '{\r\n  \"msg\" : \"操作成功\",\r\n  \"code\" : 0\r\n}', 0, NULL, '2020-10-27 09:52:32');
INSERT INTO `sys_oper_log` VALUES (104, '菜单管理', 1, 'com.ruoyi.web.controller.system.SysMenuController.addSave()', 'POST', 1, 'admin', '研发部门', '/system/menu/add', '127.0.0.1', '内网IP', '{\"parentId\":[\"2000\"],\"menuType\":[\"C\"],\"menuName\":[\"流程用户组\"],\"url\":[\"/group\"],\"target\":[\"menuItem\"],\"perms\":[\"\"],\"orderNum\":[\"4\"],\"icon\":[\"#\"],\"visible\":[\"0\"]}', '{\r\n  \"msg\" : \"操作成功\",\r\n  \"code\" : 0\r\n}', 0, NULL, '2020-10-27 09:52:52');
INSERT INTO `sys_oper_log` VALUES (105, '菜单管理', 1, 'com.ruoyi.web.controller.system.SysMenuController.addSave()', 'POST', 1, 'admin', '研发部门', '/system/menu/add', '127.0.0.1', '内网IP', '{\"parentId\":[\"0\"],\"menuType\":[\"M\"],\"menuName\":[\"请假流程\"],\"url\":[\"\"],\"target\":[\"menuItem\"],\"perms\":[\"\"],\"orderNum\":[\"5\"],\"icon\":[\"fa fa-send\"],\"visible\":[\"0\"]}', '{\r\n  \"msg\" : \"操作成功\",\r\n  \"code\" : 0\r\n}', 0, NULL, '2020-10-27 09:53:17');
INSERT INTO `sys_oper_log` VALUES (106, '菜单管理', 1, 'com.ruoyi.web.controller.system.SysMenuController.addSave()', 'POST', 1, 'admin', '研发部门', '/system/menu/add', '127.0.0.1', '内网IP', '{\"parentId\":[\"2005\"],\"menuType\":[\"C\"],\"menuName\":[\"请假列表\"],\"url\":[\"/leave\"],\"target\":[\"menuItem\"],\"perms\":[\"\"],\"orderNum\":[\"1\"],\"icon\":[\"#\"],\"visible\":[\"0\"]}', '{\r\n  \"msg\" : \"操作成功\",\r\n  \"code\" : 0\r\n}', 0, NULL, '2020-10-27 09:53:42');
INSERT INTO `sys_oper_log` VALUES (107, '菜单管理', 1, 'com.ruoyi.web.controller.system.SysMenuController.addSave()', 'POST', 1, 'admin', '研发部门', '/system/menu/add', '127.0.0.1', '内网IP', '{\"parentId\":[\"2005\"],\"menuType\":[\"C\"],\"menuName\":[\"我的待办\"],\"url\":[\"/leave/leaveTodo\"],\"target\":[\"menuItem\"],\"perms\":[\"\"],\"orderNum\":[\"2\"],\"icon\":[\"#\"],\"visible\":[\"0\"]}', '{\r\n  \"msg\" : \"操作成功\",\r\n  \"code\" : 0\r\n}', 0, NULL, '2020-10-27 09:54:19');
INSERT INTO `sys_oper_log` VALUES (108, '菜单管理', 1, 'com.ruoyi.web.controller.system.SysMenuController.addSave()', 'POST', 1, 'admin', '研发部门', '/system/menu/add', '127.0.0.1', '内网IP', '{\"parentId\":[\"2005\"],\"menuType\":[\"C\"],\"menuName\":[\"我的已办\"],\"url\":[\"/leave/leaveDone\"],\"target\":[\"menuItem\"],\"perms\":[\"\"],\"orderNum\":[\"3\"],\"icon\":[\"#\"],\"visible\":[\"0\"]}', '{\r\n  \"msg\" : \"操作成功\",\r\n  \"code\" : 0\r\n}', 0, NULL, '2020-10-27 09:54:38');
INSERT INTO `sys_oper_log` VALUES (109, '菜单管理', 1, 'com.ruoyi.web.controller.system.SysMenuController.addSave()', 'POST', 1, 'admin', '研发部门', '/system/menu/add', '127.0.0.1', '内网IP', '{\"parentId\":[\"0\"],\"menuType\":[\"M\"],\"menuName\":[\"请假会签\"],\"url\":[\"\"],\"target\":[\"menuItem\"],\"perms\":[\"\"],\"orderNum\":[\"6\"],\"icon\":[\"fa fa-commenting\"],\"visible\":[\"0\"]}', '{\r\n  \"msg\" : \"操作成功\",\r\n  \"code\" : 0\r\n}', 0, NULL, '2020-10-27 09:54:58');
INSERT INTO `sys_oper_log` VALUES (110, '菜单管理', 1, 'com.ruoyi.web.controller.system.SysMenuController.addSave()', 'POST', 1, 'admin', '研发部门', '/system/menu/add', '127.0.0.1', '内网IP', '{\"parentId\":[\"2009\"],\"menuType\":[\"C\"],\"menuName\":[\"请假列表\"],\"url\":[\"/leaveCounterSign\"],\"target\":[\"menuItem\"],\"perms\":[\"\"],\"orderNum\":[\"1\"],\"icon\":[\"#\"],\"visible\":[\"0\"]}', '{\r\n  \"msg\" : \"操作成功\",\r\n  \"code\" : 0\r\n}', 0, NULL, '2020-10-27 09:55:22');
INSERT INTO `sys_oper_log` VALUES (111, '菜单管理', 1, 'com.ruoyi.web.controller.system.SysMenuController.addSave()', 'POST', 1, 'admin', '研发部门', '/system/menu/add', '127.0.0.1', '内网IP', '{\"parentId\":[\"2009\"],\"menuType\":[\"C\"],\"menuName\":[\"我的待办\"],\"url\":[\"/leaveCounterSign/leaveTodo\"],\"target\":[\"menuItem\"],\"perms\":[\"\"],\"orderNum\":[\"2\"],\"icon\":[\"#\"],\"visible\":[\"0\"]}', '{\r\n  \"msg\" : \"操作成功\",\r\n  \"code\" : 0\r\n}', 0, NULL, '2020-10-27 09:55:41');
INSERT INTO `sys_oper_log` VALUES (112, '菜单管理', 1, 'com.ruoyi.web.controller.system.SysMenuController.addSave()', 'POST', 1, 'admin', '研发部门', '/system/menu/add', '127.0.0.1', '内网IP', '{\"parentId\":[\"2009\"],\"menuType\":[\"C\"],\"menuName\":[\"我的已办\"],\"url\":[\"/leaveCounterSign/leaveDone\"],\"target\":[\"menuItem\"],\"perms\":[\"\"],\"orderNum\":[\"3\"],\"icon\":[\"#\"],\"visible\":[\"0\"]}', '{\r\n  \"msg\" : \"操作成功\",\r\n  \"code\" : 0\r\n}', 0, NULL, '2020-10-27 09:56:01');
INSERT INTO `sys_oper_log` VALUES (113, '菜单管理', 1, 'com.ruoyi.web.controller.system.SysMenuController.addSave()', 'POST', 1, 'admin', '研发部门', '/system/menu/add', '127.0.0.1', '内网IP', '{\"parentId\":[\"0\"],\"menuType\":[\"M\"],\"menuName\":[\"采购流程\"],\"url\":[\"\"],\"target\":[\"menuItem\"],\"perms\":[\"\"],\"orderNum\":[\"7\"],\"icon\":[\"fa fa-cart-plus\"],\"visible\":[\"0\"]}', '{\r\n  \"msg\" : \"操作成功\",\r\n  \"code\" : 0\r\n}', 0, NULL, '2020-10-27 09:56:17');
INSERT INTO `sys_oper_log` VALUES (114, '菜单管理', 1, 'com.ruoyi.web.controller.system.SysMenuController.addSave()', 'POST', 1, 'admin', '研发部门', '/system/menu/add', '127.0.0.1', '内网IP', '{\"parentId\":[\"2013\"],\"menuType\":[\"C\"],\"menuName\":[\"采购列表\"],\"url\":[\"/purchase\"],\"target\":[\"menuItem\"],\"perms\":[\"\"],\"orderNum\":[\"1\"],\"icon\":[\"#\"],\"visible\":[\"0\"]}', '{\r\n  \"msg\" : \"操作成功\",\r\n  \"code\" : 0\r\n}', 0, NULL, '2020-10-27 09:56:34');
INSERT INTO `sys_oper_log` VALUES (115, '菜单管理', 1, 'com.ruoyi.web.controller.system.SysMenuController.addSave()', 'POST', 1, 'admin', '研发部门', '/system/menu/add', '127.0.0.1', '内网IP', '{\"parentId\":[\"2013\"],\"menuType\":[\"C\"],\"menuName\":[\"我的待办\"],\"url\":[\"/purchase/purchaseTodo\"],\"target\":[\"menuItem\"],\"perms\":[\"\"],\"orderNum\":[\"2\"],\"icon\":[\"#\"],\"visible\":[\"0\"]}', '{\r\n  \"msg\" : \"操作成功\",\r\n  \"code\" : 0\r\n}', 0, NULL, '2020-10-27 09:56:51');
INSERT INTO `sys_oper_log` VALUES (116, '菜单管理', 1, 'com.ruoyi.web.controller.system.SysMenuController.addSave()', 'POST', 1, 'admin', '研发部门', '/system/menu/add', '127.0.0.1', '内网IP', '{\"parentId\":[\"2013\"],\"menuType\":[\"C\"],\"menuName\":[\"我的已办\"],\"url\":[\"/purchase/purchaseDone\"],\"target\":[\"menuItem\"],\"perms\":[\"\"],\"orderNum\":[\"3\"],\"icon\":[\"#\"],\"visible\":[\"0\"]}', '{\r\n  \"msg\" : \"操作成功\",\r\n  \"code\" : 0\r\n}', 0, NULL, '2020-10-27 09:57:08');
INSERT INTO `sys_oper_log` VALUES (117, '菜单管理', 1, 'com.ruoyi.web.controller.system.SysMenuController.addSave()', 'POST', 1, 'admin', '研发部门', '/system/menu/add', '127.0.0.1', '内网IP', '{\"parentId\":[\"0\"],\"menuType\":[\"M\"],\"menuName\":[\"待办事项\"],\"url\":[\"\"],\"target\":[\"menuItem\"],\"perms\":[\"\"],\"orderNum\":[\"10\"],\"icon\":[\"fa fa-book\"],\"visible\":[\"0\"]}', '{\r\n  \"msg\" : \"操作成功\",\r\n  \"code\" : 0\r\n}', 0, NULL, '2020-10-27 09:57:30');
INSERT INTO `sys_oper_log` VALUES (118, '菜单管理', 1, 'com.ruoyi.web.controller.system.SysMenuController.addSave()', 'POST', 1, 'admin', '研发部门', '/system/menu/add', '127.0.0.1', '内网IP', '{\"parentId\":[\"2017\"],\"menuType\":[\"C\"],\"menuName\":[\"我的待办\"],\"url\":[\"/todoitem\"],\"target\":[\"menuItem\"],\"perms\":[\"\"],\"orderNum\":[\"1\"],\"icon\":[\"#\"],\"visible\":[\"0\"]}', '{\r\n  \"msg\" : \"操作成功\",\r\n  \"code\" : 0\r\n}', 0, NULL, '2020-10-27 09:57:50');
INSERT INTO `sys_oper_log` VALUES (119, '菜单管理', 1, 'com.ruoyi.web.controller.system.SysMenuController.addSave()', 'POST', 1, 'admin', '研发部门', '/system/menu/add', '127.0.0.1', '内网IP', '{\"parentId\":[\"2017\"],\"menuType\":[\"C\"],\"menuName\":[\"我的已办\"],\"url\":[\"/todoitem/doneitemView\"],\"target\":[\"menuItem\"],\"perms\":[\"\"],\"orderNum\":[\"2\"],\"icon\":[\"#\"],\"visible\":[\"0\"]}', '{\r\n  \"msg\" : \"操作成功\",\r\n  \"code\" : 0\r\n}', 0, NULL, '2020-10-27 09:58:09');
INSERT INTO `sys_oper_log` VALUES (120, '字典类型', 1, 'com.ruoyi.web.controller.system.SysDictTypeController.addSave()', 'POST', 1, 'admin', '研发部门', '/system/dict/add', '127.0.0.1', '内网IP', '{\"dictName\":[\"请假类型\"],\"dictType\":[\"biz_leave_type\"],\"status\":[\"0\"],\"remark\":[\"\"]}', '{\r\n  \"msg\" : \"操作成功\",\r\n  \"code\" : 0\r\n}', 0, NULL, '2020-10-27 10:01:25');
INSERT INTO `sys_oper_log` VALUES (121, '字典数据', 1, 'com.ruoyi.web.controller.system.SysDictDataController.addSave()', 'POST', 1, 'admin', '研发部门', '/system/dict/data/add', '127.0.0.1', '内网IP', '{\"dictLabel\":[\"会签\"],\"dictValue\":[\"leaveCounterSign\"],\"dictType\":[\"biz_leave_type\"],\"cssClass\":[\"\"],\"dictSort\":[\"2\"],\"listClass\":[\"warning\"],\"isDefault\":[\"Y\"],\"status\":[\"0\"],\"remark\":[\"\"]}', '{\r\n  \"msg\" : \"操作成功\",\r\n  \"code\" : 0\r\n}', 0, NULL, '2020-10-27 10:04:38');
INSERT INTO `sys_oper_log` VALUES (122, '字典数据', 1, 'com.ruoyi.web.controller.system.SysDictDataController.addSave()', 'POST', 1, 'admin', '研发部门', '/system/dict/data/add', '127.0.0.1', '内网IP', '{\"dictLabel\":[\"普通\"],\"dictValue\":[\"leave\"],\"dictType\":[\"biz_leave_type\"],\"cssClass\":[\"\"],\"dictSort\":[\"1\"],\"listClass\":[\"success\"],\"isDefault\":[\"Y\"],\"status\":[\"0\"],\"remark\":[\"\"]}', '{\r\n  \"msg\" : \"操作成功\",\r\n  \"code\" : 0\r\n}', 0, NULL, '2020-10-27 10:04:57');
INSERT INTO `sys_oper_log` VALUES (123, '角色管理', 1, 'com.ruoyi.web.controller.system.SysRoleController.addSave()', 'POST', 1, 'admin', '研发部门', '/system/role/add', '127.0.0.1', '内网IP', '{\"roleName\":[\"部门领导\"],\"roleKey\":[\"deptLeader\"],\"roleSort\":[\"3\"],\"status\":[\"0\"],\"remark\":[\"请假流程测试角色 -> 流程用户组\"],\"menuIds\":[\"\"]}', '{\r\n  \"msg\" : \"操作成功\",\r\n  \"code\" : 0\r\n}', 0, NULL, '2020-10-27 10:07:07');
INSERT INTO `sys_oper_log` VALUES (124, '角色管理', 1, 'com.ruoyi.web.controller.system.SysRoleController.addSave()', 'POST', 1, 'admin', '研发部门', '/system/role/add', '127.0.0.1', '内网IP', '{\"roleName\":[\"人事\"],\"roleKey\":[\"hr\"],\"roleSort\":[\"4\"],\"status\":[\"0\"],\"remark\":[\"请假流程测试角色 -> 流程用户组\"],\"menuIds\":[\"\"]}', '{\r\n  \"msg\" : \"操作成功\",\r\n  \"code\" : 0\r\n}', 0, NULL, '2020-10-27 10:07:29');
INSERT INTO `sys_oper_log` VALUES (125, '角色管理', 1, 'com.ruoyi.web.controller.system.SysRoleController.addSave()', 'POST', 1, 'admin', '研发部门', '/system/role/add', '127.0.0.1', '内网IP', '{\"roleName\":[\"流程角色\"],\"roleKey\":[\"processRole\"],\"roleSort\":[\"5\"],\"status\":[\"0\"],\"remark\":[\"\"],\"menuIds\":[\"\"]}', '{\r\n  \"msg\" : \"操作成功\",\r\n  \"code\" : 0\r\n}', 0, NULL, '2020-10-27 10:07:45');
INSERT INTO `sys_oper_log` VALUES (126, '角色管理', 1, 'com.ruoyi.web.controller.system.SysRoleController.addSave()', 'POST', 1, 'admin', '研发部门', '/system/role/add', '127.0.0.1', '内网IP', '{\"roleName\":[\"财务\"],\"roleKey\":[\"financial\"],\"roleSort\":[\"6\"],\"status\":[\"0\"],\"remark\":[\"\"],\"menuIds\":[\"\"]}', '{\r\n  \"msg\" : \"操作成功\",\r\n  \"code\" : 0\r\n}', 0, NULL, '2020-10-27 10:08:01');
INSERT INTO `sys_oper_log` VALUES (127, '角色管理', 1, 'com.ruoyi.web.controller.system.SysRoleController.addSave()', 'POST', 1, 'admin', '研发部门', '/system/role/add', '127.0.0.1', '内网IP', '{\"roleName\":[\"总经理\"],\"roleKey\":[\"generalManager\"],\"roleSort\":[\"7\"],\"status\":[\"0\"],\"remark\":[\"\"],\"menuIds\":[\"\"]}', '{\r\n  \"msg\" : \"操作成功\",\r\n  \"code\" : 0\r\n}', 0, NULL, '2020-10-27 10:08:14');
INSERT INTO `sys_oper_log` VALUES (128, '角色管理', 2, 'com.ruoyi.web.controller.system.SysRoleController.editSave()', 'POST', 1, 'admin', '研发部门', '/system/role/edit', '127.0.0.1', '内网IP', '{\"roleId\":[\"102\"],\"roleName\":[\"流程角色\"],\"roleKey\":[\"processRole\"],\"roleSort\":[\"5\"],\"status\":[\"0\"],\"remark\":[\"\"],\"menuIds\":[\"2005,2006,2007,2008,2009,2010,2011,2012,2013,2014,2015,2016,2017,2018,2019\"]}', '{\r\n  \"msg\" : \"操作成功\",\r\n  \"code\" : 0\r\n}', 0, NULL, '2020-10-27 10:09:47');
INSERT INTO `sys_oper_log` VALUES (129, '用户管理', 1, 'com.ruoyi.web.controller.system.SysUserController.addSave()', 'POST', 1, 'admin', '研发部门', '/system/user/add', '127.0.0.1', '内网IP', '{\"deptId\":[\"105\"],\"userName\":[\"chairman\"],\"deptName\":[\"测试部门\"],\"phonenumber\":[\"13111111119\"],\"email\":[\"119@qq.com\"],\"loginName\":[\"chairman\"],\"sex\":[\"0\"],\"role\":[\"102\"],\"remark\":[\"\"],\"status\":[\"0\"],\"roleIds\":[\"102\"],\"postIds\":[\"\"]}', '{\r\n  \"msg\" : \"操作成功\",\r\n  \"code\" : 0\r\n}', 0, NULL, '2020-10-27 10:11:13');
INSERT INTO `sys_oper_log` VALUES (130, '用户管理', 1, 'com.ruoyi.web.controller.system.SysUserController.addSave()', 'POST', 1, 'admin', '研发部门', '/system/user/add', '127.0.0.1', '内网IP', '{\"deptId\":[\"105\"],\"userName\":[\"zongjingli\"],\"deptName\":[\"测试部门\"],\"phonenumber\":[\"\"],\"email\":[\"\"],\"loginName\":[\"22\"],\"sex\":[\"0\"],\"role\":[\"102\",\"104\"],\"remark\":[\"\"],\"status\":[\"0\"],\"roleIds\":[\"102,104\"],\"postIds\":[\"\"]}', '{\r\n  \"msg\" : \"操作成功\",\r\n  \"code\" : 0\r\n}', 0, NULL, '2020-10-27 10:12:02');
INSERT INTO `sys_oper_log` VALUES (131, '用户管理', 1, 'com.ruoyi.web.controller.system.SysUserController.addSave()', 'POST', 1, 'admin', '研发部门', '/system/user/add', '127.0.0.1', '内网IP', '{\"deptId\":[\"105\"],\"userName\":[\"caiwu\"],\"deptName\":[\"测试部门\"],\"phonenumber\":[\"\"],\"email\":[\"\"],\"loginName\":[\"11\"],\"sex\":[\"0\"],\"role\":[\"102\",\"103\"],\"remark\":[\"\"],\"status\":[\"0\"],\"roleIds\":[\"102,103\"],\"postIds\":[\"\"]}', '{\r\n  \"msg\" : \"操作成功\",\r\n  \"code\" : 0\r\n}', 0, NULL, '2020-10-27 10:12:29');
INSERT INTO `sys_oper_log` VALUES (132, '用户管理', 1, 'com.ruoyi.web.controller.system.SysUserController.addSave()', 'POST', 1, 'admin', '研发部门', '/system/user/add', '127.0.0.1', '内网IP', '{\"deptId\":[\"105\"],\"userName\":[\"人事喵\"],\"deptName\":[\"测试部门\"],\"phonenumber\":[\"\"],\"email\":[\"\"],\"loginName\":[\"rensm\"],\"sex\":[\"0\"],\"role\":[\"102\",\"101\"],\"remark\":[\"\"],\"status\":[\"0\"],\"roleIds\":[\"102,101\"],\"postIds\":[\"\"]}', '{\r\n  \"msg\" : \"操作成功\",\r\n  \"code\" : 0\r\n}', 0, NULL, '2020-10-27 10:12:58');
INSERT INTO `sys_oper_log` VALUES (133, '用户管理', 1, 'com.ruoyi.web.controller.system.SysUserController.addSave()', 'POST', 1, 'admin', '研发部门', '/system/user/add', '127.0.0.1', '内网IP', '{\"deptId\":[\"105\"],\"userName\":[\"程序猿\"],\"deptName\":[\"测试部门\"],\"phonenumber\":[\"\"],\"email\":[\"\"],\"loginName\":[\"chengxy\"],\"sex\":[\"0\"],\"role\":[\"102\"],\"remark\":[\"\"],\"status\":[\"0\"],\"roleIds\":[\"102\"],\"postIds\":[\"\"]}', '{\r\n  \"msg\" : \"操作成功\",\r\n  \"code\" : 0\r\n}', 0, NULL, '2020-10-27 10:13:23');
INSERT INTO `sys_oper_log` VALUES (134, '用户管理', 1, 'com.ruoyi.web.controller.system.SysUserController.addSave()', 'POST', 1, 'admin', '研发部门', '/system/user/add', '127.0.0.1', '内网IP', '{\"deptId\":[\"105\"],\"userName\":[\"一只闲鹿\"],\"deptName\":[\"测试部门\"],\"phonenumber\":[\"\"],\"email\":[\"\"],\"loginName\":[\"axianlu\"],\"sex\":[\"0\"],\"role\":[\"102\",\"100\"],\"remark\":[\"\"],\"status\":[\"0\"],\"roleIds\":[\"102,100\"],\"postIds\":[\"\"]}', '{\r\n  \"msg\" : \"操作成功\",\r\n  \"code\" : 0\r\n}', 0, NULL, '2020-10-27 10:13:46');
INSERT INTO `sys_oper_log` VALUES (135, '流程定义', 1, 'com.ruoyi.activiti.controller.ProcessDefinitionController.upload()', 'POST', 1, 'admin', '研发部门', '/definition/upload', '127.0.0.1', '内网IP', NULL, '{\r\n  \"msg\" : \"filename : [leave.bpmn], extension : [bpmn], allowed extension : [[bmp, gif, jpg, jpeg, png, doc, docx, xls, xlsx, ppt, pptx, html, htm, txt, rar, zip, gz, bz2, mp4, avi, rmvb, pdf]]\",\r\n  \"code\" : 500\r\n}', 0, NULL, '2020-10-27 10:23:06');
INSERT INTO `sys_oper_log` VALUES (136, '流程定义', 1, 'com.ruoyi.activiti.controller.ProcessDefinitionController.upload()', 'POST', 1, 'admin', '研发部门', '/definition/upload', '127.0.0.1', '内网IP', NULL, '{\r\n  \"msg\" : \"filename : [leave.bpmn], extension : [bpmn], allowed extension : [[bmp, gif, jpg, jpeg, png, doc, docx, xls, xlsx, ppt, pptx, html, htm, txt, rar, zip, gz, bz2, mp4, avi, rmvb, pdf]]\",\r\n  \"code\" : 500\r\n}', 0, NULL, '2020-10-27 10:23:52');
INSERT INTO `sys_oper_log` VALUES (137, '流程定义', 1, 'com.ruoyi.activiti.controller.ProcessDefinitionController.upload()', 'POST', 1, 'admin', '研发部门', '/definition/upload', '127.0.0.1', '内网IP', NULL, '{\r\n  \"msg\" : \"操作成功\",\r\n  \"code\" : 0\r\n}', 0, NULL, '2020-10-27 10:25:40');
INSERT INTO `sys_oper_log` VALUES (138, '流程定义', 1, 'com.ruoyi.activiti.controller.ProcessDefinitionController.upload()', 'POST', 1, 'admin', '研发部门', '/definition/upload', '127.0.0.1', '内网IP', NULL, '{\r\n  \"msg\" : \"操作成功\",\r\n  \"code\" : 0\r\n}', 0, NULL, '2020-10-27 10:25:45');
INSERT INTO `sys_oper_log` VALUES (139, '请假业务', 1, 'com.ruoyi.activiti.controller.BizLeaveController.addSave()', 'POST', 1, 'chengxy', '测试部门', '/leave/add', '127.0.0.1', '内网IP', '{\"title\":[\"222\"],\"reason\":[\"333\"],\"startTime\":[\"2020-10-27 10:35\"],\"endTime\":[\"2020-10-28 10:30\"],\"totalTime\":[\"86100\"],\"totalTimeText\":[\"0 天 23 时 55 分 0 秒\"]}', '{\r\n  \"msg\" : \"操作成功\",\r\n  \"code\" : 0\r\n}', 0, NULL, '2020-10-27 10:26:15');
INSERT INTO `sys_oper_log` VALUES (140, '请假业务', 2, 'com.ruoyi.activiti.controller.BizLeaveController.submitApply()', 'POST', 1, 'chengxy', '测试部门', '/leave/submitApply', '127.0.0.1', '内网IP', '{\"id\":[\"1\"]}', '{\r\n  \"msg\" : \"操作成功\",\r\n  \"code\" : 0\r\n}', 0, NULL, '2020-10-27 10:26:18');
INSERT INTO `sys_oper_log` VALUES (141, '请假业务', 1, 'com.ruoyi.activiti.controller.BizLeaveController.addSave()', 'POST', 1, 'chengxy', '测试部门', '/leave/add', '127.0.0.1', '内网IP', '{\"title\":[\"111\"],\"reason\":[\"222\"],\"startTime\":[\"2020-10-27 13:25\"],\"endTime\":[\"2020-10-28 10:30\"],\"totalTime\":[\"75900\"],\"totalTimeText\":[\"0 天 21 时 5 分 0 秒\"]}', '{\r\n  \"msg\" : \"操作成功\",\r\n  \"code\" : 0\r\n}', 0, NULL, '2020-10-27 10:28:42');
INSERT INTO `sys_oper_log` VALUES (142, '请假业务', 2, 'com.ruoyi.activiti.controller.BizLeaveController.submitApply()', 'POST', 1, 'chengxy', '测试部门', '/leave/submitApply', '127.0.0.1', '内网IP', '{\"id\":[\"2\"]}', '{\r\n  \"msg\" : \"操作成功\",\r\n  \"code\" : 0\r\n}', 0, NULL, '2020-10-27 10:28:48');
INSERT INTO `sys_oper_log` VALUES (143, '请假业务', 1, 'com.ruoyi.activiti.controller.BizLeaveController.addSave()', 'POST', 1, 'chengxy', '测试部门', '/leave/add', '127.0.0.1', '内网IP', '{\"title\":[\"1111\"],\"reason\":[\"2222\"],\"startTime\":[\"2020-10-27 10:35\"],\"endTime\":[\"2020-10-27 10:55\"],\"totalTime\":[\"1200\"],\"totalTimeText\":[\"0 天 0 时 20 分 0 秒\"]}', '{\r\n  \"msg\" : \"操作成功\",\r\n  \"code\" : 0\r\n}', 0, NULL, '2020-10-27 10:30:52');
INSERT INTO `sys_oper_log` VALUES (144, '请假业务', 2, 'com.ruoyi.activiti.controller.BizLeaveController.submitApply()', 'POST', 1, 'chengxy', '测试部门', '/leave/submitApply', '127.0.0.1', '内网IP', '{\"id\":[\"3\"]}', '{\r\n  \"msg\" : \"操作成功\",\r\n  \"code\" : 0\r\n}', 0, NULL, '2020-10-27 10:30:56');

-- ----------------------------
-- Table structure for sys_post
-- ----------------------------
DROP TABLE IF EXISTS `sys_post`;
CREATE TABLE `sys_post`  (
  `post_id` bigint(20) NOT NULL AUTO_INCREMENT COMMENT '岗位ID',
  `post_code` varchar(64) CHARACTER SET utf8mb4 COLLATE utf8mb4_general_ci NOT NULL COMMENT '岗位编码',
  `post_name` varchar(50) CHARACTER SET utf8mb4 COLLATE utf8mb4_general_ci NOT NULL COMMENT '岗位名称',
  `post_sort` int(4) NOT NULL COMMENT '显示顺序',
  `status` char(1) CHARACTER SET utf8mb4 COLLATE utf8mb4_general_ci NOT NULL COMMENT '状态（0正常 1停用）',
  `create_by` varchar(64) CHARACTER SET utf8mb4 COLLATE utf8mb4_general_ci NULL DEFAULT '' COMMENT '创建者',
  `create_time` datetime(0) NULL DEFAULT NULL COMMENT '创建时间',
  `update_by` varchar(64) CHARACTER SET utf8mb4 COLLATE utf8mb4_general_ci NULL DEFAULT '' COMMENT '更新者',
  `update_time` datetime(0) NULL DEFAULT NULL COMMENT '更新时间',
  `remark` varchar(500) CHARACTER SET utf8mb4 COLLATE utf8mb4_general_ci NULL DEFAULT NULL COMMENT '备注',
  PRIMARY KEY (`post_id`) USING BTREE
) ENGINE = InnoDB AUTO_INCREMENT = 5 CHARACTER SET = utf8mb4 COLLATE = utf8mb4_general_ci COMMENT = '岗位信息表' ROW_FORMAT = Dynamic;

-- ----------------------------
-- Records of sys_post
-- ----------------------------
INSERT INTO `sys_post` VALUES (1, 'ceo', '董事长', 1, '0', 'admin', '2020-10-27 09:23:50', '', NULL, '');
INSERT INTO `sys_post` VALUES (2, 'se', '项目经理', 2, '0', 'admin', '2020-10-27 09:23:50', '', NULL, '');
INSERT INTO `sys_post` VALUES (3, 'hr', '人力资源', 3, '0', 'admin', '2020-10-27 09:23:50', '', NULL, '');
INSERT INTO `sys_post` VALUES (4, 'user', '普通员工', 4, '0', 'admin', '2020-10-27 09:23:50', '', NULL, '');

-- ----------------------------
-- Table structure for sys_role
-- ----------------------------
DROP TABLE IF EXISTS `sys_role`;
CREATE TABLE `sys_role`  (
  `role_id` bigint(20) NOT NULL AUTO_INCREMENT COMMENT '角色ID',
  `role_name` varchar(30) CHARACTER SET utf8mb4 COLLATE utf8mb4_general_ci NOT NULL COMMENT '角色名称',
  `role_key` varchar(100) CHARACTER SET utf8mb4 COLLATE utf8mb4_general_ci NOT NULL COMMENT '角色权限字符串',
  `role_sort` int(4) NOT NULL COMMENT '显示顺序',
  `data_scope` char(1) CHARACTER SET utf8mb4 COLLATE utf8mb4_general_ci NULL DEFAULT '1' COMMENT '数据范围（1：全部数据权限 2：自定数据权限 3：本部门数据权限 4：本部门及以下数据权限）',
  `status` char(1) CHARACTER SET utf8mb4 COLLATE utf8mb4_general_ci NOT NULL COMMENT '角色状态（0正常 1停用）',
  `del_flag` char(1) CHARACTER SET utf8mb4 COLLATE utf8mb4_general_ci NULL DEFAULT '0' COMMENT '删除标志（0代表存在 2代表删除）',
  `create_by` varchar(64) CHARACTER SET utf8mb4 COLLATE utf8mb4_general_ci NULL DEFAULT '' COMMENT '创建者',
  `create_time` datetime(0) NULL DEFAULT NULL COMMENT '创建时间',
  `update_by` varchar(64) CHARACTER SET utf8mb4 COLLATE utf8mb4_general_ci NULL DEFAULT '' COMMENT '更新者',
  `update_time` datetime(0) NULL DEFAULT NULL COMMENT '更新时间',
  `remark` varchar(500) CHARACTER SET utf8mb4 COLLATE utf8mb4_general_ci NULL DEFAULT NULL COMMENT '备注',
  PRIMARY KEY (`role_id`) USING BTREE
) ENGINE = InnoDB AUTO_INCREMENT = 105 CHARACTER SET = utf8mb4 COLLATE = utf8mb4_general_ci COMMENT = '角色信息表' ROW_FORMAT = Dynamic;

-- ----------------------------
-- Records of sys_role
-- ----------------------------
INSERT INTO `sys_role` VALUES (1, '超级管理员', 'admin', 1, '1', '0', '0', 'admin', '2020-10-27 09:23:50', '', NULL, '超级管理员');
INSERT INTO `sys_role` VALUES (2, '普通角色', 'common', 2, '2', '0', '0', 'admin', '2020-10-27 09:23:50', '', NULL, '普通角色');
INSERT INTO `sys_role` VALUES (100, '部门领导', 'deptLeader', 3, '1', '0', '0', 'admin', '2020-10-27 10:07:07', '', NULL, '请假流程测试角色 -&gt; 流程用户组');
INSERT INTO `sys_role` VALUES (101, '人事', 'hr', 4, '1', '0', '0', 'admin', '2020-10-27 10:07:29', '', NULL, '请假流程测试角色 -&gt; 流程用户组');
INSERT INTO `sys_role` VALUES (102, '流程角色', 'processRole', 5, '1', '0', '0', 'admin', '2020-10-27 10:07:45', 'admin', '2020-10-27 10:09:47', '');
INSERT INTO `sys_role` VALUES (103, '财务', 'financial', 6, '1', '0', '0', 'admin', '2020-10-27 10:08:01', '', NULL, NULL);
INSERT INTO `sys_role` VALUES (104, '总经理', 'generalManager', 7, '1', '0', '0', 'admin', '2020-10-27 10:08:14', '', NULL, NULL);

-- ----------------------------
-- Table structure for sys_role_dept
-- ----------------------------
DROP TABLE IF EXISTS `sys_role_dept`;
CREATE TABLE `sys_role_dept`  (
  `role_id` bigint(20) NOT NULL COMMENT '角色ID',
  `dept_id` bigint(20) NOT NULL COMMENT '部门ID',
  PRIMARY KEY (`role_id`, `dept_id`) USING BTREE
) ENGINE = InnoDB CHARACTER SET = utf8mb4 COLLATE = utf8mb4_general_ci COMMENT = '角色和部门关联表' ROW_FORMAT = Dynamic;

-- ----------------------------
-- Records of sys_role_dept
-- ----------------------------
INSERT INTO `sys_role_dept` VALUES (2, 100);
INSERT INTO `sys_role_dept` VALUES (2, 101);
INSERT INTO `sys_role_dept` VALUES (2, 105);

-- ----------------------------
-- Table structure for sys_role_menu
-- ----------------------------
DROP TABLE IF EXISTS `sys_role_menu`;
CREATE TABLE `sys_role_menu`  (
  `role_id` bigint(20) NOT NULL COMMENT '角色ID',
  `menu_id` bigint(20) NOT NULL COMMENT '菜单ID',
  PRIMARY KEY (`role_id`, `menu_id`) USING BTREE
) ENGINE = InnoDB CHARACTER SET = utf8mb4 COLLATE = utf8mb4_general_ci COMMENT = '角色和菜单关联表' ROW_FORMAT = Dynamic;

-- ----------------------------
-- Records of sys_role_menu
-- ----------------------------
INSERT INTO `sys_role_menu` VALUES (2, 1);
INSERT INTO `sys_role_menu` VALUES (2, 2);
INSERT INTO `sys_role_menu` VALUES (2, 3);
INSERT INTO `sys_role_menu` VALUES (2, 4);
INSERT INTO `sys_role_menu` VALUES (2, 100);
INSERT INTO `sys_role_menu` VALUES (2, 101);
INSERT INTO `sys_role_menu` VALUES (2, 102);
INSERT INTO `sys_role_menu` VALUES (2, 103);
INSERT INTO `sys_role_menu` VALUES (2, 104);
INSERT INTO `sys_role_menu` VALUES (2, 105);
INSERT INTO `sys_role_menu` VALUES (2, 106);
INSERT INTO `sys_role_menu` VALUES (2, 107);
INSERT INTO `sys_role_menu` VALUES (2, 108);
INSERT INTO `sys_role_menu` VALUES (2, 109);
INSERT INTO `sys_role_menu` VALUES (2, 110);
INSERT INTO `sys_role_menu` VALUES (2, 111);
INSERT INTO `sys_role_menu` VALUES (2, 112);
INSERT INTO `sys_role_menu` VALUES (2, 113);
INSERT INTO `sys_role_menu` VALUES (2, 114);
INSERT INTO `sys_role_menu` VALUES (2, 115);
INSERT INTO `sys_role_menu` VALUES (2, 500);
INSERT INTO `sys_role_menu` VALUES (2, 501);
INSERT INTO `sys_role_menu` VALUES (2, 1000);
INSERT INTO `sys_role_menu` VALUES (2, 1001);
INSERT INTO `sys_role_menu` VALUES (2, 1002);
INSERT INTO `sys_role_menu` VALUES (2, 1003);
INSERT INTO `sys_role_menu` VALUES (2, 1004);
INSERT INTO `sys_role_menu` VALUES (2, 1005);
INSERT INTO `sys_role_menu` VALUES (2, 1006);
INSERT INTO `sys_role_menu` VALUES (2, 1007);
INSERT INTO `sys_role_menu` VALUES (2, 1008);
INSERT INTO `sys_role_menu` VALUES (2, 1009);
INSERT INTO `sys_role_menu` VALUES (2, 1010);
INSERT INTO `sys_role_menu` VALUES (2, 1011);
INSERT INTO `sys_role_menu` VALUES (2, 1012);
INSERT INTO `sys_role_menu` VALUES (2, 1013);
INSERT INTO `sys_role_menu` VALUES (2, 1014);
INSERT INTO `sys_role_menu` VALUES (2, 1015);
INSERT INTO `sys_role_menu` VALUES (2, 1016);
INSERT INTO `sys_role_menu` VALUES (2, 1017);
INSERT INTO `sys_role_menu` VALUES (2, 1018);
INSERT INTO `sys_role_menu` VALUES (2, 1019);
INSERT INTO `sys_role_menu` VALUES (2, 1020);
INSERT INTO `sys_role_menu` VALUES (2, 1021);
INSERT INTO `sys_role_menu` VALUES (2, 1022);
INSERT INTO `sys_role_menu` VALUES (2, 1023);
INSERT INTO `sys_role_menu` VALUES (2, 1024);
INSERT INTO `sys_role_menu` VALUES (2, 1025);
INSERT INTO `sys_role_menu` VALUES (2, 1026);
INSERT INTO `sys_role_menu` VALUES (2, 1027);
INSERT INTO `sys_role_menu` VALUES (2, 1028);
INSERT INTO `sys_role_menu` VALUES (2, 1029);
INSERT INTO `sys_role_menu` VALUES (2, 1030);
INSERT INTO `sys_role_menu` VALUES (2, 1031);
INSERT INTO `sys_role_menu` VALUES (2, 1032);
INSERT INTO `sys_role_menu` VALUES (2, 1033);
INSERT INTO `sys_role_menu` VALUES (2, 1034);
INSERT INTO `sys_role_menu` VALUES (2, 1035);
INSERT INTO `sys_role_menu` VALUES (2, 1036);
INSERT INTO `sys_role_menu` VALUES (2, 1037);
INSERT INTO `sys_role_menu` VALUES (2, 1038);
INSERT INTO `sys_role_menu` VALUES (2, 1039);
INSERT INTO `sys_role_menu` VALUES (2, 1040);
INSERT INTO `sys_role_menu` VALUES (2, 1041);
INSERT INTO `sys_role_menu` VALUES (2, 1042);
INSERT INTO `sys_role_menu` VALUES (2, 1043);
INSERT INTO `sys_role_menu` VALUES (2, 1044);
INSERT INTO `sys_role_menu` VALUES (2, 1045);
INSERT INTO `sys_role_menu` VALUES (2, 1046);
INSERT INTO `sys_role_menu` VALUES (2, 1047);
INSERT INTO `sys_role_menu` VALUES (2, 1048);
INSERT INTO `sys_role_menu` VALUES (2, 1049);
INSERT INTO `sys_role_menu` VALUES (2, 1050);
INSERT INTO `sys_role_menu` VALUES (2, 1051);
INSERT INTO `sys_role_menu` VALUES (2, 1052);
INSERT INTO `sys_role_menu` VALUES (2, 1053);
INSERT INTO `sys_role_menu` VALUES (2, 1054);
INSERT INTO `sys_role_menu` VALUES (2, 1055);
INSERT INTO `sys_role_menu` VALUES (2, 1056);
INSERT INTO `sys_role_menu` VALUES (2, 1057);
INSERT INTO `sys_role_menu` VALUES (2, 1058);
INSERT INTO `sys_role_menu` VALUES (2, 1059);
INSERT INTO `sys_role_menu` VALUES (2, 1060);
INSERT INTO `sys_role_menu` VALUES (2, 1061);
INSERT INTO `sys_role_menu` VALUES (2, 1062);
INSERT INTO `sys_role_menu` VALUES (2, 1063);
INSERT INTO `sys_role_menu` VALUES (2, 1064);
INSERT INTO `sys_role_menu` VALUES (2, 1065);
INSERT INTO `sys_role_menu` VALUES (2, 1066);
INSERT INTO `sys_role_menu` VALUES (2, 1067);
INSERT INTO `sys_role_menu` VALUES (2, 1068);
INSERT INTO `sys_role_menu` VALUES (2, 1069);
INSERT INTO `sys_role_menu` VALUES (2, 1070);
INSERT INTO `sys_role_menu` VALUES (2, 1071);
INSERT INTO `sys_role_menu` VALUES (2, 1072);
INSERT INTO `sys_role_menu` VALUES (102, 2005);
INSERT INTO `sys_role_menu` VALUES (102, 2006);
INSERT INTO `sys_role_menu` VALUES (102, 2007);
INSERT INTO `sys_role_menu` VALUES (102, 2008);
INSERT INTO `sys_role_menu` VALUES (102, 2009);
INSERT INTO `sys_role_menu` VALUES (102, 2010);
INSERT INTO `sys_role_menu` VALUES (102, 2011);
INSERT INTO `sys_role_menu` VALUES (102, 2012);
INSERT INTO `sys_role_menu` VALUES (102, 2013);
INSERT INTO `sys_role_menu` VALUES (102, 2014);
INSERT INTO `sys_role_menu` VALUES (102, 2015);
INSERT INTO `sys_role_menu` VALUES (102, 2016);
INSERT INTO `sys_role_menu` VALUES (102, 2017);
INSERT INTO `sys_role_menu` VALUES (102, 2018);
INSERT INTO `sys_role_menu` VALUES (102, 2019);

-- ----------------------------
-- Table structure for sys_user
-- ----------------------------
DROP TABLE IF EXISTS `sys_user`;
CREATE TABLE `sys_user`  (
  `user_id` bigint(20) NOT NULL AUTO_INCREMENT COMMENT '用户ID',
  `dept_id` bigint(20) NULL DEFAULT NULL COMMENT '部门ID',
  `login_name` varchar(30) CHARACTER SET utf8mb4 COLLATE utf8mb4_general_ci NOT NULL COMMENT '登录账号',
  `user_name` varchar(30) CHARACTER SET utf8mb4 COLLATE utf8mb4_general_ci NULL DEFAULT '' COMMENT '用户昵称',
  `user_type` varchar(2) CHARACTER SET utf8mb4 COLLATE utf8mb4_general_ci NULL DEFAULT '00' COMMENT '用户类型（00系统用户 01注册用户）',
  `email` varchar(50) CHARACTER SET utf8mb4 COLLATE utf8mb4_general_ci NULL DEFAULT '' COMMENT '用户邮箱',
  `phonenumber` varchar(11) CHARACTER SET utf8mb4 COLLATE utf8mb4_general_ci NULL DEFAULT '' COMMENT '手机号码',
  `sex` char(1) CHARACTER SET utf8mb4 COLLATE utf8mb4_general_ci NULL DEFAULT '0' COMMENT '用户性别（0男 1女 2未知）',
  `avatar` varchar(100) CHARACTER SET utf8mb4 COLLATE utf8mb4_general_ci NULL DEFAULT '' COMMENT '头像路径',
  `password` varchar(50) CHARACTER SET utf8mb4 COLLATE utf8mb4_general_ci NULL DEFAULT '' COMMENT '密码',
  `salt` varchar(20) CHARACTER SET utf8mb4 COLLATE utf8mb4_general_ci NULL DEFAULT '' COMMENT '盐加密',
  `status` char(1) CHARACTER SET utf8mb4 COLLATE utf8mb4_general_ci NULL DEFAULT '0' COMMENT '帐号状态（0正常 1停用）',
  `del_flag` char(1) CHARACTER SET utf8mb4 COLLATE utf8mb4_general_ci NULL DEFAULT '0' COMMENT '删除标志（0代表存在 2代表删除）',
  `login_ip` varchar(50) CHARACTER SET utf8mb4 COLLATE utf8mb4_general_ci NULL DEFAULT '' COMMENT '最后登录IP',
  `login_date` datetime(0) NULL DEFAULT NULL COMMENT '最后登录时间',
  `pwd_update_date` datetime(0) NULL DEFAULT NULL COMMENT '密码最后更新时间',
  `create_by` varchar(64) CHARACTER SET utf8mb4 COLLATE utf8mb4_general_ci NULL DEFAULT '' COMMENT '创建者',
  `create_time` datetime(0) NULL DEFAULT NULL COMMENT '创建时间',
  `update_by` varchar(64) CHARACTER SET utf8mb4 COLLATE utf8mb4_general_ci NULL DEFAULT '' COMMENT '更新者',
  `update_time` datetime(0) NULL DEFAULT NULL COMMENT '更新时间',
  `remark` varchar(500) CHARACTER SET utf8mb4 COLLATE utf8mb4_general_ci NULL DEFAULT NULL COMMENT '备注',
  PRIMARY KEY (`user_id`) USING BTREE
) ENGINE = InnoDB AUTO_INCREMENT = 106 CHARACTER SET = utf8mb4 COLLATE = utf8mb4_general_ci COMMENT = '用户信息表' ROW_FORMAT = Dynamic;

-- ----------------------------
-- Records of sys_user
-- ----------------------------
INSERT INTO `sys_user` VALUES (1, 103, 'admin', '若依', '00', 'ry@163.com', '15888888888', '1', '', '29c67a30398638269fe600f73a054934', '111111', '0', '0', '127.0.0.1', '2020-10-29 09:54:12', '2020-10-27 09:23:50', 'admin', '2020-10-27 09:23:50', '', '2020-10-29 09:54:12', '管理员');
INSERT INTO `sys_user` VALUES (2, 105, 'ry', '若依', '00', 'ry@qq.com', '15666666666', '1', '', '8e6d98b90472783cc73c17047ddccf36', '222222', '0', '0', '127.0.0.1', '2020-10-27 09:23:50', '2020-10-27 09:23:50', 'admin', '2020-10-27 09:23:50', '', NULL, '测试员');
INSERT INTO `sys_user` VALUES (100, 105, 'chairman', 'chairman', '00', '119@qq.com', '13111111119', '0', '', 'd26f51a3f29c2c047fa2215ab049dc21', 'b50131', '0', '0', '', NULL, NULL, 'admin', '2020-10-27 10:11:13', '', NULL, NULL);
INSERT INTO `sys_user` VALUES (101, 105, '22', 'zongjingli', '00', '', '', '0', '', '5a96169762b118d92a8ea68d5f89afa7', 'd3bfa8', '0', '0', '', NULL, NULL, 'admin', '2020-10-27 10:12:02', '', NULL, NULL);
INSERT INTO `sys_user` VALUES (102, 105, '11', 'caiwu', '00', '', '', '0', '', 'd5a82941c7890876fa021d83de3db3cc', '9df225', '0', '0', '', NULL, NULL, 'admin', '2020-10-27 10:12:29', '', NULL, NULL);
INSERT INTO `sys_user` VALUES (103, 105, 'rensm', '人事喵', '00', '', '', '0', '', 'b8f28535a53cbf5bb7efa5335287ac96', '8c2bb3', '0', '0', '127.0.0.1', '2020-10-27 10:27:03', NULL, 'admin', '2020-10-27 10:12:58', '', '2020-10-27 10:27:02', NULL);
INSERT INTO `sys_user` VALUES (104, 105, 'chengxy', '程序猿', '00', '', '', '0', '', 'ea0f94130981b899455523a7eec845ad', '72c291', '0', '0', '127.0.0.1', '2020-10-27 10:31:25', NULL, 'admin', '2020-10-27 10:13:23', '', '2020-10-27 10:31:25', NULL);
INSERT INTO `sys_user` VALUES (105, 105, 'axianlu', '一只闲鹿', '00', '', '', '0', '', 'b78fb151cd51260b102485d7b807d6bf', '96907e', '0', '0', '127.0.0.1', '2020-10-27 10:31:53', NULL, 'admin', '2020-10-27 10:13:46', '', '2020-10-27 10:31:53', NULL);

-- ----------------------------
-- Table structure for sys_user_online
-- ----------------------------
DROP TABLE IF EXISTS `sys_user_online`;
CREATE TABLE `sys_user_online`  (
  `sessionId` varchar(50) CHARACTER SET utf8mb4 COLLATE utf8mb4_general_ci NOT NULL DEFAULT '' COMMENT '用户会话id',
  `login_name` varchar(50) CHARACTER SET utf8mb4 COLLATE utf8mb4_general_ci NULL DEFAULT '' COMMENT '登录账号',
  `dept_name` varchar(50) CHARACTER SET utf8mb4 COLLATE utf8mb4_general_ci NULL DEFAULT '' COMMENT '部门名称',
  `ipaddr` varchar(50) CHARACTER SET utf8mb4 COLLATE utf8mb4_general_ci NULL DEFAULT '' COMMENT '登录IP地址',
  `login_location` varchar(255) CHARACTER SET utf8mb4 COLLATE utf8mb4_general_ci NULL DEFAULT '' COMMENT '登录地点',
  `browser` varchar(50) CHARACTER SET utf8mb4 COLLATE utf8mb4_general_ci NULL DEFAULT '' COMMENT '浏览器类型',
  `os` varchar(50) CHARACTER SET utf8mb4 COLLATE utf8mb4_general_ci NULL DEFAULT '' COMMENT '操作系统',
  `status` varchar(10) CHARACTER SET utf8mb4 COLLATE utf8mb4_general_ci NULL DEFAULT '' COMMENT '在线状态on_line在线off_line离线',
  `start_timestamp` datetime(0) NULL DEFAULT NULL COMMENT 'session创建时间',
  `last_access_time` datetime(0) NULL DEFAULT NULL COMMENT 'session最后访问时间',
  `expire_time` int(5) NULL DEFAULT 0 COMMENT '超时时间，单位为分钟',
  PRIMARY KEY (`sessionId`) USING BTREE
) ENGINE = InnoDB CHARACTER SET = utf8mb4 COLLATE = utf8mb4_general_ci COMMENT = '在线用户记录' ROW_FORMAT = Dynamic;

-- ----------------------------
-- Records of sys_user_online
-- ----------------------------

-- ----------------------------
-- Table structure for sys_user_post
-- ----------------------------
DROP TABLE IF EXISTS `sys_user_post`;
CREATE TABLE `sys_user_post`  (
  `user_id` bigint(20) NOT NULL COMMENT '用户ID',
  `post_id` bigint(20) NOT NULL COMMENT '岗位ID',
  PRIMARY KEY (`user_id`, `post_id`) USING BTREE
) ENGINE = InnoDB CHARACTER SET = utf8mb4 COLLATE = utf8mb4_general_ci COMMENT = '用户与岗位关联表' ROW_FORMAT = Dynamic;

-- ----------------------------
-- Records of sys_user_post
-- ----------------------------
INSERT INTO `sys_user_post` VALUES (1, 1);
INSERT INTO `sys_user_post` VALUES (2, 2);

-- ----------------------------
-- Table structure for sys_user_role
-- ----------------------------
DROP TABLE IF EXISTS `sys_user_role`;
CREATE TABLE `sys_user_role`  (
  `user_id` bigint(20) NOT NULL COMMENT '用户ID',
  `role_id` bigint(20) NOT NULL COMMENT '角色ID',
  PRIMARY KEY (`user_id`, `role_id`) USING BTREE
) ENGINE = InnoDB CHARACTER SET = utf8mb4 COLLATE = utf8mb4_general_ci COMMENT = '用户和角色关联表' ROW_FORMAT = Dynamic;

-- ----------------------------
-- Records of sys_user_role
-- ----------------------------
INSERT INTO `sys_user_role` VALUES (1, 1);
INSERT INTO `sys_user_role` VALUES (2, 2);
INSERT INTO `sys_user_role` VALUES (100, 102);
INSERT INTO `sys_user_role` VALUES (101, 102);
INSERT INTO `sys_user_role` VALUES (101, 104);
INSERT INTO `sys_user_role` VALUES (102, 102);
INSERT INTO `sys_user_role` VALUES (102, 103);
INSERT INTO `sys_user_role` VALUES (103, 101);
INSERT INTO `sys_user_role` VALUES (103, 102);
INSERT INTO `sys_user_role` VALUES (104, 102);
INSERT INTO `sys_user_role` VALUES (105, 100);
INSERT INTO `sys_user_role` VALUES (105, 102);

-- ----------------------------
-- View structure for act_id_group
-- ----------------------------
DROP VIEW IF EXISTS `act_id_group`;
CREATE ALGORITHM = UNDEFINED SQL SECURITY DEFINER VIEW `act_id_group` AS select `r`.`role_key` AS `ID_`,NULL AS `REV_`,`r`.`role_name` AS `NAME_`,'assignment' AS `TYPE_` from `sys_role` `r`;

-- ----------------------------
-- View structure for act_id_membership
-- ----------------------------
DROP VIEW IF EXISTS `act_id_membership`;
CREATE ALGORITHM = UNDEFINED SQL SECURITY DEFINER VIEW `act_id_membership` AS select (select `u`.`login_name` from `sys_user` `u` where (`u`.`user_id` = `ur`.`user_id`)) AS `USER_ID_`,(select `r`.`role_key` from `sys_role` `r` where (`r`.`role_id` = `ur`.`role_id`)) AS `GROUP_ID_` from `sys_user_role` `ur`;

-- ----------------------------
-- View structure for act_id_user
-- ----------------------------
DROP VIEW IF EXISTS `act_id_user`;
CREATE ALGORITHM = UNDEFINED SQL SECURITY DEFINER VIEW `act_id_user` AS select `u`.`login_name` AS `ID_`,0 AS `REV_`,`u`.`user_name` AS `FIRST_`,'' AS `LAST_`,`u`.`email` AS `EMAIL_`,`u`.`password` AS `PWD_`,'' AS `PICTURE_ID_` from `sys_user` `u`;

SET FOREIGN_KEY_CHECKS = 1;
